Unity Editor version:    6000.2.7f2 (2b518236b676)
Branch:                  6000.2/respin/6000.2.7f1-2eb0c79396db
Build type:              Release
Batch mode:              YES
macOS version:           Version 26.1 (Build 25B78)
Darwin version:          25.1.0
Architecture:            arm64
Running under Rosetta:   NO
Available memory:        16384 MB
Date:                    2026-01-22T11:26:37Z
[Licensing::Module] Trying to connect to existing licensing client channel...
[Licensing::IpcConnector] Successfully connected to: "LicenseClient-ahmedfarukkaynar" at "2026-01-22T11:26:37.911575Z"

COMMAND LINE ARGUMENTS:
/Applications/Unity/Hub/Editor/6000.2.7f2/Unity.app/Contents/MacOS/Unity
-adb2
-batchMode
-noUpm
-name
AssetImportWorker4
-projectPath
/Users/ahmedfarukkaynar/Desktop/Unıtyproject/space wars
-logFile
Logs/AssetImportWorker4.log
-srvPort
49196
-licensingIpc
LicenseClient-ahmedfarukkaynar
-job-worker-count
5
-background-job-worker-count
8
-gc-helper-count
1
-name AssetImport
Successfully changed project path to: /Users/ahmedfarukkaynar/Desktop/Unıtyproject/space wars
/Users/ahmedfarukkaynar/Desktop/Unıtyproject/space wars
[UnityMemory] Configuration Parameters - Can be set up in boot.config
    "memorysetup-allocator-temp-initial-block-size-main=262144"
    "memorysetup-allocator-temp-initial-block-size-worker=262144"
    "memorysetup-bucket-allocator-granularity=16"
    "memorysetup-bucket-allocator-bucket-count=8"
    "memorysetup-bucket-allocator-block-size=33554432"
    "memorysetup-bucket-allocator-block-count=8"
    "memorysetup-main-allocator-block-size=16777216"
    "memorysetup-thread-allocator-block-size=16777216"
    "memorysetup-gfx-main-allocator-block-size=16777216"
    "memorysetup-gfx-thread-allocator-block-size=16777216"
    "memorysetup-cache-allocator-block-size=4194304"
    "memorysetup-typetree-allocator-block-size=2097152"
    "memorysetup-profiler-bucket-allocator-granularity=16"
    "memorysetup-profiler-bucket-allocator-bucket-count=8"
    "memorysetup-profiler-bucket-allocator-block-size=33554432"
    "memorysetup-profiler-bucket-allocator-block-count=8"
    "memorysetup-profiler-allocator-block-size=16777216"
    "memorysetup-profiler-editor-allocator-block-size=1048576"
    "memorysetup-temp-allocator-size-main=16777216"
    "memorysetup-job-temp-allocator-block-size=2097152"
    "memorysetup-job-temp-allocator-block-size-background=1048576"
    "memorysetup-job-temp-allocator-reduction-small-platforms=262144"
    "memorysetup-temp-allocator-size-background-worker=32768"
    "memorysetup-temp-allocator-size-job-worker=262144"
    "memorysetup-temp-allocator-size-preload-manager=33554432"
    "memorysetup-temp-allocator-size-nav-mesh-worker=65536"
    "memorysetup-temp-allocator-size-audio-worker=65536"
    "memorysetup-temp-allocator-size-cloud-worker=32768"
    "memorysetup-temp-allocator-size-gi-baking-worker=262144"
    "memorysetup-temp-allocator-size-gi-baking-worker=262144"
    "memorysetup-temp-allocator-size-gi-baking-worker=262144"
    "memorysetup-temp-allocator-size-gi-baking-worker=262144"
    "memorysetup-temp-allocator-size-gi-baking-worker=262144"
    "memorysetup-temp-allocator-size-gfx=262144"
Player connection [8498667648]  Target information:

Player connection [8498667648]  * "[IP] 192.168.1.106 [Port] 0 [Flags] 2 [Guid] 3468128578 [EditorId] 3468128578 [Version] 1048832 [Id] OSXEditor(0,Mac.hgw.local) [Debug] 1 [PackageName] OSXEditor [ProjectName] Editor" 

Player connection [8498667648] Host joined multi-casting on [225.0.0.222:54997]...
Player connection [8498667648] Host joined alternative multi-casting on [225.0.0.222:34997]...
JobSystem: Creating JobQueue using job-worker-count value 5
Input System module state changed to: Initialized.
[Physics::Module] Initialized fallback backend.
[Physics::Module] Id: 0xdecafbad
Library Redirect Path: Library/
[Physics::Module] Selected backend.
[Physics::Module] Name: PhysX
[Physics::Module] Id: 0xf2b8ea05
[Physics::Module] SDK Version: 4.1.2
[Physics::Module] Integration Version: 1.0.0
[Physics::Module] Threading Mode: Multi-Threaded
Refreshing native plugins compatible for Editor in 4.50 ms, found 3 plugins.
Preloading 0 native plugins for Editor in 0.00 ms.
Initialize engine version: 6000.2.7f2 (2b518236b676)
[Subsystems] Discovering subsystems at path /Applications/Unity/Hub/Editor/6000.2.7f2/Unity.app/Contents/Resources/UnitySubsystems
[Subsystems] Discovering subsystems at path /Users/ahmedfarukkaynar/Desktop/Unıtyproject/space wars/Assets
GfxDevice: creating device client; kGfxThreadingModeNonThreaded
 preferred device: Apple M2 Pro (high power)
Metal devices available: 1
0: Apple M2 Pro (high power)
Using device Apple M2 Pro (high power)
Initializing Metal device caps: Apple M2 Pro
Mac GPU Family: 2
Apple GPU Family: 8
MSL Version: 3.0
Has Float MSAA: 1
Has Float Filtering: 1
ReadWrite Texture Tier: 2
[Licensing::Client] Code 10 while verifying Licensing Client signature (process Id: 1373, path: "/Applications/Unity Hub.app/Contents/Frameworks/UnityLicensingClient_V1.app/Contents/MacOS/Unity.Licensing.Client")
[Licensing::Module] LicensingClient has failed validation; ignoring
[Licensing::Client] Handshaking with LicensingClient:
  Version:                 1.17.4+4293ba1
  Session Id:              907bb83baa4e47b49374dd9cf4a2c840
  Correlation Id:          671ac9c40150bbebbe585196ef611e17
  External correlation Id: 6872961161941810383
  Machine Id:              yjKNtyzvPjuCHZcsagFkEf4z7BE=
[Licensing::Module] Successfully connected to LicensingClient on channel: "LicenseClient-ahmedfarukkaynar" (connect: 0.00s, validation: 0.00s, handshake: 0.34s)
[Licensing::IpcConnector] Successfully connected to: "LicenseClient-ahmedfarukkaynar-notifications" at "2026-01-22T11:26:38.248326Z"
[Licensing::Module] Licensing Background thread has ended after 0.34s
Initialize mono
Mono path[0] = '/Applications/Unity/Hub/Editor/6000.2.7f2/Unity.app/Contents/Managed'
Mono path[1] = '/Applications/Unity/Hub/Editor/6000.2.7f2/Unity.app/Contents/MonoBleedingEdge/lib/mono/unityjit-macos'
Mono config path = '/Applications/Unity/Hub/Editor/6000.2.7f2/Unity.app/Contents/MonoBleedingEdge/etc'
Using monoOptions --debugger-agent=transport=dt_socket,embedding=1,server=y,suspend=n,address=127.0.0.1:56003
Begin MonoManager ReloadAssembly
Registering precompiled unity dll's ...
Register platform support module: /Applications/Unity/Hub/Editor/6000.2.7f2/PlaybackEngines/WebGLSupport/UnityEditor.WebGL.Extensions.dll
Register platform support module: /Applications/Unity/Hub/Editor/6000.2.7f2/Unity.app/Contents/PlaybackEngines/MacStandaloneSupport/UnityEditor.OSXStandalone.Extensions.dll
Registered in 0.003354 seconds.
- Loaded All Assemblies, in  0.270 seconds
Native extension for OSXStandalone target not found
Native extension for WebGL target not found
Mono: successfully reloaded assembly
- Finished resetting the current domain, in  0.219 seconds
Domain Reload Profiling: 489ms
	BeginReloadAssembly (103ms)
		ExecutionOrderSort (0ms)
		DisableScriptedObjects (0ms)
		BackupInstance (0ms)
		ReleaseScriptingObjects (0ms)
		CreateAndSetChildDomain (0ms)
	RebuildCommonClasses (24ms)
	RebuildNativeTypeToScriptingClass (9ms)
	initialDomainReloadingComplete (30ms)
	LoadAllAssembliesAndSetupDomain (104ms)
		LoadAssemblies (103ms)
		RebuildTransferFunctionScriptingTraits (0ms)
		AnalyzeDomain (102ms)
			TypeCache.Refresh (101ms)
				TypeCache.ScanAssembly (92ms)
			BuildScriptInfoCaches (0ms)
			ResolveRequiredComponents (0ms)
	FinalizeReload (219ms)
		ReleaseScriptCaches (0ms)
		RebuildScriptCaches (0ms)
		SetupLoadedEditorAssemblies (189ms)
			LogAssemblyErrors (0ms)
			InitializePlatformSupportModulesInManaged (33ms)
			SetLoadedEditorAssemblies (3ms)
			BeforeProcessingInitializeOnLoad (43ms)
			ProcessInitializeOnLoadAttributes (77ms)
			ProcessInitializeOnLoadMethodAttributes (34ms)
			AfterProcessingInitializeOnLoad (0ms)
			EditorAssembliesLoaded (0ms)
		ExecutionOrderSort2 (0ms)
		AwakeInstancesAfterBackupRestoration (0ms)
========================================================================
Worker process is ready to serve import requests
Import Worker Mode flag is 0x00
Begin MonoManager ReloadAssembly
[Licensing::Client] Successfully resolved entitlement details
[Licensing::Module] License group:
  Id: 18968339009536-UnityPersXXXX
  Product: Unity Personal
  Type: Assigned
  Expiration: Unlimited
- Loaded All Assemblies, in  0.500 seconds
Refreshing native plugins compatible for Editor in 0.42 ms, found 3 plugins.
Native extension for OSXStandalone target not found
Native extension for WebGL target not found
Package Manager log level set to [2]
[Package Manager] Failed to launch server process. Reason: Unity was launched with the -noUpm command-line argument
[Package Manager] Unable to send message (not connected to server process).
[Package Manager] Cannot connect to Unity Package Manager local server
Mono: successfully reloaded assembly
- Finished resetting the current domain, in  0.543 seconds
Domain Reload Profiling: 1043ms
	BeginReloadAssembly (91ms)
		ExecutionOrderSort (0ms)
		DisableScriptedObjects (3ms)
		BackupInstance (0ms)
		ReleaseScriptingObjects (0ms)
		CreateAndSetChildDomain (16ms)
	RebuildCommonClasses (25ms)
	RebuildNativeTypeToScriptingClass (9ms)
	initialDomainReloadingComplete (21ms)
	LoadAllAssembliesAndSetupDomain (354ms)
		LoadAssemblies (220ms)
		RebuildTransferFunctionScriptingTraits (0ms)
		AnalyzeDomain (176ms)
			TypeCache.Refresh (132ms)
				TypeCache.ScanAssembly (118ms)
			BuildScriptInfoCaches (34ms)
			ResolveRequiredComponents (7ms)
	FinalizeReload (543ms)
		ReleaseScriptCaches (0ms)
		RebuildScriptCaches (0ms)
		SetupLoadedEditorAssemblies (463ms)
			LogAssemblyErrors (0ms)
			InitializePlatformSupportModulesInManaged (1ms)
			SetLoadedEditorAssemblies (3ms)
			BeforeProcessingInitializeOnLoad (86ms)
			ProcessInitializeOnLoadAttributes (307ms)
			ProcessInitializeOnLoadMethodAttributes (64ms)
			AfterProcessingInitializeOnLoad (1ms)
			EditorAssembliesLoaded (0ms)
		ExecutionOrderSort2 (0ms)
		AwakeInstancesAfterBackupRestoration (2ms)
WARNING: Shader Unsupported: 'Universal Render Pipeline/VR/SpatialMapping/Wireframe' - All subshaders removed
WARNING: Shader Did you use #pragma only_renderers and omit this platform?
WARNING: Shader If subshaders removal was intentional, you may have forgotten turning Fallback off?
WARNING: Shader Unsupported: 'Universal Render Pipeline/VR/SpatialMapping/Wireframe' - All subshaders removed
WARNING: Shader Did you use #pragma only_renderers and omit this platform?
WARNING: Shader If subshaders removal was intentional, you may have forgotten turning Fallback off?
Launching external process: /Applications/Unity/Hub/Editor/6000.2.7f2/Unity.app/Contents/Tools/UnityShaderCompiler
Launched and connected shader compiler UnityShaderCompiler after 0.03 seconds
Refreshing native plugins compatible for Editor in 0.45 ms, found 3 plugins.
Preloading 0 native plugins for Editor in 0.00 ms.
Unloading 27 Unused Serialized files (Serialized files now loaded: 0)
Unloading 6921 unused Assets / (7.0 MB). Loaded Objects now: 7664.
Memory consumption went from 148.5 MB to 141.5 MB.
Total: 7.038042 ms (FindLiveObjects: 0.424166 ms CreateObjectMapping: 0.228792 ms MarkObjects: 4.658208 ms  DeleteObjects: 1.726667 ms)

========================================================================
Received Import Request.
  Time since last request: 19077.035872 seconds.
  path: Assets/SlimUI/Modern Menu 1/Scripts/ThemeEditor
  artifactKey: Guid(25d96d07180452a4ab11ea4825652236) Importer(815301076,1909f56bfc062723c751e8b465ee728b)
Start importing Assets/SlimUI/Modern Menu 1/Scripts/ThemeEditor using Guid(25d96d07180452a4ab11ea4825652236) Importer(815301076,1909f56bfc062723c751e8b465ee728b) (PreviewImporter) -> (artifact id: 'd35a84ca9a1194d935695f82828e3e7b') in 0.00263575 seconds
Number of updated asset objects reloaded before import = 0Number of asset objects unloaded after import = 0

========================================================================
Received Prepare
Begin MonoManager ReloadAssembly
Thread 0x1762ff000 may have been prematurely finalized
- Loaded All Assemblies, in  0.448 seconds
Refreshing native plugins compatible for Editor in 0.40 ms, found 3 plugins.
Native extension for OSXStandalone target not found
Native extension for WebGL target not found
[Package Manager] Failed to launch server process. Reason: Unity was launched with the -noUpm command-line argument
[Package Manager] Unable to send message (not connected to server process).
[Package Manager] Cannot connect to Unity Package Manager local server
Mono: successfully reloaded assembly
- Finished resetting the current domain, in  0.491 seconds
Domain Reload Profiling: 941ms
	BeginReloadAssembly (102ms)
		ExecutionOrderSort (0ms)
		DisableScriptedObjects (8ms)
		BackupInstance (0ms)
		ReleaseScriptingObjects (0ms)
		CreateAndSetChildDomain (24ms)
	RebuildCommonClasses (24ms)
	RebuildNativeTypeToScriptingClass (9ms)
	initialDomainReloadingComplete (12ms)
	LoadAllAssembliesAndSetupDomain (304ms)
		LoadAssemblies (207ms)
		RebuildTransferFunctionScriptingTraits (0ms)
		AnalyzeDomain (127ms)
			TypeCache.Refresh (10ms)
				TypeCache.ScanAssembly (0ms)
			BuildScriptInfoCaches (108ms)
			ResolveRequiredComponents (7ms)
	FinalizeReload (492ms)
		ReleaseScriptCaches (0ms)
		RebuildScriptCaches (0ms)
		SetupLoadedEditorAssemblies (404ms)
			LogAssemblyErrors (0ms)
			InitializePlatformSupportModulesInManaged (1ms)
			SetLoadedEditorAssemblies (3ms)
			BeforeProcessingInitializeOnLoad (85ms)
			ProcessInitializeOnLoadAttributes (281ms)
			ProcessInitializeOnLoadMethodAttributes (33ms)
			AfterProcessingInitializeOnLoad (1ms)
			EditorAssembliesLoaded (0ms)
		ExecutionOrderSort2 (0ms)
		AwakeInstancesAfterBackupRestoration (7ms)
WARNING: Shader Unsupported: 'Universal Render Pipeline/VR/SpatialMapping/Wireframe' - All subshaders removed
WARNING: Shader Did you use #pragma only_renderers and omit this platform?
WARNING: Shader If subshaders removal was intentional, you may have forgotten turning Fallback off?
WARNING: Shader Unsupported: 'Universal Render Pipeline/VR/SpatialMapping/Wireframe' - All subshaders removed
WARNING: Shader Did you use #pragma only_renderers and omit this platform?
WARNING: Shader If subshaders removal was intentional, you may have forgotten turning Fallback off?
Refreshing native plugins compatible for Editor in 0.49 ms, found 3 plugins.
Preloading 0 native plugins for Editor in 0.00 ms.
Unloading 27 Unused Serialized files (Serialized files now loaded: 0)
Unloading 6919 unused Assets / (6.4 MB). Loaded Objects now: 7670.
Memory consumption went from 159.2 MB to 152.8 MB.
Total: 6.653041 ms (FindLiveObjects: 0.343917 ms CreateObjectMapping: 0.242083 ms MarkObjects: 4.239292 ms  DeleteObjects: 1.827542 ms)

Prepare: number of updated asset objects reloaded= 0
========================================================================
Received Prepare
Begin MonoManager ReloadAssembly
[Licensing::Client] Successfully resolved entitlement details
Thread 0x16f183000 may have been prematurely finalized
- Loaded All Assemblies, in  0.435 seconds
Refreshing native plugins compatible for Editor in 0.41 ms, found 3 plugins.
Native extension for OSXStandalone target not found
Native extension for WebGL target not found
[Package Manager] Failed to launch server process. Reason: Unity was launched with the -noUpm command-line argument
[Package Manager] Unable to send message (not connected to server process).
[Package Manager] Cannot connect to Unity Package Manager local server
Mono: successfully reloaded assembly
- Finished resetting the current domain, in  0.488 seconds
Domain Reload Profiling: 926ms
	BeginReloadAssembly (115ms)
		ExecutionOrderSort (0ms)
		DisableScriptedObjects (9ms)
		BackupInstance (0ms)
		ReleaseScriptingObjects (0ms)
		CreateAndSetChildDomain (29ms)
	RebuildCommonClasses (24ms)
	RebuildNativeTypeToScriptingClass (9ms)
	initialDomainReloadingComplete (14ms)
	LoadAllAssembliesAndSetupDomain (276ms)
		LoadAssemblies (182ms)
		RebuildTransferFunctionScriptingTraits (0ms)
		AnalyzeDomain (130ms)
			TypeCache.Refresh (8ms)
				TypeCache.ScanAssembly (0ms)
			BuildScriptInfoCaches (112ms)
			ResolveRequiredComponents (7ms)
	FinalizeReload (488ms)
		ReleaseScriptCaches (0ms)
		RebuildScriptCaches (0ms)
		SetupLoadedEditorAssemblies (401ms)
			LogAssemblyErrors (0ms)
			InitializePlatformSupportModulesInManaged (1ms)
			SetLoadedEditorAssemblies (3ms)
			BeforeProcessingInitializeOnLoad (77ms)
			ProcessInitializeOnLoadAttributes (284ms)
			ProcessInitializeOnLoadMethodAttributes (34ms)
			AfterProcessingInitializeOnLoad (1ms)
			EditorAssembliesLoaded (0ms)
		ExecutionOrderSort2 (0ms)
		AwakeInstancesAfterBackupRestoration (7ms)
WARNING: Shader Unsupported: 'Universal Render Pipeline/VR/SpatialMapping/Wireframe' - All subshaders removed
WARNING: Shader Did you use #pragma only_renderers and omit this platform?
WARNING: Shader If subshaders removal was intentional, you may have forgotten turning Fallback off?
WARNING: Shader Unsupported: 'Universal Render Pipeline/VR/SpatialMapping/Wireframe' - All subshaders removed
WARNING: Shader Did you use #pragma only_renderers and omit this platform?
WARNING: Shader If subshaders removal was intentional, you may have forgotten turning Fallback off?
Refreshing native plugins compatible for Editor in 0.50 ms, found 3 plugins.
Preloading 0 native plugins for Editor in 0.00 ms.
Unloading 27 Unused Serialized files (Serialized files now loaded: 0)
Unloading 6919 unused Assets / (6.1 MB). Loaded Objects now: 7673.
Memory consumption went from 159.2 MB to 153.0 MB.
Total: 6.722875 ms (FindLiveObjects: 0.378542 ms CreateObjectMapping: 0.250416 ms MarkObjects: 4.373584 ms  DeleteObjects: 1.720083 ms)

Prepare: number of updated asset objects reloaded= 0
========================================================================
Received Prepare
WARNING: Shader Unsupported: 'Universal Render Pipeline/VR/SpatialMapping/Wireframe' - All subshaders removed
WARNING: Shader Did you use #pragma only_renderers and omit this platform?
WARNING: Shader If subshaders removal was intentional, you may have forgotten turning Fallback off?
WARNING: Shader Unsupported: 'Universal Render Pipeline/VR/SpatialMapping/Wireframe' - All subshaders removed
WARNING: Shader Did you use #pragma only_renderers and omit this platform?
WARNING: Shader If subshaders removal was intentional, you may have forgotten turning Fallback off?
Refreshing native plugins compatible for Editor in 0.47 ms, found 3 plugins.
Preloading 0 native plugins for Editor in 0.00 ms.
Unloading 27 Unused Serialized files (Serialized files now loaded: 0)
Unloading 6898 unused Assets / (5.9 MB). Loaded Objects now: 7663.
Memory consumption went from 150.4 MB to 144.6 MB.
Total: 7.474500 ms (FindLiveObjects: 0.317000 ms CreateObjectMapping: 0.227875 ms MarkObjects: 5.359791 ms  DeleteObjects: 1.569458 ms)

Prepare: number of updated asset objects reloaded= 0
========================================================================
Received Prepare
Begin MonoManager ReloadAssembly
[Licensing::Client] Successfully resolved entitlement details
Thread 0x16f183000 may have been prematurely finalized
- Loaded All Assemblies, in  0.512 seconds
Refreshing native plugins compatible for Editor in 0.55 ms, found 3 plugins.
Native extension for OSXStandalone target not found
Native extension for WebGL target not found
[Package Manager] Failed to launch server process. Reason: Unity was launched with the -noUpm command-line argument
[Package Manager] Unable to send message (not connected to server process).
[Package Manager] Cannot connect to Unity Package Manager local server
Mono: successfully reloaded assembly
- Finished resetting the current domain, in  0.500 seconds
Domain Reload Profiling: 1015ms
	BeginReloadAssembly (152ms)
		ExecutionOrderSort (0ms)
		DisableScriptedObjects (13ms)
		BackupInstance (0ms)
		ReleaseScriptingObjects (0ms)
		CreateAndSetChildDomain (47ms)
	RebuildCommonClasses (23ms)
	RebuildNativeTypeToScriptingClass (9ms)
	initialDomainReloadingComplete (18ms)
	LoadAllAssembliesAndSetupDomain (312ms)
		LoadAssemblies (227ms)
		RebuildTransferFunctionScriptingTraits (0ms)
		AnalyzeDomain (133ms)
			TypeCache.Refresh (11ms)
				TypeCache.ScanAssembly (0ms)
			BuildScriptInfoCaches (110ms)
			ResolveRequiredComponents (7ms)
	FinalizeReload (501ms)
		ReleaseScriptCaches (0ms)
		RebuildScriptCaches (0ms)
		SetupLoadedEditorAssemblies (413ms)
			LogAssemblyErrors (0ms)
			InitializePlatformSupportModulesInManaged (1ms)
			SetLoadedEditorAssemblies (3ms)
			BeforeProcessingInitializeOnLoad (83ms)
			ProcessInitializeOnLoadAttributes (292ms)
			ProcessInitializeOnLoadMethodAttributes (33ms)
			AfterProcessingInitializeOnLoad (1ms)
			EditorAssembliesLoaded (0ms)
		ExecutionOrderSort2 (0ms)
		AwakeInstancesAfterBackupRestoration (7ms)
WARNING: Shader Unsupported: 'Universal Render Pipeline/VR/SpatialMapping/Wireframe' - All subshaders removed
WARNING: Shader Did you use #pragma only_renderers and omit this platform?
WARNING: Shader If subshaders removal was intentional, you may have forgotten turning Fallback off?
WARNING: Shader Unsupported: 'Universal Render Pipeline/VR/SpatialMapping/Wireframe' - All subshaders removed
WARNING: Shader Did you use #pragma only_renderers and omit this platform?
WARNING: Shader If subshaders removal was intentional, you may have forgotten turning Fallback off?
Refreshing native plugins compatible for Editor in 0.47 ms, found 3 plugins.
Preloading 0 native plugins for Editor in 0.00 ms.
Unloading 27 Unused Serialized files (Serialized files now loaded: 0)
Unloading 6909 unused Assets / (5.7 MB). Loaded Objects now: 7666.
Memory consumption went from 159.1 MB to 153.4 MB.
Total: 6.262125 ms (FindLiveObjects: 0.341416 ms CreateObjectMapping: 0.231084 ms MarkObjects: 4.148500 ms  DeleteObjects: 1.540708 ms)

Prepare: number of updated asset objects reloaded= 0
========================================================================
Received Import Request.
  Time since last request: 303.717013 seconds.
  path: Assets/Scenes/menu.unity
  artifactKey: Guid(64272842f2d344961ac755ce460723f2) Importer(815301076,1909f56bfc062723c751e8b465ee728b)
Start importing Assets/Scenes/menu.unity using Guid(64272842f2d344961ac755ce460723f2) Importer(815301076,1909f56bfc062723c751e8b465ee728b) (PreviewImporter) -> (artifact id: '466c44277ca18d77f116a320aae899cc') in 0.0016185 seconds
Number of updated asset objects reloaded before import = 0Number of asset objects unloaded after import = 0

========================================================================
Received Prepare
Begin MonoManager ReloadAssembly
[Licensing::Client] Successfully resolved entitlement details
Thread 0x16f183000 may have been prematurely finalized
- Loaded All Assemblies, in  0.574 seconds
Refreshing native plugins compatible for Editor in 0.77 ms, found 3 plugins.
Native extension for OSXStandalone target not found
Native extension for WebGL target not found
[Package Manager] Failed to launch server process. Reason: Unity was launched with the -noUpm command-line argument
[Package Manager] Unable to send message (not connected to server process).
[Package Manager] Cannot connect to Unity Package Manager local server
Mono: successfully reloaded assembly
- Finished resetting the current domain, in  0.581 seconds
Domain Reload Profiling: 1158ms
	BeginReloadAssembly (162ms)
		ExecutionOrderSort (0ms)
		DisableScriptedObjects (14ms)
		BackupInstance (0ms)
		ReleaseScriptingObjects (0ms)
		CreateAndSetChildDomain (53ms)
	RebuildCommonClasses (24ms)
	RebuildNativeTypeToScriptingClass (9ms)
	initialDomainReloadingComplete (16ms)
	LoadAllAssembliesAndSetupDomain (366ms)
		LoadAssemblies (257ms)
		RebuildTransferFunctionScriptingTraits (0ms)
		AnalyzeDomain (157ms)
			TypeCache.Refresh (17ms)
				TypeCache.ScanAssembly (1ms)
			BuildScriptInfoCaches (130ms)
			ResolveRequiredComponents (7ms)
	FinalizeReload (581ms)
		ReleaseScriptCaches (0ms)
		RebuildScriptCaches (0ms)
		SetupLoadedEditorAssemblies (473ms)
			LogAssemblyErrors (0ms)
			InitializePlatformSupportModulesInManaged (2ms)
			SetLoadedEditorAssemblies (3ms)
			BeforeProcessingInitializeOnLoad (108ms)
			ProcessInitializeOnLoadAttributes (321ms)
			ProcessInitializeOnLoadMethodAttributes (38ms)
			AfterProcessingInitializeOnLoad (1ms)
			EditorAssembliesLoaded (0ms)
		ExecutionOrderSort2 (0ms)
		AwakeInstancesAfterBackupRestoration (8ms)
WARNING: Shader Unsupported: 'Universal Render Pipeline/VR/SpatialMapping/Wireframe' - All subshaders removed
WARNING: Shader Did you use #pragma only_renderers and omit this platform?
WARNING: Shader If subshaders removal was intentional, you may have forgotten turning Fallback off?
WARNING: Shader Unsupported: 'Universal Render Pipeline/VR/SpatialMapping/Wireframe' - All subshaders removed
WARNING: Shader Did you use #pragma only_renderers and omit this platform?
WARNING: Shader If subshaders removal was intentional, you may have forgotten turning Fallback off?
Refreshing native plugins compatible for Editor in 0.80 ms, found 3 plugins.
Preloading 0 native plugins for Editor in 0.00 ms.
Unloading 28 Unused Serialized files (Serialized files now loaded: 0)
Unloading 6947 unused Assets / (3.6 MB). Loaded Objects now: 7706.
Memory consumption went from 159.6 MB to 156.0 MB.
Total: 8.050791 ms (FindLiveObjects: 0.500542 ms CreateObjectMapping: 0.407542 ms MarkObjects: 5.634333 ms  DeleteObjects: 1.508125 ms)

Prepare: number of updated asset objects reloaded= 0
========================================================================
Received Import Request.
  Time since last request: 117.129393 seconds.
  path: Assets/Farland Skies
  artifactKey: Guid(6a345dd3e3c9f9b4da51139f730a95b4) Importer(815301076,1909f56bfc062723c751e8b465ee728b)
Start importing Assets/Farland Skies using Guid(6a345dd3e3c9f9b4da51139f730a95b4) Importer(815301076,1909f56bfc062723c751e8b465ee728b) (PreviewImporter) -> (artifact id: 'd011247380d1e1aac7304bfc88d0ffae') in 0.00711825 seconds
Number of updated asset objects reloaded before import = 0Number of asset objects unloaded after import = 0

========================================================================
Received Import Request.
  Time since last request: 0.904989 seconds.
  path: Assets/Farland Skies/Nebula One
  artifactKey: Guid(1ddc45d3e3c623049aa954f3271f4211) Importer(815301076,1909f56bfc062723c751e8b465ee728b)
Start importing Assets/Farland Skies/Nebula One using Guid(1ddc45d3e3c623049aa954f3271f4211) Importer(815301076,1909f56bfc062723c751e8b465ee728b) (PreviewImporter) -> (artifact id: '06e1c8036206a834f7f146a81d220cb5') in 0.00036475 seconds
Number of updated asset objects reloaded before import = 0Number of asset objects unloaded after import = 0

========================================================================
Received Import Request.
  Time since last request: 1.410089 seconds.
  path: Assets/Farland Skies/Nebula One/Demo
  artifactKey: Guid(68e07d3f331ca2c418bfca930f5dec9c) Importer(815301076,1909f56bfc062723c751e8b465ee728b)
Start importing Assets/Farland Skies/Nebula One/Demo using Guid(68e07d3f331ca2c418bfca930f5dec9c) Importer(815301076,1909f56bfc062723c751e8b465ee728b) (PreviewImporter) -> (artifact id: '81131ce814e8ed0944bf64d195e732b2') in 0.00039725 seconds
Number of updated asset objects reloaded before import = 0Number of asset objects unloaded after import = 0

========================================================================
Received Import Request.
  Time since last request: 1.144348 seconds.
  path: Assets/Farland Skies/Nebula One/Demo/Standart
  artifactKey: Guid(cadf63539949d3e42b9098aeb744339a) Importer(815301076,1909f56bfc062723c751e8b465ee728b)
Start importing Assets/Farland Skies/Nebula One/Demo/Standart using Guid(cadf63539949d3e42b9098aeb744339a) Importer(815301076,1909f56bfc062723c751e8b465ee728b) (PreviewImporter) -> (artifact id: '6215eac47d79b0c3ca2db0204cb63277') in 0.00035625 seconds
Number of updated asset objects reloaded before import = 0Number of asset objects unloaded after import = 0

========================================================================
Received Import Request.
  Time since last request: 1.092593 seconds.
  path: Assets/Farland Skies/Nebula One/Demo/Standart/CustomizationDemo.unity
  artifactKey: Guid(40274eecf2703e24791fe53016913cc5) Importer(815301076,1909f56bfc062723c751e8b465ee728b)
Start importing Assets/Farland Skies/Nebula One/Demo/Standart/CustomizationDemo.unity using Guid(40274eecf2703e24791fe53016913cc5) Importer(815301076,1909f56bfc062723c751e8b465ee728b) (PreviewImporter) -> (artifact id: 'ae30979771e42b0087116f8f9f1f6306') in 0.001205583 seconds
Number of updated asset objects reloaded before import = 0Number of asset objects unloaded after import = 0

========================================================================
Received Import Request.
  Time since last request: 0.507740 seconds.
  path: Assets/Farland Skies/Nebula One/Demo/Standart/AnimationDemo.unity
  artifactKey: Guid(6f2856f821a520842b702817f5469b5b) Importer(815301076,1909f56bfc062723c751e8b465ee728b)
Start importing Assets/Farland Skies/Nebula One/Demo/Standart/AnimationDemo.unity using Guid(6f2856f821a520842b702817f5469b5b) Importer(815301076,1909f56bfc062723c751e8b465ee728b) (PreviewImporter) -> (artifact id: '568ce8e0f4b1d8a3689af66f8b1150b5') in 0.000389166 seconds
Number of updated asset objects reloaded before import = 0Number of asset objects unloaded after import = 0

========================================================================
Received Import Request.
  Time since last request: 32.186520 seconds.
  path: Assets/Farland Skies/!Core
  artifactKey: Guid(b18fd4e829f47694699236211d2e671f) Importer(815301076,1909f56bfc062723c751e8b465ee728b)
Start importing Assets/Farland Skies/!Core using Guid(b18fd4e829f47694699236211d2e671f) Importer(815301076,1909f56bfc062723c751e8b465ee728b) (PreviewImporter) -> (artifact id: '5f4b8da3e0fcbd2747473640d224df74') in 0.000711875 seconds
Number of updated asset objects reloaded before import = 0Number of asset objects unloaded after import = 0

========================================================================
Received Import Request.
  Time since last request: 2.596409 seconds.
  path: Assets/Farland Skies/!Core/Scripts
  artifactKey: Guid(b9384903017ee184094e994a40602688) Importer(815301076,1909f56bfc062723c751e8b465ee728b)
Start importing Assets/Farland Skies/!Core/Scripts using Guid(b9384903017ee184094e994a40602688) Importer(815301076,1909f56bfc062723c751e8b465ee728b) (PreviewImporter) -> (artifact id: 'ba7a58447ecf4f4befaaf94e6dd083ed') in 0.000397125 seconds
Number of updated asset objects reloaded before import = 0Number of asset objects unloaded after import = 0

========================================================================
Received Prepare
WARNING: Shader Unsupported: 'Universal Render Pipeline/VR/SpatialMapping/Wireframe' - All subshaders removed
WARNING: Shader Did you use #pragma only_renderers and omit this platform?
WARNING: Shader If subshaders removal was intentional, you may have forgotten turning Fallback off?
WARNING: Shader Unsupported: 'Universal Render Pipeline/VR/SpatialMapping/Wireframe' - All subshaders removed
WARNING: Shader Did you use #pragma only_renderers and omit this platform?
WARNING: Shader If subshaders removal was intentional, you may have forgotten turning Fallback off?
Refreshing native plugins compatible for Editor in 0.84 ms, found 3 plugins.
Preloading 0 native plugins for Editor in 0.00 ms.
Unloading 28 Unused Serialized files (Serialized files now loaded: 0)
Unloading 6921 unused Assets / (5.8 MB). Loaded Objects now: 7691.
Memory consumption went from 150.9 MB to 145.1 MB.
Total: 24.096125 ms (FindLiveObjects: 1.367459 ms CreateObjectMapping: 0.295000 ms MarkObjects: 19.197541 ms  DeleteObjects: 3.235917 ms)

Prepare: number of updated asset objects reloaded= 0
========================================================================
Received Import Request.
  Time since last request: 8.433322 seconds.
  path: Assets/Scenes/SampleScene.unity
  artifactKey: Guid(8c9cfa26abfee488c85f1582747f6a02) Importer(2089858483,192608db42251d675da83286b1cce702)
Start importing Assets/Scenes/SampleScene.unity using Guid(8c9cfa26abfee488c85f1582747f6a02) Importer(2089858483,192608db42251d675da83286b1cce702) (ScriptedImporter) -> (artifact id: 'f909c8030c59a78d8c842d0e35f3aed0') in 0.166047208 seconds
Number of updated asset objects reloaded before import = 0Number of asset objects unloaded after import = 1

========================================================================
Received Import Request.
  Time since last request: 0.000091 seconds.
  path: Assets/Farland Skies/Nebula One/Scripts/DotParams/NebulaParam.cs
  artifactKey: Guid(ba5d3ff113e46b54b9d34e9fef2a0275) Importer(2089858483,192608db42251d675da83286b1cce702)
Start importing Assets/Farland Skies/Nebula One/Scripts/DotParams/NebulaParam.cs using Guid(ba5d3ff113e46b54b9d34e9fef2a0275) Importer(2089858483,192608db42251d675da83286b1cce702) (ScriptedImporter) -> (artifact id: 'c67982960cc6d0cbd3a1e825bc821551') in 0.015800333 seconds
Number of updated asset objects reloaded before import = 0Number of asset objects unloaded after import = 0

========================================================================
Received Import Request.
  Time since last request: 0.000059 seconds.
  path: Assets/Farland Skies/Nebula One/Scripts/Controllers
  artifactKey: Guid(e42fb8dea83f4a4459499eeb7454cb93) Importer(2089858483,192608db42251d675da83286b1cce702)
Start importing Assets/Farland Skies/Nebula One/Scripts/Controllers using Guid(e42fb8dea83f4a4459499eeb7454cb93) Importer(2089858483,192608db42251d675da83286b1cce702) (ScriptedImporter) -> (artifact id: 'bbdb6fafc3e6ecec03ad45ba851269db') in 0.00222975 seconds
Number of updated asset objects reloaded before import = 0Number of asset objects unloaded after import = 1

========================================================================
Received Import Request.
  Time since last request: 0.000048 seconds.
  path: Assets/Farland Skies/!Core/Icons/Professional
  artifactKey: Guid(75047a56a8ede0c458d6c928e84ec0b9) Importer(2089858483,192608db42251d675da83286b1cce702)
Start importing Assets/Farland Skies/!Core/Icons/Professional using Guid(75047a56a8ede0c458d6c928e84ec0b9) Importer(2089858483,192608db42251d675da83286b1cce702) (ScriptedImporter) -> (artifact id: '479422a3f78013bc14e3c8515d11cecb') in 0.002974667 seconds
Number of updated asset objects reloaded before import = 0Number of asset objects unloaded after import = 1

========================================================================
Received Import Request.
  Time since last request: 0.000072 seconds.
  path: Assets/Farland Skies/Nebula One/Shaders/Editor/NebulaOneShaderGUI.cs
  artifactKey: Guid(c66610c66c17ed1489c447909000c52c) Importer(2089858483,192608db42251d675da83286b1cce702)
Start importing Assets/Farland Skies/Nebula One/Shaders/Editor/NebulaOneShaderGUI.cs using Guid(c66610c66c17ed1489c447909000c52c) Importer(2089858483,192608db42251d675da83286b1cce702) (ScriptedImporter) -> (artifact id: '5dd81d54e143b0ab1a04414ac4487f16') in 0.002445792 seconds
Number of updated asset objects reloaded before import = 0Number of asset objects unloaded after import = 0

========================================================================
Received Import Request.
  Time since last request: 0.000049 seconds.
  path: Assets/Farland Skies/Nebula One/Textures/Starfield.png
  artifactKey: Guid(b34e4464087e53a449104885828f6460) Importer(2089858483,192608db42251d675da83286b1cce702)
Start importing Assets/Farland Skies/Nebula One/Textures/Starfield.png using Guid(b34e4464087e53a449104885828f6460) Importer(2089858483,192608db42251d675da83286b1cce702) (ScriptedImporter) -> (artifact id: '12ecb87c00a0ae1173572799fe77c031') in 0.043974584 seconds
Number of updated asset objects reloaded before import = 0Number of asset objects unloaded after import = 1

========================================================================
Received Import Request.
  Time since last request: 0.000067 seconds.
  path: Assets/Farland Skies/Nebula One/Demo/URP/Materials/MoonGreen.mat
  artifactKey: Guid(55e53d0b48e2420daa741f720d03585b) Importer(2089858483,192608db42251d675da83286b1cce702)
Start importing Assets/Farland Skies/Nebula One/Demo/URP/Materials/MoonGreen.mat using Guid(55e53d0b48e2420daa741f720d03585b) Importer(2089858483,192608db42251d675da83286b1cce702) (ScriptedImporter) -> (artifact id: 'c22289467f0d70741eaecb95bc813aec') in 0.018682833 seconds
Number of updated asset objects reloaded before import = 0Number of asset objects unloaded after import = 3

========================================================================
Received Import Request.
  Time since last request: 0.000049 seconds.
  path: Assets/Farland Skies/Nebula One/Demo/Standart
  artifactKey: Guid(cadf63539949d3e42b9098aeb744339a) Importer(2089858483,192608db42251d675da83286b1cce702)
Start importing Assets/Farland Skies/Nebula One/Demo/Standart using Guid(cadf63539949d3e42b9098aeb744339a) Importer(2089858483,192608db42251d675da83286b1cce702) (ScriptedImporter) -> (artifact id: '487761969da838f4fcd8a2a6d9f2879d') in 0.002354042 seconds
Number of updated asset objects reloaded before import = 0Number of asset objects unloaded after import = 1

========================================================================
Received Import Request.
  Time since last request: 0.000050 seconds.
  path: Assets/Farland Skies/Nebula One/Scripts/DotParams
  artifactKey: Guid(d6514d216986aff4aa883615a2ac11b6) Importer(2089858483,192608db42251d675da83286b1cce702)
Start importing Assets/Farland Skies/Nebula One/Scripts/DotParams using Guid(d6514d216986aff4aa883615a2ac11b6) Importer(2089858483,192608db42251d675da83286b1cce702) (ScriptedImporter) -> (artifact id: '81a078da85766471750d7239168b8f93') in 0.001959333 seconds
Number of updated asset objects reloaded before import = 0Number of asset objects unloaded after import = 1

========================================================================
Received Import Request.
  Time since last request: 0.000057 seconds.
  path: Assets/Farland Skies/Nebula One/Scripts/DotParams/NebulaParamsList.cs
  artifactKey: Guid(a8b01f6687c2ff244a29911bf08e5cd1) Importer(2089858483,192608db42251d675da83286b1cce702)
Start importing Assets/Farland Skies/Nebula One/Scripts/DotParams/NebulaParamsList.cs using Guid(a8b01f6687c2ff244a29911bf08e5cd1) Importer(2089858483,192608db42251d675da83286b1cce702) (ScriptedImporter) -> (artifact id: 'd67a05e33d0f322cc35b6ab843c961e2') in 0.003604541 seconds
Number of updated asset objects reloaded before import = 0Number of asset objects unloaded after import = 0

========================================================================
Received Import Request.
  Time since last request: 0.000027 seconds.
  path: Assets/Farland Skies/Nebula One/Demo/Standart/Scripts/UI/ResetButton.cs
  artifactKey: Guid(0ed3fb514a887fc4db571ac60cbd8d23) Importer(2089858483,192608db42251d675da83286b1cce702)
Start importing Assets/Farland Skies/Nebula One/Demo/Standart/Scripts/UI/ResetButton.cs using Guid(0ed3fb514a887fc4db571ac60cbd8d23) Importer(2089858483,192608db42251d675da83286b1cce702) (ScriptedImporter) -> (artifact id: '9fcb62022efe32d1d089ff512d9553c8') in 0.002473709 seconds
Number of updated asset objects reloaded before import = 0Number of asset objects unloaded after import = 0

========================================================================
Received Import Request.
  Time since last request: 0.000049 seconds.
  path: Assets/Farland Skies/!Core/Icons/Personal/Sun_16.png
  artifactKey: Guid(eadf1e59b45dfcf4fad48bd6d008b334) Importer(2089858483,192608db42251d675da83286b1cce702)
Start importing Assets/Farland Skies/!Core/Icons/Personal/Sun_16.png using Guid(eadf1e59b45dfcf4fad48bd6d008b334) Importer(2089858483,192608db42251d675da83286b1cce702) (ScriptedImporter) -> (artifact id: '7b746dfc471b545ad30a2e6b2970c46e') in 0.019922459 seconds
Number of updated asset objects reloaded before import = 0Number of asset objects unloaded after import = 1

========================================================================
Received Import Request.
  Time since last request: 0.000051 seconds.
  path: Assets/Farland Skies/Nebula One/Scripts/Info/Editor/AssetInfo.cs
  artifactKey: Guid(0b1afb83584637947b85b43d32f4d959) Importer(2089858483,192608db42251d675da83286b1cce702)
Start importing Assets/Farland Skies/Nebula One/Scripts/Info/Editor/AssetInfo.cs using Guid(0b1afb83584637947b85b43d32f4d959) Importer(2089858483,192608db42251d675da83286b1cce702) (ScriptedImporter) -> (artifact id: 'c55c854dd639418bbd2f473f0b75325d') in 0.002530084 seconds
Number of updated asset objects reloaded before import = 0Number of asset objects unloaded after import = 0

========================================================================
Received Import Request.
  Time since last request: 0.000053 seconds.
  path: Assets/Farland Skies/!Core/Icons/Professional/Sky_16.png
  artifactKey: Guid(d4b5237ce6934cb4f9dd9f0bfcaf0daa) Importer(2089858483,192608db42251d675da83286b1cce702)
Start importing Assets/Farland Skies/!Core/Icons/Professional/Sky_16.png using Guid(d4b5237ce6934cb4f9dd9f0bfcaf0daa) Importer(2089858483,192608db42251d675da83286b1cce702) (ScriptedImporter) -> (artifact id: 'de7d0638c667abd4a1ddc1167cc0d487') in 0.005709041 seconds
Number of updated asset objects reloaded before import = 0Number of asset objects unloaded after import = 1

========================================================================
Received Import Request.
  Time since last request: 0.000054 seconds.
  path: Assets/Farland Skies/!Core/Icons/Professional/Star_16.png
  artifactKey: Guid(a1bf0edda508c31499e8c13d7a0759b7) Importer(2089858483,192608db42251d675da83286b1cce702)
Start importing Assets/Farland Skies/!Core/Icons/Professional/Star_16.png using Guid(a1bf0edda508c31499e8c13d7a0759b7) Importer(2089858483,192608db42251d675da83286b1cce702) (ScriptedImporter) -> (artifact id: 'f55fb92d4224a0a9c8801319a7ebfc58') in 0.005495042 seconds
Number of updated asset objects reloaded before import = 0Number of asset objects unloaded after import = 1

========================================================================
Received Import Request.
  Time since last request: 0.000055 seconds.
  path: Assets/Farland Skies/Nebula One/Demo/Standart/Models/Materials
  artifactKey: Guid(dfd8caedcbeab1641abb38ee304698cc) Importer(2089858483,192608db42251d675da83286b1cce702)
Start importing Assets/Farland Skies/Nebula One/Demo/Standart/Models/Materials using Guid(dfd8caedcbeab1641abb38ee304698cc) Importer(2089858483,192608db42251d675da83286b1cce702) (ScriptedImporter) -> (artifact id: 'ceac0961e73d0e387397990cd96e0aec') in 0.001810792 seconds
Number of updated asset objects reloaded before import = 0Number of asset objects unloaded after import = 1

========================================================================
Received Import Request.
  Time since last request: 0.000057 seconds.
  path: Assets/Farland Skies/Nebula One/Skyboxes
  artifactKey: Guid(cdd40358e6d14e64fa1909370d10102f) Importer(2089858483,192608db42251d675da83286b1cce702)
Start importing Assets/Farland Skies/Nebula One/Skyboxes using Guid(cdd40358e6d14e64fa1909370d10102f) Importer(2089858483,192608db42251d675da83286b1cce702) (ScriptedImporter) -> (artifact id: 'e1db5f513d955ec2648ab0231d7233fd') in 0.001935042 seconds
Number of updated asset objects reloaded before import = 0Number of asset objects unloaded after import = 1

========================================================================
Received Import Request.
  Time since last request: 0.000060 seconds.
  path: Assets/Farland Skies/Nebula One/Demo/Standart/AnimationDemo.unity
  artifactKey: Guid(6f2856f821a520842b702817f5469b5b) Importer(2089858483,192608db42251d675da83286b1cce702)
Start importing Assets/Farland Skies/Nebula One/Demo/Standart/AnimationDemo.unity using Guid(6f2856f821a520842b702817f5469b5b) Importer(2089858483,192608db42251d675da83286b1cce702) (ScriptedImporter) -> (artifact id: '41b7995755d7efd501ed6ca949a4416c') in 0.004265625 seconds
Number of updated asset objects reloaded before import = 0Number of asset objects unloaded after import = 1

========================================================================
Received Import Request.
  Time since last request: 0.000047 seconds.
  path: Assets/Farland Skies/Nebula One/Demo/Standart/Models/Materials/MoonGreen.mat
  artifactKey: Guid(8fb397f04cbe0664b89e37c390164b20) Importer(2089858483,192608db42251d675da83286b1cce702)
Start importing Assets/Farland Skies/Nebula One/Demo/Standart/Models/Materials/MoonGreen.mat using Guid(8fb397f04cbe0664b89e37c390164b20) Importer(2089858483,192608db42251d675da83286b1cce702) (ScriptedImporter) -> (artifact id: 'af68a30b5d0cf239404fde33d42ee691') in 0.032563542 seconds
Number of updated asset objects reloaded before import = 0Number of asset objects unloaded after import = 2

========================================================================
Received Import Request.
  Time since last request: 0.000043 seconds.
  path: Assets/Farland Skies/Nebula One/Scripts/DotParams/BackgroundParam.cs
  artifactKey: Guid(b1a03afa595b57f45ae45b8049869b50) Importer(2089858483,192608db42251d675da83286b1cce702)
Start importing Assets/Farland Skies/Nebula One/Scripts/DotParams/BackgroundParam.cs using Guid(b1a03afa595b57f45ae45b8049869b50) Importer(2089858483,192608db42251d675da83286b1cce702) (ScriptedImporter) -> (artifact id: '7881691b30653eb167110993a0ce3c56') in 0.002234208 seconds
Number of updated asset objects reloaded before import = 0Number of asset objects unloaded after import = 0

========================================================================
Received Import Request.
  Time since last request: 0.000054 seconds.
  path: Assets/Farland Skies/Nebula One/Demo/Standart/Scripts
  artifactKey: Guid(6c52df0048552be408690adee426a94a) Importer(2089858483,192608db42251d675da83286b1cce702)
Start importing Assets/Farland Skies/Nebula One/Demo/Standart/Scripts using Guid(6c52df0048552be408690adee426a94a) Importer(2089858483,192608db42251d675da83286b1cce702) (ScriptedImporter) -> (artifact id: '39b8b3a7aabbd96aa2c795cdcef3fcd0') in 0.00197725 seconds
Number of updated asset objects reloaded before import = 0Number of asset objects unloaded after import = 1

========================================================================
Received Import Request.
  Time since last request: 0.000034 seconds.
  path: Assets/Farland Skies/Nebula One/Demo/URP/Materials
  artifactKey: Guid(108373d44e2c47199c55759f2f57c6b5) Importer(2089858483,192608db42251d675da83286b1cce702)
Start importing Assets/Farland Skies/Nebula One/Demo/URP/Materials using Guid(108373d44e2c47199c55759f2f57c6b5) Importer(2089858483,192608db42251d675da83286b1cce702) (ScriptedImporter) -> (artifact id: '714bda8e2f8394aba388f6a9cec9990d') in 0.001822333 seconds
Number of updated asset objects reloaded before import = 0Number of asset objects unloaded after import = 1

========================================================================
Received Import Request.
  Time since last request: 0.000045 seconds.
  path: Assets/Farland Skies/Nebula One/Shaders
  artifactKey: Guid(180dd3baf7058a547bb6071b6c2b4fc7) Importer(2089858483,192608db42251d675da83286b1cce702)
Start importing Assets/Farland Skies/Nebula One/Shaders using Guid(180dd3baf7058a547bb6071b6c2b4fc7) Importer(2089858483,192608db42251d675da83286b1cce702) (ScriptedImporter) -> (artifact id: '7fa130d23da797e76c7197d7336dfc70') in 0.00268575 seconds
Number of updated asset objects reloaded before import = 0Number of asset objects unloaded after import = 1

========================================================================
Received Import Request.
  Time since last request: 0.000034 seconds.
  path: Assets/Farland Skies/Nebula One/Demo/Standart/Scripts/UI/ProgressText.cs
  artifactKey: Guid(2dccc287b1f6ed445b9356803d4a5c8b) Importer(2089858483,192608db42251d675da83286b1cce702)
Start importing Assets/Farland Skies/Nebula One/Demo/Standart/Scripts/UI/ProgressText.cs using Guid(2dccc287b1f6ed445b9356803d4a5c8b) Importer(2089858483,192608db42251d675da83286b1cce702) (ScriptedImporter) -> (artifact id: '9f3f28b3f4cd3dae9fb41bdb7c27cd1a') in 0.0020015 seconds
Number of updated asset objects reloaded before import = 0Number of asset objects unloaded after import = 0

========================================================================
Received Import Request.
  Time since last request: 0.000031 seconds.
  path: Assets/Farland Skies/Nebula One/Demo/Standart/Scripts/UI/PropertySlider.cs
  artifactKey: Guid(602a78da85453a9438ce5bc97a025f52) Importer(2089858483,192608db42251d675da83286b1cce702)
Start importing Assets/Farland Skies/Nebula One/Demo/Standart/Scripts/UI/PropertySlider.cs using Guid(602a78da85453a9438ce5bc97a025f52) Importer(2089858483,192608db42251d675da83286b1cce702) (ScriptedImporter) -> (artifact id: '3f2920a771894673939af68f79d367a6') in 0.00377575 seconds
Number of updated asset objects reloaded before import = 0Number of asset objects unloaded after import = 0

========================================================================
Received Import Request.
  Time since last request: 0.000033 seconds.
  path: Assets/Farland Skies/Nebula One/Scripts/DotParams/Editor/StarsParamDrawer.cs
  artifactKey: Guid(94c24014aeb56694bbd321f3ab51b2bf) Importer(2089858483,192608db42251d675da83286b1cce702)
Start importing Assets/Farland Skies/Nebula One/Scripts/DotParams/Editor/StarsParamDrawer.cs using Guid(94c24014aeb56694bbd321f3ab51b2bf) Importer(2089858483,192608db42251d675da83286b1cce702) (ScriptedImporter) -> (artifact id: '7d086c55090e37a13b16d279d6081d3a') in 0.002361666 seconds
Number of updated asset objects reloaded before import = 0Number of asset objects unloaded after import = 0

========================================================================
Received Import Request.
  Time since last request: 0.000034 seconds.
  path: Assets/Farland Skies/Nebula One/Demo/Standart/Prefabs/Foreground.prefab
  artifactKey: Guid(df283dc52cef2364a9590770874903e8) Importer(2089858483,192608db42251d675da83286b1cce702)
Start importing Assets/Farland Skies/Nebula One/Demo/Standart/Prefabs/Foreground.prefab using Guid(df283dc52cef2364a9590770874903e8) Importer(2089858483,192608db42251d675da83286b1cce702) (ScriptedImporter) -> (artifact id: 'd6286af2855d6afc9fdbe9bad3ec1e0e') in 0.00871125 seconds
Number of updated asset objects reloaded before import = 0Number of asset objects unloaded after import = 41

========================================================================
Received Import Request.
  Time since last request: 0.000048 seconds.
  path: Assets/Farland Skies/Nebula One/Demo/Standart/Models/Materials/MoontBlue.mat
  artifactKey: Guid(4129edb72a7113a4b868b03842eb6965) Importer(2089858483,192608db42251d675da83286b1cce702)
Start importing Assets/Farland Skies/Nebula One/Demo/Standart/Models/Materials/MoontBlue.mat using Guid(4129edb72a7113a4b868b03842eb6965) Importer(2089858483,192608db42251d675da83286b1cce702) (ScriptedImporter) -> (artifact id: 'ac6c502df12018872425c8c0ee4da137') in 0.003857125 seconds
Number of updated asset objects reloaded before import = 0Number of asset objects unloaded after import = 2

========================================================================
Received Import Request.
  Time since last request: 0.000046 seconds.
  path: Assets/Farland Skies/Nebula One/Scripts/Controllers/Editor/SkyboxControllerEditor.cs
  artifactKey: Guid(18bdffd407f7789449ddfb29998f8781) Importer(2089858483,192608db42251d675da83286b1cce702)
Start importing Assets/Farland Skies/Nebula One/Scripts/Controllers/Editor/SkyboxControllerEditor.cs using Guid(18bdffd407f7789449ddfb29998f8781) Importer(2089858483,192608db42251d675da83286b1cce702) (ScriptedImporter) -> (artifact id: '605dc36d3ba6e3e74a3fb8b10fc43b8f') in 0.00220875 seconds
Number of updated asset objects reloaded before import = 0Number of asset objects unloaded after import = 0

========================================================================
Received Import Request.
  Time since last request: 0.000040 seconds.
  path: Assets/Farland Skies/Nebula One/Demo/Standart/Scripts/UI/ColorButton.cs
  artifactKey: Guid(1f2d93bdb53aa8447a4ea869da9a08a6) Importer(2089858483,192608db42251d675da83286b1cce702)
Start importing Assets/Farland Skies/Nebula One/Demo/Standart/Scripts/UI/ColorButton.cs using Guid(1f2d93bdb53aa8447a4ea869da9a08a6) Importer(2089858483,192608db42251d675da83286b1cce702) (ScriptedImporter) -> (artifact id: 'cf9c3b5e4f8d893016fdc28f69c6e2a1') in 0.002454459 seconds
Number of updated asset objects reloaded before import = 0Number of asset objects unloaded after import = 0

========================================================================
Received Import Request.
  Time since last request: 0.000032 seconds.
  path: Assets/Farland Skies/Nebula One/Scripts/DotParams/BackgroundParamsList.cs
  artifactKey: Guid(57a4963170a82b448bb5593793f919eb) Importer(2089858483,192608db42251d675da83286b1cce702)
Start importing Assets/Farland Skies/Nebula One/Scripts/DotParams/BackgroundParamsList.cs using Guid(57a4963170a82b448bb5593793f919eb) Importer(2089858483,192608db42251d675da83286b1cce702) (ScriptedImporter) -> (artifact id: 'fb5a876241222fb385241fd292101d91') in 0.002345917 seconds
Number of updated asset objects reloaded before import = 0Number of asset objects unloaded after import = 0

========================================================================
Received Import Request.
  Time since last request: 0.000047 seconds.
  path: Assets/Farland Skies/Nebula One/Scripts/Info
  artifactKey: Guid(a785be8233d8b174f983725363c3cc58) Importer(2089858483,192608db42251d675da83286b1cce702)
Start importing Assets/Farland Skies/Nebula One/Scripts/Info using Guid(a785be8233d8b174f983725363c3cc58) Importer(2089858483,192608db42251d675da83286b1cce702) (ScriptedImporter) -> (artifact id: 'fba0f578b6acbb2987e3fe239c647ade') in 0.001596083 seconds
Number of updated asset objects reloaded before import = 0Number of asset objects unloaded after import = 1

========================================================================
Received Import Request.
  Time since last request: 0.000036 seconds.
  path: Assets/Farland Skies/Nebula One/Demo/Standart/Models/Textures/PlanetBlue.png
  artifactKey: Guid(d028bee22c22a754189c0b296847506b) Importer(2089858483,192608db42251d675da83286b1cce702)
Start importing Assets/Farland Skies/Nebula One/Demo/Standart/Models/Textures/PlanetBlue.png using Guid(d028bee22c22a754189c0b296847506b) Importer(2089858483,192608db42251d675da83286b1cce702) (ScriptedImporter) -> (artifact id: '39e5b081da09234c7a9ea8b4828e1b55') in 0.006331 seconds
Number of updated asset objects reloaded before import = 0Number of asset objects unloaded after import = 1

========================================================================
Received Import Request.
  Time since last request: 0.000036 seconds.
  path: Assets/Farland Skies/Nebula One/Skyboxes/NebulaOneSkybox.mat
  artifactKey: Guid(bb03635451bf13849b0ed0e11c767c24) Importer(2089858483,192608db42251d675da83286b1cce702)
Start importing Assets/Farland Skies/Nebula One/Skyboxes/NebulaOneSkybox.mat using Guid(bb03635451bf13849b0ed0e11c767c24) Importer(2089858483,192608db42251d675da83286b1cce702) (ScriptedImporter) -> (artifact id: '4e3bca6df828410fd98cfde07add3535') in 0.019186417 seconds
Number of updated asset objects reloaded before import = 0Number of asset objects unloaded after import = 5

========================================================================
Received Import Request.
  Time since last request: 0.000054 seconds.
  path: Assets/Farland Skies/!Core/Icons/Professional/Moon_16.png
  artifactKey: Guid(ab06184fdf988ca4ca105754c82a1ad9) Importer(2089858483,192608db42251d675da83286b1cce702)
Start importing Assets/Farland Skies/!Core/Icons/Professional/Moon_16.png using Guid(ab06184fdf988ca4ca105754c82a1ad9) Importer(2089858483,192608db42251d675da83286b1cce702) (ScriptedImporter) -> (artifact id: '0e965b91017eb9021aa71bd4b5b2ad7c') in 0.0059765 seconds
Number of updated asset objects reloaded before import = 0Number of asset objects unloaded after import = 1

========================================================================
Received Import Request.
  Time since last request: 0.000041 seconds.
  path: Assets/Farland Skies/Nebula One/Demo/Standart/Scripts/UI
  artifactKey: Guid(e2cc46b084ca74340b1832fb9e78e931) Importer(2089858483,192608db42251d675da83286b1cce702)
Start importing Assets/Farland Skies/Nebula One/Demo/Standart/Scripts/UI using Guid(e2cc46b084ca74340b1832fb9e78e931) Importer(2089858483,192608db42251d675da83286b1cce702) (ScriptedImporter) -> (artifact id: '310ccafa2f52cfe61155f66cd52544a4') in 0.002283125 seconds
Number of updated asset objects reloaded before import = 0Number of asset objects unloaded after import = 1

========================================================================
Received Import Request.
  Time since last request: 0.000051 seconds.
  path: Assets/Farland Skies/Nebula One/Textures/NebulaDensity.png
  artifactKey: Guid(d5a796e2e36f9aa41b69d3870d23f88b) Importer(2089858483,192608db42251d675da83286b1cce702)
Start importing Assets/Farland Skies/Nebula One/Textures/NebulaDensity.png using Guid(d5a796e2e36f9aa41b69d3870d23f88b) Importer(2089858483,192608db42251d675da83286b1cce702) (ScriptedImporter) -> (artifact id: '681d44a37e653a56ffed0b9565e37041') in 0.006557 seconds
Number of updated asset objects reloaded before import = 0Number of asset objects unloaded after import = 1

========================================================================
Received Import Request.
  Time since last request: 0.000042 seconds.
  path: Assets/Farland Skies/Nebula One/Textures
  artifactKey: Guid(2d8a7ebf58f35544ea83a40539cfd16a) Importer(2089858483,192608db42251d675da83286b1cce702)
Start importing Assets/Farland Skies/Nebula One/Textures using Guid(2d8a7ebf58f35544ea83a40539cfd16a) Importer(2089858483,192608db42251d675da83286b1cce702) (ScriptedImporter) -> (artifact id: '1157e6a7fb4f3da251e738ce3c55e543') in 0.001734791 seconds
Number of updated asset objects reloaded before import = 0Number of asset objects unloaded after import = 1

========================================================================
Received Import Request.
  Time since last request: 0.000038 seconds.
  path: Assets/Farland Skies/!Core/Icons/Professional/Tag_16.png
  artifactKey: Guid(727daa23260bc8148bc2348eb0adbdaa) Importer(2089858483,192608db42251d675da83286b1cce702)
Start importing Assets/Farland Skies/!Core/Icons/Professional/Tag_16.png using Guid(727daa23260bc8148bc2348eb0adbdaa) Importer(2089858483,192608db42251d675da83286b1cce702) (ScriptedImporter) -> (artifact id: 'e80bd1103a352662bd51414702c6b5c9') in 0.005319834 seconds
Number of updated asset objects reloaded before import = 0Number of asset objects unloaded after import = 1

========================================================================
Received Import Request.
  Time since last request: 0.000038 seconds.
  path: Assets/Farland Skies/Nebula One/Demo/URP/AnimationDemo.unity
  artifactKey: Guid(2c19bdac74504d7d845e46bb34be464f) Importer(2089858483,192608db42251d675da83286b1cce702)
Start importing Assets/Farland Skies/Nebula One/Demo/URP/AnimationDemo.unity using Guid(2c19bdac74504d7d845e46bb34be464f) Importer(2089858483,192608db42251d675da83286b1cce702) (ScriptedImporter) -> (artifact id: 'a8eab6c87c709ca680528f4dfd1458f4') in 0.004362208 seconds
Number of updated asset objects reloaded before import = 0Number of asset objects unloaded after import = 1

========================================================================
Received Import Request.
  Time since last request: 0.000039 seconds.
  path: Assets/Farland Skies/Nebula One/Prefabs/SkyboxCycleManager.prefab
  artifactKey: Guid(63a41ecb322589f4f9484200fc411e17) Importer(2089858483,192608db42251d675da83286b1cce702)
Start importing Assets/Farland Skies/Nebula One/Prefabs/SkyboxCycleManager.prefab using Guid(63a41ecb322589f4f9484200fc411e17) Importer(2089858483,192608db42251d675da83286b1cce702) (ScriptedImporter) -> (artifact id: 'ea9ce200e42686b3f326f1a4fcb6c4f2') in 0.016466417 seconds
Number of updated asset objects reloaded before import = 0Number of asset objects unloaded after import = 5

========================================================================
Received Import Request.
  Time since last request: 0.000041 seconds.
  path: Assets/Farland Skies/Nebula One/Prefabs/SkyboxController.prefab
  artifactKey: Guid(dfcf04dadf8544f478abd03debf5db69) Importer(2089858483,192608db42251d675da83286b1cce702)
Start importing Assets/Farland Skies/Nebula One/Prefabs/SkyboxController.prefab using Guid(dfcf04dadf8544f478abd03debf5db69) Importer(2089858483,192608db42251d675da83286b1cce702) (ScriptedImporter) -> (artifact id: 'bff6649663c02d6ed395850869ffe45c') in 0.0225195 seconds
Number of updated asset objects reloaded before import = 0Number of asset objects unloaded after import = 10

========================================================================
Received Import Request.
  Time since last request: 0.000030 seconds.
  path: Assets/Farland Skies/!Core/Icons/Professional/Cloud_16.png
  artifactKey: Guid(7f1148fb6b49a3d40bdd841a6b693f2e) Importer(2089858483,192608db42251d675da83286b1cce702)
Start importing Assets/Farland Skies/!Core/Icons/Professional/Cloud_16.png using Guid(7f1148fb6b49a3d40bdd841a6b693f2e) Importer(2089858483,192608db42251d675da83286b1cce702) (ScriptedImporter) -> (artifact id: '63f29611beb364229dc5fc8c6aa44367') in 0.007331 seconds
Number of updated asset objects reloaded before import = 0Number of asset objects unloaded after import = 1

========================================================================
Received Import Request.
  Time since last request: 0.000036 seconds.
  path: Assets/Farland Skies/Nebula One/Demo/Standart/Models/Sphere.fbx
  artifactKey: Guid(5916e604688960540b3488cc7c442181) Importer(2089858483,192608db42251d675da83286b1cce702)
Start importing Assets/Farland Skies/Nebula One/Demo/Standart/Models/Sphere.fbx using Guid(5916e604688960540b3488cc7c442181) Importer(2089858483,192608db42251d675da83286b1cce702) (ScriptedImporter) -> (artifact id: '5d512b9993df4a6a0bfa5868672245b8') in 0.02367075 seconds
Number of updated asset objects reloaded before import = 0Number of asset objects unloaded after import = 7

========================================================================
Received Import Request.
  Time since last request: 0.000036 seconds.
  path: Assets/Farland Skies/!Core/Icons/Professional/Sun_16.png
  artifactKey: Guid(92a3091ea0729a1438ca1e80db1821cc) Importer(2089858483,192608db42251d675da83286b1cce702)
Start importing Assets/Farland Skies/!Core/Icons/Professional/Sun_16.png using Guid(92a3091ea0729a1438ca1e80db1821cc) Importer(2089858483,192608db42251d675da83286b1cce702) (ScriptedImporter) -> (artifact id: '633e751c95ec8029b365268f5a342072') in 0.005173916 seconds
Number of updated asset objects reloaded before import = 0Number of asset objects unloaded after import = 1

========================================================================
Received Import Request.
  Time since last request: 0.000038 seconds.
  path: Assets/Farland Skies/Nebula One/Demo/Standart/Models/Materials/Orbit.mat
  artifactKey: Guid(86f435d23b6be4842a6bc57235101a28) Importer(2089858483,192608db42251d675da83286b1cce702)
Start importing Assets/Farland Skies/Nebula One/Demo/Standart/Models/Materials/Orbit.mat using Guid(86f435d23b6be4842a6bc57235101a28) Importer(2089858483,192608db42251d675da83286b1cce702) (ScriptedImporter) -> (artifact id: 'd98dbeb20352a5c67c428ad182e1d5d8') in 0.002941833 seconds
Number of updated asset objects reloaded before import = 0Number of asset objects unloaded after import = 2

========================================================================
Received Import Request.
  Time since last request: 0.000037 seconds.
  path: Assets/Farland Skies/Nebula One/Demo/Standart/Scripts/UI/ProgressSlider.cs
  artifactKey: Guid(736b662f01d992443a4458401809d96c) Importer(2089858483,192608db42251d675da83286b1cce702)
Start importing Assets/Farland Skies/Nebula One/Demo/Standart/Scripts/UI/ProgressSlider.cs using Guid(736b662f01d992443a4458401809d96c) Importer(2089858483,192608db42251d675da83286b1cce702) (ScriptedImporter) -> (artifact id: 'cccf3b83517920dceb9012ad45f8e5f1') in 0.002194292 seconds
Number of updated asset objects reloaded before import = 0Number of asset objects unloaded after import = 0

========================================================================
Received Import Request.
  Time since last request: 12.429517 seconds.
  path: Assets/Farland Skies/Nebula One/Scripts
  artifactKey: Guid(bbd219ae9766b8648aa88ee45997af9d) Importer(815301076,1909f56bfc062723c751e8b465ee728b)
Start importing Assets/Farland Skies/Nebula One/Scripts using Guid(bbd219ae9766b8648aa88ee45997af9d) Importer(815301076,1909f56bfc062723c751e8b465ee728b) (PreviewImporter) -> (artifact id: '1cdcb0e5c41389ac4028e32b27991e06') in 0.001156125 seconds
Number of updated asset objects reloaded before import = 0Number of asset objects unloaded after import = 0

========================================================================
Received Prepare
WARNING: Shader Unsupported: 'Universal Render Pipeline/VR/SpatialMapping/Wireframe' - All subshaders removed
WARNING: Shader Did you use #pragma only_renderers and omit this platform?
WARNING: Shader If subshaders removal was intentional, you may have forgotten turning Fallback off?
WARNING: Shader Unsupported: 'Universal Render Pipeline/VR/SpatialMapping/Wireframe' - All subshaders removed
WARNING: Shader Did you use #pragma only_renderers and omit this platform?
WARNING: Shader If subshaders removal was intentional, you may have forgotten turning Fallback off?
Refreshing native plugins compatible for Editor in 0.43 ms, found 3 plugins.
Preloading 0 native plugins for Editor in 0.00 ms.
Unloading 28 Unused Serialized files (Serialized files now loaded: 0)
Unloading 6907 unused Assets / (6.0 MB). Loaded Objects now: 7678.
Memory consumption went from 151.6 MB to 145.6 MB.
Total: 8.322417 ms (FindLiveObjects: 0.452083 ms CreateObjectMapping: 0.244084 ms MarkObjects: 5.931375 ms  DeleteObjects: 1.694708 ms)

Prepare: number of updated asset objects reloaded= 0
========================================================================
Received Prepare
WARNING: Shader Unsupported: 'Universal Render Pipeline/VR/SpatialMapping/Wireframe' - All subshaders removed
WARNING: Shader Did you use #pragma only_renderers and omit this platform?
WARNING: Shader If subshaders removal was intentional, you may have forgotten turning Fallback off?
WARNING: Shader Unsupported: 'Universal Render Pipeline/VR/SpatialMapping/Wireframe' - All subshaders removed
WARNING: Shader Did you use #pragma only_renderers and omit this platform?
WARNING: Shader If subshaders removal was intentional, you may have forgotten turning Fallback off?
Refreshing native plugins compatible for Editor in 0.65 ms, found 3 plugins.
Preloading 0 native plugins for Editor in 0.00 ms.
Unloading 28 Unused Serialized files (Serialized files now loaded: 0)
Unloading 6900 unused Assets / (6.1 MB). Loaded Objects now: 7672.
Memory consumption went from 151.6 MB to 145.5 MB.
Total: 19.431709 ms (FindLiveObjects: 0.464417 ms CreateObjectMapping: 0.234833 ms MarkObjects: 16.866917 ms  DeleteObjects: 1.865042 ms)

Prepare: number of updated asset objects reloaded= 0
========================================================================
Received Prepare
Begin MonoManager ReloadAssembly
[Licensing::Client] Successfully resolved entitlement details
Thread 0x16f47f000 may have been prematurely finalized
- Loaded All Assemblies, in  0.572 seconds
Refreshing native plugins compatible for Editor in 0.39 ms, found 3 plugins.
Native extension for OSXStandalone target not found
Native extension for WebGL target not found
[Package Manager] Failed to launch server process. Reason: Unity was launched with the -noUpm command-line argument
[Package Manager] Unable to send message (not connected to server process).
[Package Manager] Cannot connect to Unity Package Manager local server
Mono: successfully reloaded assembly
- Finished resetting the current domain, in  0.507 seconds
Domain Reload Profiling: 1082ms
	BeginReloadAssembly (169ms)
		ExecutionOrderSort (0ms)
		DisableScriptedObjects (14ms)
		BackupInstance (0ms)
		ReleaseScriptingObjects (0ms)
		CreateAndSetChildDomain (55ms)
	RebuildCommonClasses (23ms)
	RebuildNativeTypeToScriptingClass (9ms)
	initialDomainReloadingComplete (21ms)
	LoadAllAssembliesAndSetupDomain (353ms)
		LoadAssemblies (260ms)
		RebuildTransferFunctionScriptingTraits (0ms)
		AnalyzeDomain (141ms)
			TypeCache.Refresh (16ms)
				TypeCache.ScanAssembly (0ms)
			BuildScriptInfoCaches (117ms)
			ResolveRequiredComponents (6ms)
	FinalizeReload (508ms)
		ReleaseScriptCaches (0ms)
		RebuildScriptCaches (0ms)
		SetupLoadedEditorAssemblies (416ms)
			LogAssemblyErrors (0ms)
			InitializePlatformSupportModulesInManaged (1ms)
			SetLoadedEditorAssemblies (2ms)
			BeforeProcessingInitializeOnLoad (88ms)
			ProcessInitializeOnLoadAttributes (290ms)
			ProcessInitializeOnLoadMethodAttributes (32ms)
			AfterProcessingInitializeOnLoad (3ms)
			EditorAssembliesLoaded (0ms)
		ExecutionOrderSort2 (0ms)
		AwakeInstancesAfterBackupRestoration (7ms)
WARNING: Shader Unsupported: 'Universal Render Pipeline/VR/SpatialMapping/Wireframe' - All subshaders removed
WARNING: Shader Did you use #pragma only_renderers and omit this platform?
WARNING: Shader If subshaders removal was intentional, you may have forgotten turning Fallback off?
WARNING: Shader Unsupported: 'Universal Render Pipeline/VR/SpatialMapping/Wireframe' - All subshaders removed
WARNING: Shader Did you use #pragma only_renderers and omit this platform?
WARNING: Shader If subshaders removal was intentional, you may have forgotten turning Fallback off?
Refreshing native plugins compatible for Editor in 0.54 ms, found 3 plugins.
Preloading 0 native plugins for Editor in 0.00 ms.
Unloading 28 Unused Serialized files (Serialized files now loaded: 0)
Unloading 6911 unused Assets / (5.9 MB). Loaded Objects now: 7675.
Memory consumption went from 159.4 MB to 153.5 MB.
Total: 6.668166 ms (FindLiveObjects: 0.386000 ms CreateObjectMapping: 0.262875 ms MarkObjects: 4.423125 ms  DeleteObjects: 1.595875 ms)

Prepare: number of updated asset objects reloaded= 0
========================================================================
Received Import Request.
  Time since last request: 25.980092 seconds.
  path: Assets/Farland Skies/Nebula One/Skyboxes
  artifactKey: Guid(cdd40358e6d14e64fa1909370d10102f) Importer(815301076,1909f56bfc062723c751e8b465ee728b)
Start importing Assets/Farland Skies/Nebula One/Skyboxes using Guid(cdd40358e6d14e64fa1909370d10102f) Importer(815301076,1909f56bfc062723c751e8b465ee728b) (PreviewImporter) -> (artifact id: '006f1de87fa8c4c2cc036acee09673f7') in 0.001092 seconds
Number of updated asset objects reloaded before import = 0Number of asset objects unloaded after import = 0

========================================================================
Received Import Request.
  Time since last request: 0.000028 seconds.
  path: Assets/Farland Skies/Nebula One/Skyboxes/NebulaOneSkybox.mat
  artifactKey: Guid(bb03635451bf13849b0ed0e11c767c24) Importer(815301076,1909f56bfc062723c751e8b465ee728b)
Start importing Assets/Farland Skies/Nebula One/Skyboxes/NebulaOneSkybox.mat using Guid(bb03635451bf13849b0ed0e11c767c24) Importer(815301076,1909f56bfc062723c751e8b465ee728b) (PreviewImporter) -> (artifact id: '94dbc95e4b5a801f452799147ddad59b') in 0.4131005 seconds
Number of updated asset objects reloaded before import = 0Number of asset objects unloaded after import = 5

========================================================================
Received Import Request.
  Time since last request: 10.871468 seconds.
  path: Assets/Farland Skies/Nebula One/Textures/Starfield.png
  artifactKey: Guid(b34e4464087e53a449104885828f6460) Importer(815301076,1909f56bfc062723c751e8b465ee728b)
Start importing Assets/Farland Skies/Nebula One/Textures/Starfield.png using Guid(b34e4464087e53a449104885828f6460) Importer(815301076,1909f56bfc062723c751e8b465ee728b) (PreviewImporter) -> (artifact id: '325d5fb84c523fa4de26aba9a15a043e') in 0.021083542 seconds
Number of updated asset objects reloaded before import = 0Number of asset objects unloaded after import = 1

========================================================================
Received Import Request.
  Time since last request: 31.013898 seconds.
  path: Assets/2D Space Kit/Particles (Sprites)/Materials/Beam.mat
  artifactKey: Guid(8779c962636b1694280e3c19e3d9b000) Importer(815301076,1909f56bfc062723c751e8b465ee728b)
Start importing Assets/2D Space Kit/Particles (Sprites)/Materials/Beam.mat using Guid(8779c962636b1694280e3c19e3d9b000) Importer(815301076,1909f56bfc062723c751e8b465ee728b) (PreviewImporter) -> (artifact id: '7f3a7342af472afc47ed73b7d153d38e') in 0.0132075 seconds
Number of updated asset objects reloaded before import = 0Number of asset objects unloaded after import = 2

========================================================================
Received Import Request.
  Time since last request: 0.000045 seconds.
  path: Assets/2D Space Kit/Particles (Sprites)/Materials/Flare Animorphic.mat
  artifactKey: Guid(7f3b305abdd7aa1419d31a9a9d5ba2c2) Importer(815301076,1909f56bfc062723c751e8b465ee728b)
Start importing Assets/2D Space Kit/Particles (Sprites)/Materials/Flare Animorphic.mat using Guid(7f3b305abdd7aa1419d31a9a9d5ba2c2) Importer(815301076,1909f56bfc062723c751e8b465ee728b) (PreviewImporter) -> (artifact id: '856db24be187cdf7e3e58977e84b287c') in 0.006180958 seconds
Number of updated asset objects reloaded before import = 0Number of asset objects unloaded after import = 2

========================================================================
Received Import Request.
  Time since last request: 1.358148 seconds.
  path: Assets/TextMesh Pro/Fonts/LiberationSans.ttf
  artifactKey: Guid(e3265ab4bf004d28a9537516768c1c75) Importer(815301076,1909f56bfc062723c751e8b465ee728b)
Start importing Assets/TextMesh Pro/Fonts/LiberationSans.ttf using Guid(e3265ab4bf004d28a9537516768c1c75) Importer(815301076,1909f56bfc062723c751e8b465ee728b) (PreviewImporter) -> (artifact id: 'c7cc487043c65f6c3a957d2cd893c9d8') in 0.013878125 seconds
Number of updated asset objects reloaded before import = 0Number of asset objects unloaded after import = 4

========================================================================
Received Import Request.
  Time since last request: 0.012079 seconds.
  path: Assets/TextMesh Pro/Resources/Fonts & Materials/LiberationSans SDF - Drop Shadow.mat
  artifactKey: Guid(e73a58f6e2794ae7b1b7e50b7fb811b0) Importer(815301076,1909f56bfc062723c751e8b465ee728b)
Start importing Assets/TextMesh Pro/Resources/Fonts & Materials/LiberationSans SDF - Drop Shadow.mat using Guid(e73a58f6e2794ae7b1b7e50b7fb811b0) Importer(815301076,1909f56bfc062723c751e8b465ee728b) (PreviewImporter) -> (artifact id: 'e3665680109b600bb02099792664311c') in 0.109391709 seconds
Number of updated asset objects reloaded before import = 0Number of asset objects unloaded after import = 2

========================================================================
Received Import Request.
  Time since last request: 0.012482 seconds.
  path: Assets/2D Space Kit/Particles (Sprites)/Materials/Smoke Trail 2.mat
  artifactKey: Guid(b4c2576f22771bb49a502bb2b75ba1b5) Importer(815301076,1909f56bfc062723c751e8b465ee728b)
Start importing Assets/2D Space Kit/Particles (Sprites)/Materials/Smoke Trail 2.mat using Guid(b4c2576f22771bb49a502bb2b75ba1b5) Importer(815301076,1909f56bfc062723c751e8b465ee728b) (PreviewImporter) -> (artifact id: '22d6597d2b4662caf77c0b2588832f9a') in 0.0054025 seconds
Number of updated asset objects reloaded before import = 0Number of asset objects unloaded after import = 2

========================================================================
Received Import Request.
  Time since last request: 0.034630 seconds.
  path: Assets/TextMesh Pro/Shaders/TMP_SDF-HDRP UNLIT.shadergraph
  artifactKey: Guid(f63d574838ccfb44f84acc05fed0af48) Importer(815301076,1909f56bfc062723c751e8b465ee728b)
Start importing Assets/TextMesh Pro/Shaders/TMP_SDF-HDRP UNLIT.shadergraph using Guid(f63d574838ccfb44f84acc05fed0af48) Importer(815301076,1909f56bfc062723c751e8b465ee728b) (PreviewImporter) -> (artifact id: 'f66f1e213bd393f79d6702884d0709d7') in 0.00600675 seconds
Number of updated asset objects reloaded before import = 0Number of asset objects unloaded after import = 2

========================================================================
Received Import Request.
  Time since last request: 0.096780 seconds.
  path: Assets/TextMesh Pro/Shaders/TMP_SDF-URP Unlit.shadergraph
  artifactKey: Guid(124c112a6e8f1a54e8b0870e881b56d8) Importer(815301076,1909f56bfc062723c751e8b465ee728b)
Start importing Assets/TextMesh Pro/Shaders/TMP_SDF-URP Unlit.shadergraph using Guid(124c112a6e8f1a54e8b0870e881b56d8) Importer(815301076,1909f56bfc062723c751e8b465ee728b) (PreviewImporter) -> (artifact id: 'c791f1a6173747644e46e72ffb6342b7') in 0.385428417 seconds
Number of updated asset objects reloaded before import = 0Number of asset objects unloaded after import = 3

========================================================================
Received Import Request.
  Time since last request: 45.276657 seconds.
  path: ProjectSettings/TagManager.asset
  artifactKey: Guid(00000000000000003000000000000000) Importer(815301076,1909f56bfc062723c751e8b465ee728b)
Start importing ProjectSettings/TagManager.asset using Guid(00000000000000003000000000000000) Importer(815301076,1909f56bfc062723c751e8b465ee728b) (PreviewImporter) -> (artifact id: 'dc6351d09510645e7f505412f663bdbb') in 0.001592291 seconds
Number of updated asset objects reloaded before import = 0Number of asset objects unloaded after import = 0

========================================================================
Received Import Request.
  Time since last request: 92.649256 seconds.
  path: Assets/Farland Skies/Nebula One/Shaders/NebulaOneSkybox.shader
  artifactKey: Guid(e086d09da21dd93409bdcad9cf690b59) Importer(815301076,1909f56bfc062723c751e8b465ee728b)
Start importing Assets/Farland Skies/Nebula One/Shaders/NebulaOneSkybox.shader using Guid(e086d09da21dd93409bdcad9cf690b59) Importer(815301076,1909f56bfc062723c751e8b465ee728b) (PreviewImporter) -> (artifact id: '1f878fa7f1362bf3760776d88e9c7b43') in 0.001203792 seconds
Number of updated asset objects reloaded before import = 0Number of asset objects unloaded after import = 1

========================================================================
Received Import Request.
  Time since last request: 2556.808798 seconds.
  path: Assets/Farland Skies/Nebula One/Prefabs
  artifactKey: Guid(ebd41f608a931fa4592ff835c7acf968) Importer(815301076,1909f56bfc062723c751e8b465ee728b)
Start importing Assets/Farland Skies/Nebula One/Prefabs using Guid(ebd41f608a931fa4592ff835c7acf968) Importer(815301076,1909f56bfc062723c751e8b465ee728b) (PreviewImporter) -> (artifact id: 'b754872ef50eddadfa31c398f54724c8') in 0.00183 seconds
Number of updated asset objects reloaded before import = 0Number of asset objects unloaded after import = 0

========================================================================
Received Import Request.
  Time since last request: 0.000114 seconds.
  path: Assets/Farland Skies/Nebula One/Prefabs/SkyboxAnimator.prefab
  artifactKey: Guid(dc6d395b504b21a4a8dfec3bf685f15d) Importer(815301076,1909f56bfc062723c751e8b465ee728b)
Start importing Assets/Farland Skies/Nebula One/Prefabs/SkyboxAnimator.prefab using Guid(dc6d395b504b21a4a8dfec3bf685f15d) Importer(815301076,1909f56bfc062723c751e8b465ee728b) (PreviewImporter) -> (artifact id: '39546cb245df6700d1744e0288454e6a') in 0.018210708 seconds
Number of updated asset objects reloaded before import = 0Number of asset objects unloaded after import = 5

========================================================================
Received Import Request.
  Time since last request: 6.584628 seconds.
  path: Assets/Farland Skies/!Core/Icons
  artifactKey: Guid(03f6372caa377244b9e5fbae77b05bd7) Importer(815301076,1909f56bfc062723c751e8b465ee728b)
Start importing Assets/Farland Skies/!Core/Icons using Guid(03f6372caa377244b9e5fbae77b05bd7) Importer(815301076,1909f56bfc062723c751e8b465ee728b) (PreviewImporter) -> (artifact id: '7a128e55fecb24fa0a8c106fcc39517b') in 0.001155084 seconds
Number of updated asset objects reloaded before import = 0Number of asset objects unloaded after import = 0

========================================================================
Received Import Request.
  Time since last request: 0.713348 seconds.
  path: Assets/Farland Skies/!Core/Icons/Personal
  artifactKey: Guid(7993ca1ce9422cd4b88f709c231d65e3) Importer(815301076,1909f56bfc062723c751e8b465ee728b)
Start importing Assets/Farland Skies/!Core/Icons/Personal using Guid(7993ca1ce9422cd4b88f709c231d65e3) Importer(815301076,1909f56bfc062723c751e8b465ee728b) (PreviewImporter) -> (artifact id: 'd7f42fea1deec2e9678ea0a624cf7e68') in 0.000588 seconds
Number of updated asset objects reloaded before import = 0Number of asset objects unloaded after import = 0

========================================================================
Received Import Request.
  Time since last request: 0.033030 seconds.
  path: Assets/Farland Skies/!Core/Icons/Personal/Cloud_16.png
  artifactKey: Guid(e90f5504ff917584c82bc1c09b03885a) Importer(815301076,1909f56bfc062723c751e8b465ee728b)
Start importing Assets/Farland Skies/!Core/Icons/Personal/Cloud_16.png using Guid(e90f5504ff917584c82bc1c09b03885a) Importer(815301076,1909f56bfc062723c751e8b465ee728b) (PreviewImporter) -> (artifact id: '07088bf2905dd045e56d86f849cb4eef') in 0.012800791 seconds
Number of updated asset objects reloaded before import = 0Number of asset objects unloaded after import = 2

========================================================================
Received Import Request.
  Time since last request: 0.000050 seconds.
  path: Assets/Farland Skies/!Core/Icons/Personal/Sun_16.png
  artifactKey: Guid(eadf1e59b45dfcf4fad48bd6d008b334) Importer(815301076,1909f56bfc062723c751e8b465ee728b)
Start importing Assets/Farland Skies/!Core/Icons/Personal/Sun_16.png using Guid(eadf1e59b45dfcf4fad48bd6d008b334) Importer(815301076,1909f56bfc062723c751e8b465ee728b) (PreviewImporter) -> (artifact id: '152fb0a131ed8f643bf90796cfeeda2f') in 0.004026208 seconds
Number of updated asset objects reloaded before import = 0Number of asset objects unloaded after import = 2

========================================================================
Received Import Request.
  Time since last request: 0.000045 seconds.
  path: Assets/Farland Skies/!Core/Icons/Personal/Star_16.png
  artifactKey: Guid(49aead93c56918e4f92963a5097a0cbe) Importer(815301076,1909f56bfc062723c751e8b465ee728b)
Start importing Assets/Farland Skies/!Core/Icons/Personal/Star_16.png using Guid(49aead93c56918e4f92963a5097a0cbe) Importer(815301076,1909f56bfc062723c751e8b465ee728b) (PreviewImporter) -> (artifact id: 'e3052498a8dd0f142d7c40e3e66a66ad') in 0.003971667 seconds
Number of updated asset objects reloaded before import = 0Number of asset objects unloaded after import = 2

========================================================================
Received Import Request.
  Time since last request: 1.939053 seconds.
  path: Assets/Farland Skies/!Core/Icons/Professional
  artifactKey: Guid(75047a56a8ede0c458d6c928e84ec0b9) Importer(815301076,1909f56bfc062723c751e8b465ee728b)
Start importing Assets/Farland Skies/!Core/Icons/Professional using Guid(75047a56a8ede0c458d6c928e84ec0b9) Importer(815301076,1909f56bfc062723c751e8b465ee728b) (PreviewImporter) -> (artifact id: '5b6ea48cf8ddbf9f7a46620ca72ce871') in 0.000322958 seconds
Number of updated asset objects reloaded before import = 0Number of asset objects unloaded after import = 0

========================================================================
Received Import Request.
  Time since last request: 0.152728 seconds.
  path: Assets/Farland Skies/!Core/Icons/Professional/Cloud_16.png
  artifactKey: Guid(7f1148fb6b49a3d40bdd841a6b693f2e) Importer(815301076,1909f56bfc062723c751e8b465ee728b)
Start importing Assets/Farland Skies/!Core/Icons/Professional/Cloud_16.png using Guid(7f1148fb6b49a3d40bdd841a6b693f2e) Importer(815301076,1909f56bfc062723c751e8b465ee728b) (PreviewImporter) -> (artifact id: 'fa817a74b3b6fc78d783429cf042a827') in 0.003565375 seconds
Number of updated asset objects reloaded before import = 0Number of asset objects unloaded after import = 2

========================================================================
Received Import Request.
  Time since last request: 0.000044 seconds.
  path: Assets/Farland Skies/!Core/Icons/Professional/Sun_16.png
  artifactKey: Guid(92a3091ea0729a1438ca1e80db1821cc) Importer(815301076,1909f56bfc062723c751e8b465ee728b)
Start importing Assets/Farland Skies/!Core/Icons/Professional/Sun_16.png using Guid(92a3091ea0729a1438ca1e80db1821cc) Importer(815301076,1909f56bfc062723c751e8b465ee728b) (PreviewImporter) -> (artifact id: '689a1b1088c60e8ecb9f2f4f49e75292') in 0.003255 seconds
Number of updated asset objects reloaded before import = 0Number of asset objects unloaded after import = 2

========================================================================
Received Import Request.
  Time since last request: 0.000045 seconds.
  path: Assets/Farland Skies/!Core/Icons/Professional/Star_16.png
  artifactKey: Guid(a1bf0edda508c31499e8c13d7a0759b7) Importer(815301076,1909f56bfc062723c751e8b465ee728b)
Start importing Assets/Farland Skies/!Core/Icons/Professional/Star_16.png using Guid(a1bf0edda508c31499e8c13d7a0759b7) Importer(815301076,1909f56bfc062723c751e8b465ee728b) (PreviewImporter) -> (artifact id: 'a1a945102ec1e7455530f198361c63bd') in 0.003450208 seconds
Number of updated asset objects reloaded before import = 0Number of asset objects unloaded after import = 2

========================================================================
Received Import Request.
  Time since last request: 15.452567 seconds.
  path: Assets/Farland Skies/Nebula One/Textures
  artifactKey: Guid(2d8a7ebf58f35544ea83a40539cfd16a) Importer(815301076,1909f56bfc062723c751e8b465ee728b)
Start importing Assets/Farland Skies/Nebula One/Textures using Guid(2d8a7ebf58f35544ea83a40539cfd16a) Importer(815301076,1909f56bfc062723c751e8b465ee728b) (PreviewImporter) -> (artifact id: '3793475dbbf9aecb94784642a5cca617') in 0.000316125 seconds
Number of updated asset objects reloaded before import = 0Number of asset objects unloaded after import = 0

========================================================================
Received Import Request.
  Time since last request: 87.661388 seconds.
  path: Assets/Farland Skies/Nebula One/Materials/NebulaDiffusion.mat
  artifactKey: Guid(f5d465ac282974554b97d0e3e30a5802) Importer(815301076,1909f56bfc062723c751e8b465ee728b)
Start importing Assets/Farland Skies/Nebula One/Materials/NebulaDiffusion.mat using Guid(f5d465ac282974554b97d0e3e30a5802) Importer(815301076,1909f56bfc062723c751e8b465ee728b) (PreviewImporter) -> (artifact id: '0aac9d2ed4cab0041a3b6726f76917ec') in 0.033675916 seconds
Number of updated asset objects reloaded before import = 0Number of asset objects unloaded after import = 2

========================================================================
Received Import Request.
  Time since last request: 0.318436 seconds.
  path: Assets/Farland Skies/Nebula One/Materials/Starfield.mat
  artifactKey: Guid(6b47557b3683046f48420e8d6394f248) Importer(815301076,1909f56bfc062723c751e8b465ee728b)
Start importing Assets/Farland Skies/Nebula One/Materials/Starfield.mat using Guid(6b47557b3683046f48420e8d6394f248) Importer(815301076,1909f56bfc062723c751e8b465ee728b) (PreviewImporter) -> (artifact id: '043840960c6473cc9843457d4bb32577') in 0.011129333 seconds
Number of updated asset objects reloaded before import = 0Number of asset objects unloaded after import = 2

========================================================================
Received Prepare
Begin MonoManager ReloadAssembly
[Licensing::Client] Successfully resolved entitlement details
Thread 0x16f47f000 may have been prematurely finalized
- Loaded All Assemblies, in  0.503 seconds
Refreshing native plugins compatible for Editor in 0.39 ms, found 3 plugins.
Native extension for OSXStandalone target not found
Native extension for WebGL target not found
[Package Manager] Failed to launch server process. Reason: Unity was launched with the -noUpm command-line argument
[Package Manager] Unable to send message (not connected to server process).
[Package Manager] Cannot connect to Unity Package Manager local server
Mono: successfully reloaded assembly
- Finished resetting the current domain, in  0.506 seconds
Domain Reload Profiling: 1013ms
	BeginReloadAssembly (169ms)
		ExecutionOrderSort (0ms)
		DisableScriptedObjects (22ms)
		BackupInstance (0ms)
		ReleaseScriptingObjects (0ms)
		CreateAndSetChildDomain (56ms)
	RebuildCommonClasses (22ms)
	RebuildNativeTypeToScriptingClass (9ms)
	initialDomainReloadingComplete (15ms)
	LoadAllAssembliesAndSetupDomain (289ms)
		LoadAssemblies (204ms)
		RebuildTransferFunctionScriptingTraits (0ms)
		AnalyzeDomain (130ms)
			TypeCache.Refresh (9ms)
				TypeCache.ScanAssembly (0ms)
			BuildScriptInfoCaches (111ms)
			ResolveRequiredComponents (6ms)
	FinalizeReload (507ms)
		ReleaseScriptCaches (0ms)
		RebuildScriptCaches (0ms)
		SetupLoadedEditorAssemblies (416ms)
			LogAssemblyErrors (0ms)
			InitializePlatformSupportModulesInManaged (1ms)
			SetLoadedEditorAssemblies (2ms)
			BeforeProcessingInitializeOnLoad (84ms)
			ProcessInitializeOnLoadAttributes (294ms)
			ProcessInitializeOnLoadMethodAttributes (33ms)
			AfterProcessingInitializeOnLoad (1ms)
			EditorAssembliesLoaded (0ms)
		ExecutionOrderSort2 (0ms)
		AwakeInstancesAfterBackupRestoration (6ms)
WARNING: Shader Unsupported: 'Universal Render Pipeline/VR/SpatialMapping/Wireframe' - All subshaders removed
WARNING: Shader Did you use #pragma only_renderers and omit this platform?
WARNING: Shader If subshaders removal was intentional, you may have forgotten turning Fallback off?
WARNING: Shader Unsupported: 'Universal Render Pipeline/VR/SpatialMapping/Wireframe' - All subshaders removed
WARNING: Shader Did you use #pragma only_renderers and omit this platform?
WARNING: Shader If subshaders removal was intentional, you may have forgotten turning Fallback off?
Refreshing native plugins compatible for Editor in 0.47 ms, found 3 plugins.
Preloading 0 native plugins for Editor in 0.00 ms.
Unloading 29 Unused Serialized files (Serialized files now loaded: 0)
Unloading 6911 unused Assets / (6.5 MB). Loaded Objects now: 7752.
Memory consumption went from 164.6 MB to 158.1 MB.
Total: 6.516625 ms (FindLiveObjects: 0.381083 ms CreateObjectMapping: 0.236500 ms MarkObjects: 4.172542 ms  DeleteObjects: 1.726083 ms)

Prepare: number of updated asset objects reloaded= 0
========================================================================
Received Import Request.
  Time since last request: 234.395407 seconds.
  path: Assets/Farland Skies/Nebula One/Materials
  artifactKey: Guid(307e6471e59324546a3f3294e42f7756) Importer(2089858483,192608db42251d675da83286b1cce702)
Start importing Assets/Farland Skies/Nebula One/Materials using Guid(307e6471e59324546a3f3294e42f7756) Importer(2089858483,192608db42251d675da83286b1cce702) (ScriptedImporter) -> (artifact id: '8c2e2e962889c48a6f19bb3480eaf767') in 0.081871041 seconds
Number of updated asset objects reloaded before import = 0Number of asset objects unloaded after import = 1

========================================================================
Received Import Request.
  Time since last request: 0.000030 seconds.
  path: Assets/Farland Skies/Nebula One/Materials/NebulaDiffusion.mat
  artifactKey: Guid(f5d465ac282974554b97d0e3e30a5802) Importer(2089858483,192608db42251d675da83286b1cce702)
Start importing Assets/Farland Skies/Nebula One/Materials/NebulaDiffusion.mat using Guid(f5d465ac282974554b97d0e3e30a5802) Importer(2089858483,192608db42251d675da83286b1cce702) (ScriptedImporter) -> (artifact id: 'f677bf856c977625737c5fe2bf73e9c5') in 0.024309 seconds
Number of updated asset objects reloaded before import = 0Number of asset objects unloaded after import = 2

========================================================================
Received Import Request.
  Time since last request: 6.598275 seconds.
  path: Assets/ASSets
  artifactKey: Guid(5a39107c5094a40d0ac50f1b788ef670) Importer(815301076,1909f56bfc062723c751e8b465ee728b)
Start importing Assets/ASSets using Guid(5a39107c5094a40d0ac50f1b788ef670) Importer(815301076,1909f56bfc062723c751e8b465ee728b) (PreviewImporter) -> (artifact id: '08a341862199d6c0cc733d59c6aff0a5') in 0.000399708 seconds
Number of updated asset objects reloaded before import = 0Number of asset objects unloaded after import = 0

========================================================================
Received Import Request.
  Time since last request: 0.929526 seconds.
  path: Assets/ASSets
  artifactKey: Guid(5a39107c5094a40d0ac50f1b788ef670) Importer(2089858483,192608db42251d675da83286b1cce702)
Start importing Assets/ASSets using Guid(5a39107c5094a40d0ac50f1b788ef670) Importer(2089858483,192608db42251d675da83286b1cce702) (ScriptedImporter) -> (artifact id: 'e29f5e8f729880464efa637678dc3dcb') in 0.001916583 seconds
Number of updated asset objects reloaded before import = 0Number of asset objects unloaded after import = 1

========================================================================
Received Import Request.
  Time since last request: 4.017140 seconds.
  path: Assets/ASSets/2D Space Kit/Asteroids
  artifactKey: Guid(d8f2b58ffa97f48308ad307910e451ff) Importer(2089858483,192608db42251d675da83286b1cce702)
Start importing Assets/ASSets/2D Space Kit/Asteroids using Guid(d8f2b58ffa97f48308ad307910e451ff) Importer(2089858483,192608db42251d675da83286b1cce702) (ScriptedImporter) -> (artifact id: '5d5a87b8a2770cbb8497b88a7961fdbc') in 0.001920667 seconds
Number of updated asset objects reloaded before import = 0Number of asset objects unloaded after import = 1

========================================================================
Received Import Request.
  Time since last request: 0.000074 seconds.
  path: Assets/ASSets/2D Space Kit/Background Elements/Planets/(Small) Rocky 1.png
  artifactKey: Guid(40c6b12207a2f7b4d89cebd87c303801) Importer(2089858483,192608db42251d675da83286b1cce702)
Start importing Assets/ASSets/2D Space Kit/Background Elements/Planets/(Small) Rocky 1.png using Guid(40c6b12207a2f7b4d89cebd87c303801) Importer(2089858483,192608db42251d675da83286b1cce702) (ScriptedImporter) -> (artifact id: '2f25be485cfbe9307f235e06fed73062') in 0.04179725 seconds
Number of updated asset objects reloaded before import = 0Number of asset objects unloaded after import = 3

========================================================================
Received Import Request.
  Time since last request: 0.000048 seconds.
  path: Assets/ASSets/2D Space Kit/Ships and Stations/Alien 2.png
  artifactKey: Guid(a507e4d319138d44482579bc5610a9e5) Importer(2089858483,192608db42251d675da83286b1cce702)
Start importing Assets/ASSets/2D Space Kit/Ships and Stations/Alien 2.png using Guid(a507e4d319138d44482579bc5610a9e5) Importer(2089858483,192608db42251d675da83286b1cce702) (ScriptedImporter) -> (artifact id: '9da5b0d5473d5a5be2ebb317fc382f5a') in 0.006801292 seconds
Number of updated asset objects reloaded before import = 0Number of asset objects unloaded after import = 3

========================================================================
Received Import Request.
  Time since last request: 0.000050 seconds.
  path: Assets/ASSets/2D Space Kit/Particles (Sprites)/SmokeTrail1.png
  artifactKey: Guid(5a498135b1c95f34b804b3d69acf2032) Importer(2089858483,192608db42251d675da83286b1cce702)
Start importing Assets/ASSets/2D Space Kit/Particles (Sprites)/SmokeTrail1.png using Guid(5a498135b1c95f34b804b3d69acf2032) Importer(2089858483,192608db42251d675da83286b1cce702) (ScriptedImporter) -> (artifact id: '6dfc2a9ceff832ec13a83cead08337da') in 0.008046583 seconds
Number of updated asset objects reloaded before import = 0Number of asset objects unloaded after import = 1

========================================================================
Received Import Request.
  Time since last request: 0.000039 seconds.
  path: Assets/ASSets/2D Space Kit/Backgrounds
  artifactKey: Guid(0e367e1d374b64580a6e9268edd83d30) Importer(2089858483,192608db42251d675da83286b1cce702)
Start importing Assets/ASSets/2D Space Kit/Backgrounds using Guid(0e367e1d374b64580a6e9268edd83d30) Importer(2089858483,192608db42251d675da83286b1cce702) (ScriptedImporter) -> (artifact id: '0581027275dd80dbe34f46d9b27e62cf') in 0.001938458 seconds
Number of updated asset objects reloaded before import = 0Number of asset objects unloaded after import = 1

========================================================================
Received Import Request.
  Time since last request: 0.000057 seconds.
  path: Assets/ASSets/2D Space Kit/Backgrounds/Red Nebula 2048/background4.jpg
  artifactKey: Guid(fb594d11fe97b1f49950198315d5ccef) Importer(2089858483,192608db42251d675da83286b1cce702)
Start importing Assets/ASSets/2D Space Kit/Backgrounds/Red Nebula 2048/background4.jpg using Guid(fb594d11fe97b1f49950198315d5ccef) Importer(2089858483,192608db42251d675da83286b1cce702) (ScriptedImporter) -> (artifact id: '1c034d15f684279c9fdbbd2ca07d0067') in 0.013648208 seconds
Number of updated asset objects reloaded before import = 0Number of asset objects unloaded after import = 3

========================================================================
Received Import Request.
  Time since last request: 0.000082 seconds.
  path: Assets/ASSets/2D Space Kit/Debris/Debris (5).png
  artifactKey: Guid(f0e169203ece9a743b398a34d45a0269) Importer(2089858483,192608db42251d675da83286b1cce702)
Start importing Assets/ASSets/2D Space Kit/Debris/Debris (5).png using Guid(f0e169203ece9a743b398a34d45a0269) Importer(2089858483,192608db42251d675da83286b1cce702) (ScriptedImporter) -> (artifact id: 'b475fbe868768e6fc24491943ec44656') in 0.0066305 seconds
Number of updated asset objects reloaded before import = 0Number of asset objects unloaded after import = 3

========================================================================
Received Import Request.
  Time since last request: 0.000043 seconds.
  path: Assets/ASSets/2D Space Kit/Ships and Stations/Rendering Tip.txt
  artifactKey: Guid(3b0780736a12e654eb11264e4db73818) Importer(2089858483,192608db42251d675da83286b1cce702)
Start importing Assets/ASSets/2D Space Kit/Ships and Stations/Rendering Tip.txt using Guid(3b0780736a12e654eb11264e4db73818) Importer(2089858483,192608db42251d675da83286b1cce702) (ScriptedImporter) -> (artifact id: 'e8dc6a259c5446176aa95e6433121f9e') in 0.002935666 seconds
Number of updated asset objects reloaded before import = 0Number of asset objects unloaded after import = 1

========================================================================
Received Import Request.
  Time since last request: 0.000045 seconds.
  path: Assets/ASSets/2D Space Kit/Particles (Sprites)
  artifactKey: Guid(d06265741eb8b4e669107023b6116109) Importer(2089858483,192608db42251d675da83286b1cce702)
Start importing Assets/ASSets/2D Space Kit/Particles (Sprites) using Guid(d06265741eb8b4e669107023b6116109) Importer(2089858483,192608db42251d675da83286b1cce702) (ScriptedImporter) -> (artifact id: 'a2a9cc1a25b75c9afc0c9932afe4e960') in 0.002232708 seconds
Number of updated asset objects reloaded before import = 0Number of asset objects unloaded after import = 1

========================================================================
Received Import Request.
  Time since last request: 0.000045 seconds.
  path: Assets/ASSets/2D Space Kit/Backgrounds/Red Nebula 2048/background3.jpg
  artifactKey: Guid(cfda85b6bac60044aa300379d4b89e68) Importer(2089858483,192608db42251d675da83286b1cce702)
Start importing Assets/ASSets/2D Space Kit/Backgrounds/Red Nebula 2048/background3.jpg using Guid(cfda85b6bac60044aa300379d4b89e68) Importer(2089858483,192608db42251d675da83286b1cce702) (ScriptedImporter) -> (artifact id: '0a34f972767562d5780b8961c83466d3') in 0.015639417 seconds
Number of updated asset objects reloaded before import = 0Number of asset objects unloaded after import = 3

========================================================================
Received Import Request.
  Time since last request: 0.000049 seconds.
  path: Assets/ASSets/2D Space Kit/Background Elements
  artifactKey: Guid(2878251fb8d3d48688ea8858b5e511fe) Importer(2089858483,192608db42251d675da83286b1cce702)
Start importing Assets/ASSets/2D Space Kit/Background Elements using Guid(2878251fb8d3d48688ea8858b5e511fe) Importer(2089858483,192608db42251d675da83286b1cce702) (ScriptedImporter) -> (artifact id: '3d1ec7d3c41a76031729c5aff18a9ab4') in 0.001752792 seconds
Number of updated asset objects reloaded before import = 0Number of asset objects unloaded after import = 1

========================================================================
Received Import Request.
  Time since last request: 0.000049 seconds.
  path: Assets/ASSets/2D Space Kit/Ships and Stations/Huge 1.png
  artifactKey: Guid(19ea3c87eb07d7f429b7164c647f167f) Importer(2089858483,192608db42251d675da83286b1cce702)
Start importing Assets/ASSets/2D Space Kit/Ships and Stations/Huge 1.png using Guid(19ea3c87eb07d7f429b7164c647f167f) Importer(2089858483,192608db42251d675da83286b1cce702) (ScriptedImporter) -> (artifact id: '477419fd69c441cb2c62027a60f603c7') in 0.011681209 seconds
Number of updated asset objects reloaded before import = 0Number of asset objects unloaded after import = 3

========================================================================
Received Import Request.
  Time since last request: 0.000040 seconds.
  path: Assets/ASSets/2D Space Kit/Particles (Sprites)/Materials/Explosion.mat
  artifactKey: Guid(017d18c2b7095664aad840227b2e22b3) Importer(2089858483,192608db42251d675da83286b1cce702)
Start importing Assets/ASSets/2D Space Kit/Particles (Sprites)/Materials/Explosion.mat using Guid(017d18c2b7095664aad840227b2e22b3) Importer(2089858483,192608db42251d675da83286b1cce702) (ScriptedImporter) -> (artifact id: '72f1c26b9329bbbfb0b330baa2aca008') in 0.002879166 seconds
Number of updated asset objects reloaded before import = 0Number of asset objects unloaded after import = 2

========================================================================
Received Import Request.
  Time since last request: 0.000044 seconds.
  path: Assets/ASSets/2D Space Kit/Background Elements/Planets/Planet Masks/Mask Left 3.png
  artifactKey: Guid(1e9580f886ca99c4cafde3f65717ad1d) Importer(2089858483,192608db42251d675da83286b1cce702)
Start importing Assets/ASSets/2D Space Kit/Background Elements/Planets/Planet Masks/Mask Left 3.png using Guid(1e9580f886ca99c4cafde3f65717ad1d) Importer(2089858483,192608db42251d675da83286b1cce702) (ScriptedImporter) -> (artifact id: '15e41429a1355a226cbed57867956d6e') in 0.009405042 seconds
Number of updated asset objects reloaded before import = 0Number of asset objects unloaded after import = 3

========================================================================
Received Import Request.
  Time since last request: 0.000040 seconds.
  path: Assets/ASSets/2D Space Kit/Background Elements/Planets/Thick Atmo 1.png
  artifactKey: Guid(414e39860927b6c4daaa99c88c5e80e5) Importer(2089858483,192608db42251d675da83286b1cce702)
Start importing Assets/ASSets/2D Space Kit/Background Elements/Planets/Thick Atmo 1.png using Guid(414e39860927b6c4daaa99c88c5e80e5) Importer(2089858483,192608db42251d675da83286b1cce702) (ScriptedImporter) -> (artifact id: '99bd29faf40b095d42cee031eeaba350') in 0.016290042 seconds
Number of updated asset objects reloaded before import = 0Number of asset objects unloaded after import = 3

========================================================================
Received Import Request.
  Time since last request: 0.000042 seconds.
  path: Assets/ASSets/2D Space Kit/Missiles/Missile (3).png
  artifactKey: Guid(9c7df7a295e42674eb093a49346a77db) Importer(2089858483,192608db42251d675da83286b1cce702)
Start importing Assets/ASSets/2D Space Kit/Missiles/Missile (3).png using Guid(9c7df7a295e42674eb093a49346a77db) Importer(2089858483,192608db42251d675da83286b1cce702) (ScriptedImporter) -> (artifact id: 'bae7c48db78826ba998efdb2fbd757b9') in 0.0059525 seconds
Number of updated asset objects reloaded before import = 0Number of asset objects unloaded after import = 3

========================================================================
Received Import Request.
  Time since last request: 0.000046 seconds.
  path: Assets/ASSets/2D Space Kit/Particles (Sprites)/BigFlare.png
  artifactKey: Guid(5c018e4179a9d5245900ded5edc50e91) Importer(2089858483,192608db42251d675da83286b1cce702)
Start importing Assets/ASSets/2D Space Kit/Particles (Sprites)/BigFlare.png using Guid(5c018e4179a9d5245900ded5edc50e91) Importer(2089858483,192608db42251d675da83286b1cce702) (ScriptedImporter) -> (artifact id: '5641f37de624f7d590f2bb7d70be40bb') in 0.009406958 seconds
Number of updated asset objects reloaded before import = 0Number of asset objects unloaded after import = 3

========================================================================
Received Import Request.
  Time since last request: 0.000040 seconds.
  path: Assets/ASSets/2D Space Kit/Background Elements/Planets/Desert 1.png
  artifactKey: Guid(6bdef88550024bf4889656155eb1e123) Importer(2089858483,192608db42251d675da83286b1cce702)
Start importing Assets/ASSets/2D Space Kit/Background Elements/Planets/Desert 1.png using Guid(6bdef88550024bf4889656155eb1e123) Importer(2089858483,192608db42251d675da83286b1cce702) (ScriptedImporter) -> (artifact id: '5af41f3494cdbbf7c727135b9fc54d4f') in 0.015205125 seconds
Number of updated asset objects reloaded before import = 0Number of asset objects unloaded after import = 3

========================================================================
Received Import Request.
  Time since last request: 0.000031 seconds.
  path: Assets/ASSets/2D Space Kit/Debris/Debris (6).png
  artifactKey: Guid(e1352270d3e737942b035266f61965d4) Importer(2089858483,192608db42251d675da83286b1cce702)
Start importing Assets/ASSets/2D Space Kit/Debris/Debris (6).png using Guid(e1352270d3e737942b035266f61965d4) Importer(2089858483,192608db42251d675da83286b1cce702) (ScriptedImporter) -> (artifact id: '9863bf719a1296f2967a7667ac7b3f29') in 0.0188705 seconds
Number of updated asset objects reloaded before import = 0Number of asset objects unloaded after import = 3

========================================================================
Received Import Request.
  Time since last request: 0.000034 seconds.
  path: Assets/ASSets/2D Space Kit/Background Elements/Planets/Planet Masks/Note.txt
  artifactKey: Guid(5742005dd6cae904ea6a8c3a3e778d78) Importer(2089858483,192608db42251d675da83286b1cce702)
Start importing Assets/ASSets/2D Space Kit/Background Elements/Planets/Planet Masks/Note.txt using Guid(5742005dd6cae904ea6a8c3a3e778d78) Importer(2089858483,192608db42251d675da83286b1cce702) (ScriptedImporter) -> (artifact id: '4f75a21c03c0fc3c15d3083e1bfb76ff') in 0.002228417 seconds
Number of updated asset objects reloaded before import = 0Number of asset objects unloaded after import = 1

========================================================================
Received Import Request.
  Time since last request: 0.000038 seconds.
  path: Assets/ASSets/2D Space Kit/Particles (Sprites)/Projectile Sharp.png
  artifactKey: Guid(31d8a46be10bcd3409183a6525fc1635) Importer(2089858483,192608db42251d675da83286b1cce702)
Start importing Assets/ASSets/2D Space Kit/Particles (Sprites)/Projectile Sharp.png using Guid(31d8a46be10bcd3409183a6525fc1635) Importer(2089858483,192608db42251d675da83286b1cce702) (ScriptedImporter) -> (artifact id: 'bd2da63763d22e02e937f0d1e769b8ca') in 0.006689125 seconds
Number of updated asset objects reloaded before import = 0Number of asset objects unloaded after import = 3

========================================================================
Received Import Request.
  Time since last request: 0.000041 seconds.
  path: Assets/ASSets/2D Space Kit/Background Elements/Planets/Earthlike 2.png
  artifactKey: Guid(3442ac8dad963a747bb2692857498584) Importer(2089858483,192608db42251d675da83286b1cce702)
Start importing Assets/ASSets/2D Space Kit/Background Elements/Planets/Earthlike 2.png using Guid(3442ac8dad963a747bb2692857498584) Importer(2089858483,192608db42251d675da83286b1cce702) (ScriptedImporter) -> (artifact id: '161e85f480fb4a2d6077348b19318ecd') in 0.017000292 seconds
Number of updated asset objects reloaded before import = 0Number of asset objects unloaded after import = 3

========================================================================
Received Import Request.
  Time since last request: 0.000034 seconds.
  path: Assets/ASSets/2D Space Kit/Turrets/Turret Medium 2.png
  artifactKey: Guid(a1a667fce840ba24190516baafb53769) Importer(2089858483,192608db42251d675da83286b1cce702)
Start importing Assets/ASSets/2D Space Kit/Turrets/Turret Medium 2.png using Guid(a1a667fce840ba24190516baafb53769) Importer(2089858483,192608db42251d675da83286b1cce702) (ScriptedImporter) -> (artifact id: '613647737411323055a4628833a7a66d') in 0.006515125 seconds
Number of updated asset objects reloaded before import = 0Number of asset objects unloaded after import = 3

========================================================================
Received Import Request.
  Time since last request: 0.000039 seconds.
  path: Assets/ASSets/2D Space Kit/Ships and Stations/Fighter 1.png
  artifactKey: Guid(8d5f697c999643441bb417d834c597de) Importer(2089858483,192608db42251d675da83286b1cce702)
Start importing Assets/ASSets/2D Space Kit/Ships and Stations/Fighter 1.png using Guid(8d5f697c999643441bb417d834c597de) Importer(2089858483,192608db42251d675da83286b1cce702) (ScriptedImporter) -> (artifact id: 'c566fd2db41cd200c77bdc4a7f89594c') in 0.007011334 seconds
Number of updated asset objects reloaded before import = 0Number of asset objects unloaded after import = 3

========================================================================
Received Import Request.
  Time since last request: 0.000032 seconds.
  path: Assets/ASSets/2D Space Kit/Background Elements/Dust and Nebulae/Materials/EM Cloud 1.mat
  artifactKey: Guid(9dc256ac41b613744ae6c7b9cb1f805a) Importer(2089858483,192608db42251d675da83286b1cce702)
Start importing Assets/ASSets/2D Space Kit/Background Elements/Dust and Nebulae/Materials/EM Cloud 1.mat using Guid(9dc256ac41b613744ae6c7b9cb1f805a) Importer(2089858483,192608db42251d675da83286b1cce702) (ScriptedImporter) -> (artifact id: 'fd9e667929681cfe481ee43bcbf20ae8') in 0.003934917 seconds
Number of updated asset objects reloaded before import = 0Number of asset objects unloaded after import = 2

========================================================================
Received Import Request.
  Time since last request: 0.000041 seconds.
  path: Assets/ASSets/2D Space Kit/Missiles/Missile (5).png
  artifactKey: Guid(cc2721dc8706a474b97273837abcf0b7) Importer(2089858483,192608db42251d675da83286b1cce702)
Start importing Assets/ASSets/2D Space Kit/Missiles/Missile (5).png using Guid(cc2721dc8706a474b97273837abcf0b7) Importer(2089858483,192608db42251d675da83286b1cce702) (ScriptedImporter) -> (artifact id: '0aa57cd17866c92d755d87e8f7d98283') in 0.006852791 seconds
Number of updated asset objects reloaded before import = 0Number of asset objects unloaded after import = 3

========================================================================
Received Import Request.
  Time since last request: 0.000060 seconds.
  path: Assets/ASSets/2D Space Kit/Ships and Stations/Fighter 4.png
  artifactKey: Guid(a93c36da6f7182e4096ca2c951efbf42) Importer(2089858483,192608db42251d675da83286b1cce702)
Start importing Assets/ASSets/2D Space Kit/Ships and Stations/Fighter 4.png using Guid(a93c36da6f7182e4096ca2c951efbf42) Importer(2089858483,192608db42251d675da83286b1cce702) (ScriptedImporter) -> (artifact id: '7ec1981ff2a554b17b64c6820d6418fe') in 0.008567291 seconds
Number of updated asset objects reloaded before import = 0Number of asset objects unloaded after import = 3

========================================================================
Received Import Request.
  Time since last request: 0.000117 seconds.
  path: Assets/ASSets/2D Space Kit/Background Elements/Stars/Recolor Us!.txt
  artifactKey: Guid(58cf7d1bb01e5a141b9b26c24a037be1) Importer(2089858483,192608db42251d675da83286b1cce702)
Start importing Assets/ASSets/2D Space Kit/Background Elements/Stars/Recolor Us!.txt using Guid(58cf7d1bb01e5a141b9b26c24a037be1) Importer(2089858483,192608db42251d675da83286b1cce702) (ScriptedImporter) -> (artifact id: '6bb3846af1f8c107426ccd2026556fe7') in 0.002652625 seconds
Number of updated asset objects reloaded before import = 0Number of asset objects unloaded after import = 1

========================================================================
Received Import Request.
  Time since last request: 0.000056 seconds.
  path: Assets/ASSets/2D Space Kit/Turrets
  artifactKey: Guid(adcbb2a274cb948f89a75e2e16b5a2f7) Importer(2089858483,192608db42251d675da83286b1cce702)
Start importing Assets/ASSets/2D Space Kit/Turrets using Guid(adcbb2a274cb948f89a75e2e16b5a2f7) Importer(2089858483,192608db42251d675da83286b1cce702) (ScriptedImporter) -> (artifact id: 'f3be902096545e373bbb1d5a59a58a51') in 0.001917583 seconds
Number of updated asset objects reloaded before import = 0Number of asset objects unloaded after import = 1

========================================================================
Received Import Request.
  Time since last request: 0.000042 seconds.
  path: Assets/ASSets/2D Space Kit/Background Elements/Planets/Ice 1.png
  artifactKey: Guid(7c319980570fa04458d24c2b30eaa0e6) Importer(2089858483,192608db42251d675da83286b1cce702)
Start importing Assets/ASSets/2D Space Kit/Background Elements/Planets/Ice 1.png using Guid(7c319980570fa04458d24c2b30eaa0e6) Importer(2089858483,192608db42251d675da83286b1cce702) (ScriptedImporter) -> (artifact id: 'f309007f819572521401878604ff7063') in 0.016366625 seconds
Number of updated asset objects reloaded before import = 0Number of asset objects unloaded after import = 3

========================================================================
Received Import Request.
  Time since last request: 0.000049 seconds.
  path: Assets/ASSets/2D Space Kit/Background Elements/Dust and Nebulae/Nebula 3.png
  artifactKey: Guid(b4b46f397c9379144b897273484d1510) Importer(2089858483,192608db42251d675da83286b1cce702)
Start importing Assets/ASSets/2D Space Kit/Background Elements/Dust and Nebulae/Nebula 3.png using Guid(b4b46f397c9379144b897273484d1510) Importer(2089858483,192608db42251d675da83286b1cce702) (ScriptedImporter) -> (artifact id: '7a8767c73982d8f5eecc400bc1de89df') in 0.01048275 seconds
Number of updated asset objects reloaded before import = 0Number of asset objects unloaded after import = 3

========================================================================
Received Import Request.
  Time since last request: 0.000036 seconds.
  path: Assets/ASSets/2D Space Kit/Background Elements/Planets/(Small) Earthlike 1.png
  artifactKey: Guid(762a9530a0b13e347a9243ca9ffeb514) Importer(2089858483,192608db42251d675da83286b1cce702)
Start importing Assets/ASSets/2D Space Kit/Background Elements/Planets/(Small) Earthlike 1.png using Guid(762a9530a0b13e347a9243ca9ffeb514) Importer(2089858483,192608db42251d675da83286b1cce702) (ScriptedImporter) -> (artifact id: 'dbf47da1775667ae88f1d8797d99af87') in 0.010212 seconds
Number of updated asset objects reloaded before import = 0Number of asset objects unloaded after import = 3

========================================================================
Received Import Request.
  Time since last request: 0.000042 seconds.
  path: Assets/ASSets/2D Space Kit/Background Elements/Dust and Nebulae
  artifactKey: Guid(9c6f5508e159a48fd9e60e85a34ef198) Importer(2089858483,192608db42251d675da83286b1cce702)
Start importing Assets/ASSets/2D Space Kit/Background Elements/Dust and Nebulae using Guid(9c6f5508e159a48fd9e60e85a34ef198) Importer(2089858483,192608db42251d675da83286b1cce702) (ScriptedImporter) -> (artifact id: '8756e67c66dab7cdbaf7f9920762f1dd') in 0.001951459 seconds
Number of updated asset objects reloaded before import = 0Number of asset objects unloaded after import = 1

========================================================================
Received Import Request.
  Time since last request: 0.000054 seconds.
  path: Assets/ASSets/2D Space Kit/Particles (Sprites)/Smoke 1.png
  artifactKey: Guid(6de6a4ab3d5aa76418929b1e99c29f81) Importer(2089858483,192608db42251d675da83286b1cce702)
Start importing Assets/ASSets/2D Space Kit/Particles (Sprites)/Smoke 1.png using Guid(6de6a4ab3d5aa76418929b1e99c29f81) Importer(2089858483,192608db42251d675da83286b1cce702) (ScriptedImporter) -> (artifact id: 'caac2c2c80ee722a9212bc8e9a126e80') in 0.008896417 seconds
Number of updated asset objects reloaded before import = 0Number of asset objects unloaded after import = 3

========================================================================
Received Import Request.
  Time since last request: 0.000053 seconds.
  path: Assets/ASSets/2D Space Kit/Background Elements/Dust and Nebulae/EM Cloud (1).png
  artifactKey: Guid(e7d12235dd5681843b27003b66c95efe) Importer(2089858483,192608db42251d675da83286b1cce702)
Start importing Assets/ASSets/2D Space Kit/Background Elements/Dust and Nebulae/EM Cloud (1).png using Guid(e7d12235dd5681843b27003b66c95efe) Importer(2089858483,192608db42251d675da83286b1cce702) (ScriptedImporter) -> (artifact id: '947b9c99f6454d633934f90072528477') in 0.005759833 seconds
Number of updated asset objects reloaded before import = 0Number of asset objects unloaded after import = 1

========================================================================
Received Import Request.
  Time since last request: 0.000048 seconds.
  path: Assets/ASSets/2D Space Kit/Ships and Stations/Station 1.png
  artifactKey: Guid(4af45e89e7061e7409f6aafe3149425b) Importer(2089858483,192608db42251d675da83286b1cce702)
Start importing Assets/ASSets/2D Space Kit/Ships and Stations/Station 1.png using Guid(4af45e89e7061e7409f6aafe3149425b) Importer(2089858483,192608db42251d675da83286b1cce702) (ScriptedImporter) -> (artifact id: '5ef02758bc854c506834783fda6602b9') in 0.009297875 seconds
Number of updated asset objects reloaded before import = 0Number of asset objects unloaded after import = 3

========================================================================
Received Import Request.
  Time since last request: 0.000047 seconds.
  path: Assets/ASSets/2D Space Kit/Background Elements/Planets/Planet Masks/Mask Right 1.png
  artifactKey: Guid(8f4e226fe91d0fa4dab45e87f50d3504) Importer(2089858483,192608db42251d675da83286b1cce702)
Start importing Assets/ASSets/2D Space Kit/Background Elements/Planets/Planet Masks/Mask Right 1.png using Guid(8f4e226fe91d0fa4dab45e87f50d3504) Importer(2089858483,192608db42251d675da83286b1cce702) (ScriptedImporter) -> (artifact id: '0e64cf3bfc855abdb584474c2ae096d8') in 0.009053459 seconds
Number of updated asset objects reloaded before import = 0Number of asset objects unloaded after import = 3

========================================================================
Received Import Request.
  Time since last request: 0.000050 seconds.
  path: Assets/ASSets/2D Space Kit/Backgrounds/5.png
  artifactKey: Guid(e9e9f9ef6000a0d449fe5228d5ba45a9) Importer(2089858483,192608db42251d675da83286b1cce702)
Start importing Assets/ASSets/2D Space Kit/Backgrounds/5.png using Guid(e9e9f9ef6000a0d449fe5228d5ba45a9) Importer(2089858483,192608db42251d675da83286b1cce702) (ScriptedImporter) -> (artifact id: '1238971d34f6ef74db3aafa99e0e023b') in 0.06535075 seconds
Number of updated asset objects reloaded before import = 0Number of asset objects unloaded after import = 3

========================================================================
Received Import Request.
  Time since last request: 0.000037 seconds.
  path: Assets/ASSets/2D Space Kit/Particles (Sprites)/Note on Flares.txt
  artifactKey: Guid(f9a721ff2cbff264582c8b7c20202d55) Importer(2089858483,192608db42251d675da83286b1cce702)
Start importing Assets/ASSets/2D Space Kit/Particles (Sprites)/Note on Flares.txt using Guid(f9a721ff2cbff264582c8b7c20202d55) Importer(2089858483,192608db42251d675da83286b1cce702) (ScriptedImporter) -> (artifact id: 'b8f53a635fa783295a37d0dad01e5e2f') in 0.002051042 seconds
Number of updated asset objects reloaded before import = 0Number of asset objects unloaded after import = 1

========================================================================
Received Import Request.
  Time since last request: 0.000062 seconds.
  path: Assets/ASSets/2D Space Kit/Background Elements/Planets/Desert 2.png
  artifactKey: Guid(e3694e2f530c77047a06a0882da24e1f) Importer(2089858483,192608db42251d675da83286b1cce702)
Start importing Assets/ASSets/2D Space Kit/Background Elements/Planets/Desert 2.png using Guid(e3694e2f530c77047a06a0882da24e1f) Importer(2089858483,192608db42251d675da83286b1cce702) (ScriptedImporter) -> (artifact id: 'e62bb5bcc58c786270c5d24bd335ae43') in 0.022932666 seconds
Number of updated asset objects reloaded before import = 0Number of asset objects unloaded after import = 3

========================================================================
Received Import Request.
  Time since last request: 0.000051 seconds.
  path: Assets/ASSets/2D Space Kit/Particles (Sprites)/Beam.png
  artifactKey: Guid(84bc948f5c3f1a94a92d5aedb88f2084) Importer(2089858483,192608db42251d675da83286b1cce702)
Start importing Assets/ASSets/2D Space Kit/Particles (Sprites)/Beam.png using Guid(84bc948f5c3f1a94a92d5aedb88f2084) Importer(2089858483,192608db42251d675da83286b1cce702) (ScriptedImporter) -> (artifact id: '5e0dec1678d6edbef548d0fe34fed3cc') in 0.00639525 seconds
Number of updated asset objects reloaded before import = 0Number of asset objects unloaded after import = 1

========================================================================
Received Prepare
WARNING: Shader Unsupported: 'Universal Render Pipeline/VR/SpatialMapping/Wireframe' - All subshaders removed
WARNING: Shader Did you use #pragma only_renderers and omit this platform?
WARNING: Shader If subshaders removal was intentional, you may have forgotten turning Fallback off?
WARNING: Shader Unsupported: 'Universal Render Pipeline/VR/SpatialMapping/Wireframe' - All subshaders removed
WARNING: Shader Did you use #pragma only_renderers and omit this platform?
WARNING: Shader If subshaders removal was intentional, you may have forgotten turning Fallback off?
Refreshing native plugins compatible for Editor in 0.72 ms, found 3 plugins.
Preloading 0 native plugins for Editor in 0.00 ms.
Unloading 27 Unused Serialized files (Serialized files now loaded: 0)
Unloading 6899 unused Assets / (3.8 MB). Loaded Objects now: 7752.
Memory consumption went from 155.9 MB to 152.2 MB.
Total: 8.018333 ms (FindLiveObjects: 0.596708 ms CreateObjectMapping: 0.262667 ms MarkObjects: 5.520292 ms  DeleteObjects: 1.638291 ms)

Prepare: number of updated asset objects reloaded= 0
========================================================================
Received Prepare
Begin MonoManager ReloadAssembly
[Licensing::Client] Successfully resolved entitlement details
Thread 0x16f47f000 may have been prematurely finalized
- Loaded All Assemblies, in  0.551 seconds
Refreshing native plugins compatible for Editor in 0.42 ms, found 3 plugins.
Native extension for OSXStandalone target not found
Native extension for WebGL target not found
[Package Manager] Failed to launch server process. Reason: Unity was launched with the -noUpm command-line argument
[Package Manager] Unable to send message (not connected to server process).
[Package Manager] Cannot connect to Unity Package Manager local server
Mono: successfully reloaded assembly
- Finished resetting the current domain, in  0.514 seconds
Domain Reload Profiling: 1069ms
	BeginReloadAssembly (155ms)
		ExecutionOrderSort (0ms)
		DisableScriptedObjects (17ms)
		BackupInstance (0ms)
		ReleaseScriptingObjects (0ms)
		CreateAndSetChildDomain (53ms)
	RebuildCommonClasses (24ms)
	RebuildNativeTypeToScriptingClass (9ms)
	initialDomainReloadingComplete (24ms)
	LoadAllAssembliesAndSetupDomain (342ms)
		LoadAssemblies (249ms)
		RebuildTransferFunctionScriptingTraits (0ms)
		AnalyzeDomain (135ms)
			TypeCache.Refresh (12ms)
				TypeCache.ScanAssembly (0ms)
			BuildScriptInfoCaches (113ms)
			ResolveRequiredComponents (7ms)
	FinalizeReload (514ms)
		ReleaseScriptCaches (0ms)
		RebuildScriptCaches (0ms)
		SetupLoadedEditorAssemblies (423ms)
			LogAssemblyErrors (0ms)
			InitializePlatformSupportModulesInManaged (1ms)
			SetLoadedEditorAssemblies (2ms)
			BeforeProcessingInitializeOnLoad (90ms)
			ProcessInitializeOnLoadAttributes (295ms)
			ProcessInitializeOnLoadMethodAttributes (33ms)
			AfterProcessingInitializeOnLoad (1ms)
			EditorAssembliesLoaded (0ms)
		ExecutionOrderSort2 (0ms)
		AwakeInstancesAfterBackupRestoration (7ms)
WARNING: Shader Unsupported: 'Universal Render Pipeline/VR/SpatialMapping/Wireframe' - All subshaders removed
WARNING: Shader Did you use #pragma only_renderers and omit this platform?
WARNING: Shader If subshaders removal was intentional, you may have forgotten turning Fallback off?
WARNING: Shader Unsupported: 'Universal Render Pipeline/VR/SpatialMapping/Wireframe' - All subshaders removed
WARNING: Shader Did you use #pragma only_renderers and omit this platform?
WARNING: Shader If subshaders removal was intentional, you may have forgotten turning Fallback off?
Refreshing native plugins compatible for Editor in 0.52 ms, found 3 plugins.
Preloading 0 native plugins for Editor in 0.00 ms.
Unloading 27 Unused Serialized files (Serialized files now loaded: 0)
Unloading 6910 unused Assets / (6.0 MB). Loaded Objects now: 7755.
Memory consumption went from 163.7 MB to 157.7 MB.
Total: 6.627583 ms (FindLiveObjects: 0.398000 ms CreateObjectMapping: 0.233750 ms MarkObjects: 4.376417 ms  DeleteObjects: 1.618791 ms)

Prepare: number of updated asset objects reloaded= 0
========================================================================
Received Import Request.
  Time since last request: 13.428999 seconds.
  path: Assets/Scenes/SampleScene.unity
  artifactKey: Guid(8c9cfa26abfee488c85f1582747f6a02) Importer(815301076,1909f56bfc062723c751e8b465ee728b)
Start importing Assets/Scenes/SampleScene.unity using Guid(8c9cfa26abfee488c85f1582747f6a02) Importer(815301076,1909f56bfc062723c751e8b465ee728b) (PreviewImporter) -> (artifact id: 'e42d4c30ccc15f6bf95dfd17a6ca566d') in 0.001354042 seconds
Number of updated asset objects reloaded before import = 0Number of asset objects unloaded after import = 0

========================================================================
Received Prepare
Begin MonoManager ReloadAssembly
[Licensing::Client] Successfully resolved entitlement details
Thread 0x16f183000 may have been prematurely finalized
- Loaded All Assemblies, in  0.527 seconds
Refreshing native plugins compatible for Editor in 0.47 ms, found 3 plugins.
Native extension for OSXStandalone target not found
Native extension for WebGL target not found
[Package Manager] Failed to launch server process. Reason: Unity was launched with the -noUpm command-line argument
[Package Manager] Unable to send message (not connected to server process).
[Package Manager] Cannot connect to Unity Package Manager local server
Mono: successfully reloaded assembly
- Finished resetting the current domain, in  0.513 seconds
Domain Reload Profiling: 1043ms
	BeginReloadAssembly (163ms)
		ExecutionOrderSort (0ms)
		DisableScriptedObjects (18ms)
		BackupInstance (0ms)
		ReleaseScriptingObjects (0ms)
		CreateAndSetChildDomain (50ms)
	RebuildCommonClasses (23ms)
	RebuildNativeTypeToScriptingClass (9ms)
	initialDomainReloadingComplete (16ms)
	LoadAllAssembliesAndSetupDomain (319ms)
		LoadAssemblies (223ms)
		RebuildTransferFunctionScriptingTraits (0ms)
		AnalyzeDomain (139ms)
			TypeCache.Refresh (13ms)
				TypeCache.ScanAssembly (0ms)
			BuildScriptInfoCaches (116ms)
			ResolveRequiredComponents (6ms)
	FinalizeReload (513ms)
		ReleaseScriptCaches (0ms)
		RebuildScriptCaches (0ms)
		SetupLoadedEditorAssemblies (421ms)
			LogAssemblyErrors (0ms)
			InitializePlatformSupportModulesInManaged (1ms)
			SetLoadedEditorAssemblies (2ms)
			BeforeProcessingInitializeOnLoad (84ms)
			ProcessInitializeOnLoadAttributes (298ms)
			ProcessInitializeOnLoadMethodAttributes (35ms)
			AfterProcessingInitializeOnLoad (1ms)
			EditorAssembliesLoaded (0ms)
		ExecutionOrderSort2 (0ms)
		AwakeInstancesAfterBackupRestoration (7ms)
WARNING: Shader Unsupported: 'Universal Render Pipeline/VR/SpatialMapping/Wireframe' - All subshaders removed
WARNING: Shader Did you use #pragma only_renderers and omit this platform?
WARNING: Shader If subshaders removal was intentional, you may have forgotten turning Fallback off?
WARNING: Shader Unsupported: 'Universal Render Pipeline/VR/SpatialMapping/Wireframe' - All subshaders removed
WARNING: Shader Did you use #pragma only_renderers and omit this platform?
WARNING: Shader If subshaders removal was intentional, you may have forgotten turning Fallback off?
Refreshing native plugins compatible for Editor in 0.52 ms, found 3 plugins.
Preloading 0 native plugins for Editor in 0.00 ms.
Unloading 27 Unused Serialized files (Serialized files now loaded: 0)
Unloading 6910 unused Assets / (5.9 MB). Loaded Objects now: 7758.
Memory consumption went from 163.6 MB to 157.7 MB.
Total: 6.754750 ms (FindLiveObjects: 0.422459 ms CreateObjectMapping: 0.235375 ms MarkObjects: 4.376917 ms  DeleteObjects: 1.719708 ms)

Prepare: number of updated asset objects reloaded= 0
========================================================================
Received Prepare
Begin MonoManager ReloadAssembly
Thread 0x16f183000 may have been prematurely finalized
- Loaded All Assemblies, in  0.429 seconds
Refreshing native plugins compatible for Editor in 0.40 ms, found 3 plugins.
Native extension for OSXStandalone target not found
Native extension for WebGL target not found
[Package Manager] Failed to launch server process. Reason: Unity was launched with the -noUpm command-line argument
[Package Manager] Unable to send message (not connected to server process).
[Package Manager] Cannot connect to Unity Package Manager local server
Mono: successfully reloaded assembly
- Finished resetting the current domain, in  0.486 seconds
Domain Reload Profiling: 917ms
	BeginReloadAssembly (102ms)
		ExecutionOrderSort (0ms)
		DisableScriptedObjects (7ms)
		BackupInstance (0ms)
		ReleaseScriptingObjects (0ms)
		CreateAndSetChildDomain (26ms)
	RebuildCommonClasses (23ms)
	RebuildNativeTypeToScriptingClass (9ms)
	initialDomainReloadingComplete (12ms)
	LoadAllAssembliesAndSetupDomain (286ms)
		LoadAssemblies (191ms)
		RebuildTransferFunctionScriptingTraits (0ms)
		AnalyzeDomain (126ms)
			TypeCache.Refresh (8ms)
				TypeCache.ScanAssembly (0ms)
			BuildScriptInfoCaches (109ms)
			ResolveRequiredComponents (6ms)
	FinalizeReload (486ms)
		ReleaseScriptCaches (0ms)
		RebuildScriptCaches (0ms)
		SetupLoadedEditorAssemblies (404ms)
			LogAssemblyErrors (0ms)
			InitializePlatformSupportModulesInManaged (1ms)
			SetLoadedEditorAssemblies (2ms)
			BeforeProcessingInitializeOnLoad (85ms)
			ProcessInitializeOnLoadAttributes (283ms)
			ProcessInitializeOnLoadMethodAttributes (31ms)
			AfterProcessingInitializeOnLoad (1ms)
			EditorAssembliesLoaded (0ms)
		ExecutionOrderSort2 (0ms)
		AwakeInstancesAfterBackupRestoration (7ms)
WARNING: Shader Unsupported: 'Universal Render Pipeline/VR/SpatialMapping/Wireframe' - All subshaders removed
WARNING: Shader Did you use #pragma only_renderers and omit this platform?
WARNING: Shader If subshaders removal was intentional, you may have forgotten turning Fallback off?
WARNING: Shader Unsupported: 'Universal Render Pipeline/VR/SpatialMapping/Wireframe' - All subshaders removed
WARNING: Shader Did you use #pragma only_renderers and omit this platform?
WARNING: Shader If subshaders removal was intentional, you may have forgotten turning Fallback off?
Refreshing native plugins compatible for Editor in 0.59 ms, found 3 plugins.
Preloading 0 native plugins for Editor in 0.00 ms.
Unloading 27 Unused Serialized files (Serialized files now loaded: 0)
Unloading 6910 unused Assets / (5.7 MB). Loaded Objects now: 7761.
Memory consumption went from 163.5 MB to 157.8 MB.
Total: 6.983417 ms (FindLiveObjects: 0.386958 ms CreateObjectMapping: 0.255958 ms MarkObjects: 4.659250 ms  DeleteObjects: 1.680917 ms)

Prepare: number of updated asset objects reloaded= 0
========================================================================
Received Prepare
Begin MonoManager ReloadAssembly
[Licensing::Client] Successfully resolved entitlement details
Thread 0x16f183000 may have been prematurely finalized
- Loaded All Assemblies, in  0.419 seconds
Refreshing native plugins compatible for Editor in 0.42 ms, found 3 plugins.
Native extension for OSXStandalone target not found
Native extension for WebGL target not found
[Package Manager] Failed to launch server process. Reason: Unity was launched with the -noUpm command-line argument
[Package Manager] Unable to send message (not connected to server process).
[Package Manager] Cannot connect to Unity Package Manager local server
Mono: successfully reloaded assembly
- Finished resetting the current domain, in  0.469 seconds
Domain Reload Profiling: 891ms
	BeginReloadAssembly (110ms)
		ExecutionOrderSort (0ms)
		DisableScriptedObjects (9ms)
		BackupInstance (0ms)
		ReleaseScriptingObjects (0ms)
		CreateAndSetChildDomain (29ms)
	RebuildCommonClasses (22ms)
	RebuildNativeTypeToScriptingClass (9ms)
	initialDomainReloadingComplete (13ms)
	LoadAllAssembliesAndSetupDomain (268ms)
		LoadAssemblies (185ms)
		RebuildTransferFunctionScriptingTraits (0ms)
		AnalyzeDomain (115ms)
			TypeCache.Refresh (7ms)
				TypeCache.ScanAssembly (0ms)
			BuildScriptInfoCaches (100ms)
			ResolveRequiredComponents (6ms)
	FinalizeReload (469ms)
		ReleaseScriptCaches (0ms)
		RebuildScriptCaches (0ms)
		SetupLoadedEditorAssemblies (389ms)
			LogAssemblyErrors (0ms)
			InitializePlatformSupportModulesInManaged (1ms)
			SetLoadedEditorAssemblies (2ms)
			BeforeProcessingInitializeOnLoad (86ms)
			ProcessInitializeOnLoadAttributes (271ms)
			ProcessInitializeOnLoadMethodAttributes (29ms)
			AfterProcessingInitializeOnLoad (1ms)
			EditorAssembliesLoaded (0ms)
		ExecutionOrderSort2 (0ms)
		AwakeInstancesAfterBackupRestoration (6ms)
WARNING: Shader Unsupported: 'Universal Render Pipeline/VR/SpatialMapping/Wireframe' - All subshaders removed
WARNING: Shader Did you use #pragma only_renderers and omit this platform?
WARNING: Shader If subshaders removal was intentional, you may have forgotten turning Fallback off?
WARNING: Shader Unsupported: 'Universal Render Pipeline/VR/SpatialMapping/Wireframe' - All subshaders removed
WARNING: Shader Did you use #pragma only_renderers and omit this platform?
WARNING: Shader If subshaders removal was intentional, you may have forgotten turning Fallback off?
Refreshing native plugins compatible for Editor in 0.59 ms, found 3 plugins.
Preloading 0 native plugins for Editor in 0.00 ms.
Unloading 27 Unused Serialized files (Serialized files now loaded: 0)
Unloading 6910 unused Assets / (5.7 MB). Loaded Objects now: 7764.
Memory consumption went from 163.5 MB to 157.9 MB.
Total: 6.919125 ms (FindLiveObjects: 0.399292 ms CreateObjectMapping: 0.264291 ms MarkObjects: 4.583709 ms  DeleteObjects: 1.671375 ms)

Prepare: number of updated asset objects reloaded= 0
========================================================================
Received Prepare
Begin MonoManager ReloadAssembly
Thread 0x16f183000 may have been prematurely finalized
- Loaded All Assemblies, in  0.401 seconds
Refreshing native plugins compatible for Editor in 0.39 ms, found 3 plugins.
Native extension for OSXStandalone target not found
Native extension for WebGL target not found
[Package Manager] Failed to launch server process. Reason: Unity was launched with the -noUpm command-line argument
[Package Manager] Unable to send message (not connected to server process).
[Package Manager] Cannot connect to Unity Package Manager local server
Mono: successfully reloaded assembly
- Finished resetting the current domain, in  0.459 seconds
Domain Reload Profiling: 863ms
	BeginReloadAssembly (97ms)
		ExecutionOrderSort (0ms)
		DisableScriptedObjects (7ms)
		BackupInstance (0ms)
		ReleaseScriptingObjects (0ms)
		CreateAndSetChildDomain (27ms)
	RebuildCommonClasses (21ms)
	RebuildNativeTypeToScriptingClass (8ms)
	initialDomainReloadingComplete (11ms)
	LoadAllAssembliesAndSetupDomain (267ms)
		LoadAssemblies (180ms)
		RebuildTransferFunctionScriptingTraits (0ms)
		AnalyzeDomain (115ms)
			TypeCache.Refresh (8ms)
				TypeCache.ScanAssembly (0ms)
			BuildScriptInfoCaches (98ms)
			ResolveRequiredComponents (6ms)
	FinalizeReload (459ms)
		ReleaseScriptCaches (0ms)
		RebuildScriptCaches (0ms)
		SetupLoadedEditorAssemblies (380ms)
			LogAssemblyErrors (0ms)
			InitializePlatformSupportModulesInManaged (1ms)
			SetLoadedEditorAssemblies (2ms)
			BeforeProcessingInitializeOnLoad (81ms)
			ProcessInitializeOnLoadAttributes (263ms)
			ProcessInitializeOnLoadMethodAttributes (31ms)
			AfterProcessingInitializeOnLoad (1ms)
			EditorAssembliesLoaded (0ms)
		ExecutionOrderSort2 (0ms)
		AwakeInstancesAfterBackupRestoration (6ms)
WARNING: Shader Unsupported: 'Universal Render Pipeline/VR/SpatialMapping/Wireframe' - All subshaders removed
WARNING: Shader Did you use #pragma only_renderers and omit this platform?
WARNING: Shader If subshaders removal was intentional, you may have forgotten turning Fallback off?
WARNING: Shader Unsupported: 'Universal Render Pipeline/VR/SpatialMapping/Wireframe' - All subshaders removed
WARNING: Shader Did you use #pragma only_renderers and omit this platform?
WARNING: Shader If subshaders removal was intentional, you may have forgotten turning Fallback off?
Refreshing native plugins compatible for Editor in 0.60 ms, found 3 plugins.
Preloading 0 native plugins for Editor in 0.00 ms.
Unloading 27 Unused Serialized files (Serialized files now loaded: 0)
Unloading 6910 unused Assets / (5.6 MB). Loaded Objects now: 7767.
Memory consumption went from 163.6 MB to 158.0 MB.
Total: 6.054583 ms (FindLiveObjects: 0.329083 ms CreateObjectMapping: 0.224166 ms MarkObjects: 3.989750 ms  DeleteObjects: 1.511333 ms)

Prepare: number of updated asset objects reloaded= 0
========================================================================
Received Prepare
Begin MonoManager ReloadAssembly
[Licensing::Client] Successfully resolved entitlement details
Thread 0x16f183000 may have been prematurely finalized
- Loaded All Assemblies, in  0.410 seconds
Refreshing native plugins compatible for Editor in 0.40 ms, found 3 plugins.
Native extension for OSXStandalone target not found
Native extension for WebGL target not found
[Package Manager] Failed to launch server process. Reason: Unity was launched with the -noUpm command-line argument
[Package Manager] Unable to send message (not connected to server process).
[Package Manager] Cannot connect to Unity Package Manager local server
Mono: successfully reloaded assembly
- Finished resetting the current domain, in  0.462 seconds
Domain Reload Profiling: 874ms
	BeginReloadAssembly (108ms)
		ExecutionOrderSort (0ms)
		DisableScriptedObjects (7ms)
		BackupInstance (0ms)
		ReleaseScriptingObjects (0ms)
		CreateAndSetChildDomain (27ms)
	RebuildCommonClasses (22ms)
	RebuildNativeTypeToScriptingClass (9ms)
	initialDomainReloadingComplete (12ms)
	LoadAllAssembliesAndSetupDomain (262ms)
		LoadAssemblies (175ms)
		RebuildTransferFunctionScriptingTraits (0ms)
		AnalyzeDomain (122ms)
			TypeCache.Refresh (7ms)
				TypeCache.ScanAssembly (0ms)
			BuildScriptInfoCaches (106ms)
			ResolveRequiredComponents (6ms)
	FinalizeReload (462ms)
		ReleaseScriptCaches (0ms)
		RebuildScriptCaches (0ms)
		SetupLoadedEditorAssemblies (373ms)
			LogAssemblyErrors (0ms)
			InitializePlatformSupportModulesInManaged (1ms)
			SetLoadedEditorAssemblies (2ms)
			BeforeProcessingInitializeOnLoad (82ms)
			ProcessInitializeOnLoadAttributes (256ms)
			ProcessInitializeOnLoadMethodAttributes (31ms)
			AfterProcessingInitializeOnLoad (1ms)
			EditorAssembliesLoaded (0ms)
		ExecutionOrderSort2 (0ms)
		AwakeInstancesAfterBackupRestoration (7ms)
WARNING: Shader Unsupported: 'Universal Render Pipeline/VR/SpatialMapping/Wireframe' - All subshaders removed
WARNING: Shader Did you use #pragma only_renderers and omit this platform?
WARNING: Shader If subshaders removal was intentional, you may have forgotten turning Fallback off?
WARNING: Shader Unsupported: 'Universal Render Pipeline/VR/SpatialMapping/Wireframe' - All subshaders removed
WARNING: Shader Did you use #pragma only_renderers and omit this platform?
WARNING: Shader If subshaders removal was intentional, you may have forgotten turning Fallback off?
Refreshing native plugins compatible for Editor in 0.60 ms, found 3 plugins.
Preloading 0 native plugins for Editor in 0.00 ms.
Unloading 27 Unused Serialized files (Serialized files now loaded: 0)
Unloading 6910 unused Assets / (5.7 MB). Loaded Objects now: 7770.
Memory consumption went from 163.6 MB to 157.9 MB.
Total: 6.557542 ms (FindLiveObjects: 0.364584 ms CreateObjectMapping: 0.250583 ms MarkObjects: 4.333625 ms  DeleteObjects: 1.608583 ms)

Prepare: number of updated asset objects reloaded= 0
========================================================================
Received Prepare
Begin MonoManager ReloadAssembly
[Licensing::Client] Successfully resolved entitlement details
Thread 0x16f183000 may have been prematurely finalized
- Loaded All Assemblies, in  0.513 seconds
Refreshing native plugins compatible for Editor in 0.47 ms, found 3 plugins.
Native extension for OSXStandalone target not found
Native extension for WebGL target not found
[Package Manager] Failed to launch server process. Reason: Unity was launched with the -noUpm command-line argument
[Package Manager] Unable to send message (not connected to server process).
[Package Manager] Cannot connect to Unity Package Manager local server
Mono: successfully reloaded assembly
- Finished resetting the current domain, in  0.457 seconds
Domain Reload Profiling: 973ms
	BeginReloadAssembly (167ms)
		ExecutionOrderSort (0ms)
		DisableScriptedObjects (17ms)
		BackupInstance (0ms)
		ReleaseScriptingObjects (0ms)
		CreateAndSetChildDomain (51ms)
	RebuildCommonClasses (23ms)
	RebuildNativeTypeToScriptingClass (9ms)
	initialDomainReloadingComplete (13ms)
	LoadAllAssembliesAndSetupDomain (303ms)
		LoadAssemblies (234ms)
		RebuildTransferFunctionScriptingTraits (0ms)
		AnalyzeDomain (116ms)
			TypeCache.Refresh (10ms)
				TypeCache.ScanAssembly (0ms)
			BuildScriptInfoCaches (98ms)
			ResolveRequiredComponents (6ms)
	FinalizeReload (457ms)
		ReleaseScriptCaches (0ms)
		RebuildScriptCaches (0ms)
		SetupLoadedEditorAssemblies (379ms)
			LogAssemblyErrors (0ms)
			InitializePlatformSupportModulesInManaged (1ms)
			SetLoadedEditorAssemblies (2ms)
			BeforeProcessingInitializeOnLoad (81ms)
			ProcessInitializeOnLoadAttributes (264ms)
			ProcessInitializeOnLoadMethodAttributes (30ms)
			AfterProcessingInitializeOnLoad (1ms)
			EditorAssembliesLoaded (0ms)
		ExecutionOrderSort2 (0ms)
		AwakeInstancesAfterBackupRestoration (6ms)
WARNING: Shader Unsupported: 'Universal Render Pipeline/VR/SpatialMapping/Wireframe' - All subshaders removed
WARNING: Shader Did you use #pragma only_renderers and omit this platform?
WARNING: Shader If subshaders removal was intentional, you may have forgotten turning Fallback off?
WARNING: Shader Unsupported: 'Universal Render Pipeline/VR/SpatialMapping/Wireframe' - All subshaders removed
WARNING: Shader Did you use #pragma only_renderers and omit this platform?
WARNING: Shader If subshaders removal was intentional, you may have forgotten turning Fallback off?
Refreshing native plugins compatible for Editor in 0.60 ms, found 3 plugins.
Preloading 0 native plugins for Editor in 0.00 ms.
Unloading 27 Unused Serialized files (Serialized files now loaded: 0)
Unloading 6911 unused Assets / (5.7 MB). Loaded Objects now: 7774.
Memory consumption went from 163.6 MB to 157.9 MB.
Total: 6.103541 ms (FindLiveObjects: 0.331042 ms CreateObjectMapping: 0.218042 ms MarkObjects: 4.016167 ms  DeleteObjects: 1.537959 ms)

Prepare: number of updated asset objects reloaded= 0
========================================================================
Received Import Request.
  Time since last request: 1246.736512 seconds.
  path: Assets/Sci-Fi UI
  artifactKey: Guid(5cf6dfa5baf544e33b467e93314a779e) Importer(815301076,1909f56bfc062723c751e8b465ee728b)
Start importing Assets/Sci-Fi UI using Guid(5cf6dfa5baf544e33b467e93314a779e) Importer(815301076,1909f56bfc062723c751e8b465ee728b) (PreviewImporter) -> (artifact id: '37d1dee0231ba01e8501cb5050031aad') in 0.001305958 seconds
Number of updated asset objects reloaded before import = 0Number of asset objects unloaded after import = 0

========================================================================
Received Import Request.
  Time since last request: 1.400066 seconds.
  path: Assets/Sci-Fi UI/Demo.unity
  artifactKey: Guid(13070929f2d2dc3468bb951653444db6) Importer(815301076,1909f56bfc062723c751e8b465ee728b)
Start importing Assets/Sci-Fi UI/Demo.unity using Guid(13070929f2d2dc3468bb951653444db6) Importer(815301076,1909f56bfc062723c751e8b465ee728b) (PreviewImporter) -> (artifact id: 'a512476b99b6be8fb79d2de00fb9a3a2') in 0.000357 seconds
Number of updated asset objects reloaded before import = 0Number of asset objects unloaded after import = 0

========================================================================
Received Import Request.
  Time since last request: 1.528856 seconds.
  path: Assets/Sci-Fi UI/_SciFi_GUISkin_
  artifactKey: Guid(06c42dacf407f3641bbd9e9a3fa911eb) Importer(815301076,1909f56bfc062723c751e8b465ee728b)
Start importing Assets/Sci-Fi UI/_SciFi_GUISkin_ using Guid(06c42dacf407f3641bbd9e9a3fa911eb) Importer(815301076,1909f56bfc062723c751e8b465ee728b) (PreviewImporter) -> (artifact id: 'da4ce379becdaee5572c407097625c29') in 0.000321416 seconds
Number of updated asset objects reloaded before import = 0Number of asset objects unloaded after import = 0

========================================================================
Received Import Request.
  Time since last request: 1.977842 seconds.
  path: Assets/Sci-Fi UI/Demo_Assets
  artifactKey: Guid(ff7d801fa96308741bce240131b16a0d) Importer(815301076,1909f56bfc062723c751e8b465ee728b)
Start importing Assets/Sci-Fi UI/Demo_Assets using Guid(ff7d801fa96308741bce240131b16a0d) Importer(815301076,1909f56bfc062723c751e8b465ee728b) (PreviewImporter) -> (artifact id: 'f36cc16ca4ae933825866c3d859e8587') in 0.000332667 seconds
Number of updated asset objects reloaded before import = 0Number of asset objects unloaded after import = 0

========================================================================
Received Import Request.
  Time since last request: 2.313815 seconds.
  path: Assets/Sci-Fi UI/Demo_Assets/background
  artifactKey: Guid(73e1f08129ab18d4e98067b118681893) Importer(815301076,1909f56bfc062723c751e8b465ee728b)
Start importing Assets/Sci-Fi UI/Demo_Assets/background using Guid(73e1f08129ab18d4e98067b118681893) Importer(815301076,1909f56bfc062723c751e8b465ee728b) (PreviewImporter) -> (artifact id: 'caf8f0de94d9e02571a481bd499b2ec0') in 0.000336959 seconds
Number of updated asset objects reloaded before import = 0Number of asset objects unloaded after import = 0

========================================================================
Received Import Request.
  Time since last request: 0.055955 seconds.
  path: Assets/Sci-Fi UI/Demo_Assets/background/Space.tga.jpg
  artifactKey: Guid(b76b8b216adf64f4bbdb78f7977f0310) Importer(815301076,1909f56bfc062723c751e8b465ee728b)
Start importing Assets/Sci-Fi UI/Demo_Assets/background/Space.tga.jpg using Guid(b76b8b216adf64f4bbdb78f7977f0310) Importer(815301076,1909f56bfc062723c751e8b465ee728b) (PreviewImporter) -> (artifact id: 'f932eec4b875cee65c3b140f1428febb') in 0.043708667 seconds
Number of updated asset objects reloaded before import = 0Number of asset objects unloaded after import = 3

========================================================================
Received Import Request.
  Time since last request: 14.567305 seconds.
  path: Assets/Scenes/menu.unity
  artifactKey: Guid(64272842f2d344961ac755ce460723f2) Importer(815301076,1909f56bfc062723c751e8b465ee728b)
Start importing Assets/Scenes/menu.unity using Guid(64272842f2d344961ac755ce460723f2) Importer(815301076,1909f56bfc062723c751e8b465ee728b) (PreviewImporter) -> (artifact id: '9cbf2ef02a9260b80d39d7bbd54b49c2') in 0.000382542 seconds
Number of updated asset objects reloaded before import = 0Number of asset objects unloaded after import = 0

========================================================================
Received Import Request.
  Time since last request: 520.464626 seconds.
  path: Assets/Scenes/SampleScene.unity
  artifactKey: Guid(8c9cfa26abfee488c85f1582747f6a02) Importer(815301076,1909f56bfc062723c751e8b465ee728b)
Start importing Assets/Scenes/SampleScene.unity using Guid(8c9cfa26abfee488c85f1582747f6a02) Importer(815301076,1909f56bfc062723c751e8b465ee728b) (PreviewImporter) -> (artifact id: '5fa0e32c044ce3ef86f75fbaaa8f4878') in 0.002317708 seconds
Number of updated asset objects reloaded before import = 0Number of asset objects unloaded after import = 0

========================================================================
Received Prepare
Begin MonoManager ReloadAssembly
[Licensing::Client] Successfully resolved entitlement details
Thread 0x16f183000 may have been prematurely finalized
- Loaded All Assemblies, in  0.503 seconds
Refreshing native plugins compatible for Editor in 0.40 ms, found 3 plugins.
Native extension for OSXStandalone target not found
Native extension for WebGL target not found
[Package Manager] Failed to launch server process. Reason: Unity was launched with the -noUpm command-line argument
[Package Manager] Unable to send message (not connected to server process).
[Package Manager] Cannot connect to Unity Package Manager local server
Mono: successfully reloaded assembly
- Finished resetting the current domain, in  0.460 seconds
Domain Reload Profiling: 965ms
	BeginReloadAssembly (152ms)
		ExecutionOrderSort (0ms)
		DisableScriptedObjects (14ms)
		BackupInstance (0ms)
		ReleaseScriptingObjects (0ms)
		CreateAndSetChildDomain (46ms)
	RebuildCommonClasses (22ms)
	RebuildNativeTypeToScriptingClass (8ms)
	initialDomainReloadingComplete (17ms)
	LoadAllAssembliesAndSetupDomain (306ms)
		LoadAssemblies (220ms)
		RebuildTransferFunctionScriptingTraits (0ms)
		AnalyzeDomain (130ms)
			TypeCache.Refresh (10ms)
				TypeCache.ScanAssembly (0ms)
			BuildScriptInfoCaches (111ms)
			ResolveRequiredComponents (6ms)
	FinalizeReload (460ms)
		ReleaseScriptCaches (0ms)
		RebuildScriptCaches (0ms)
		SetupLoadedEditorAssemblies (377ms)
			LogAssemblyErrors (0ms)
			InitializePlatformSupportModulesInManaged (1ms)
			SetLoadedEditorAssemblies (2ms)
			BeforeProcessingInitializeOnLoad (81ms)
			ProcessInitializeOnLoadAttributes (262ms)
			ProcessInitializeOnLoadMethodAttributes (29ms)
			AfterProcessingInitializeOnLoad (1ms)
			EditorAssembliesLoaded (0ms)
		ExecutionOrderSort2 (0ms)
		AwakeInstancesAfterBackupRestoration (6ms)
WARNING: Shader Unsupported: 'Universal Render Pipeline/VR/SpatialMapping/Wireframe' - All subshaders removed
WARNING: Shader Did you use #pragma only_renderers and omit this platform?
WARNING: Shader If subshaders removal was intentional, you may have forgotten turning Fallback off?
WARNING: Shader Unsupported: 'Universal Render Pipeline/VR/SpatialMapping/Wireframe' - All subshaders removed
WARNING: Shader Did you use #pragma only_renderers and omit this platform?
WARNING: Shader If subshaders removal was intentional, you may have forgotten turning Fallback off?
Refreshing native plugins compatible for Editor in 0.69 ms, found 3 plugins.
Preloading 0 native plugins for Editor in 0.00 ms.
Unloading 27 Unused Serialized files (Serialized files now loaded: 0)
Unloading 6911 unused Assets / (5.8 MB). Loaded Objects now: 7779.
Memory consumption went from 163.7 MB to 157.9 MB.
Total: 6.853583 ms (FindLiveObjects: 0.384750 ms CreateObjectMapping: 0.252916 ms MarkObjects: 4.543125 ms  DeleteObjects: 1.672625 ms)

Prepare: number of updated asset objects reloaded= 0
========================================================================
Received Prepare
WARNING: Shader Unsupported: 'Universal Render Pipeline/VR/SpatialMapping/Wireframe' - All subshaders removed
WARNING: Shader Did you use #pragma only_renderers and omit this platform?
WARNING: Shader If subshaders removal was intentional, you may have forgotten turning Fallback off?
WARNING: Shader Unsupported: 'Universal Render Pipeline/VR/SpatialMapping/Wireframe' - All subshaders removed
WARNING: Shader Did you use #pragma only_renderers and omit this platform?
WARNING: Shader If subshaders removal was intentional, you may have forgotten turning Fallback off?
Refreshing native plugins compatible for Editor in 0.60 ms, found 3 plugins.
Preloading 0 native plugins for Editor in 0.00 ms.
Unloading 27 Unused Serialized files (Serialized files now loaded: 0)
Unloading 6900 unused Assets / (5.9 MB). Loaded Objects now: 7779.
Memory consumption went from 156.1 MB to 150.2 MB.
Total: 6.884916 ms (FindLiveObjects: 0.431250 ms CreateObjectMapping: 0.290042 ms MarkObjects: 4.568625 ms  DeleteObjects: 1.594625 ms)

Prepare: number of updated asset objects reloaded= 0
========================================================================
Received Prepare
Begin MonoManager ReloadAssembly
Thread 0x16f183000 may have been prematurely finalized
- Loaded All Assemblies, in  0.417 seconds
Refreshing native plugins compatible for Editor in 0.40 ms, found 3 plugins.
Native extension for OSXStandalone target not found
Native extension for WebGL target not found
[Package Manager] Failed to launch server process. Reason: Unity was launched with the -noUpm command-line argument
[Package Manager] Unable to send message (not connected to server process).
[Package Manager] Cannot connect to Unity Package Manager local server
Mono: successfully reloaded assembly
- Finished resetting the current domain, in  0.453 seconds
Domain Reload Profiling: 873ms
	BeginReloadAssembly (103ms)
		ExecutionOrderSort (0ms)
		DisableScriptedObjects (8ms)
		BackupInstance (0ms)
		ReleaseScriptingObjects (0ms)
		CreateAndSetChildDomain (28ms)
	RebuildCommonClasses (23ms)
	RebuildNativeTypeToScriptingClass (9ms)
	initialDomainReloadingComplete (12ms)
	LoadAllAssembliesAndSetupDomain (274ms)
		LoadAssemblies (187ms)
		RebuildTransferFunctionScriptingTraits (0ms)
		AnalyzeDomain (118ms)
			TypeCache.Refresh (11ms)
				TypeCache.ScanAssembly (0ms)
			BuildScriptInfoCaches (99ms)
			ResolveRequiredComponents (6ms)
	FinalizeReload (453ms)
		ReleaseScriptCaches (0ms)
		RebuildScriptCaches (0ms)
		SetupLoadedEditorAssemblies (377ms)
			LogAssemblyErrors (0ms)
			InitializePlatformSupportModulesInManaged (1ms)
			SetLoadedEditorAssemblies (2ms)
			BeforeProcessingInitializeOnLoad (82ms)
			ProcessInitializeOnLoadAttributes (261ms)
			ProcessInitializeOnLoadMethodAttributes (29ms)
			AfterProcessingInitializeOnLoad (1ms)
			EditorAssembliesLoaded (0ms)
		ExecutionOrderSort2 (0ms)
		AwakeInstancesAfterBackupRestoration (6ms)
WARNING: Shader Unsupported: 'Universal Render Pipeline/VR/SpatialMapping/Wireframe' - All subshaders removed
WARNING: Shader Did you use #pragma only_renderers and omit this platform?
WARNING: Shader If subshaders removal was intentional, you may have forgotten turning Fallback off?
WARNING: Shader Unsupported: 'Universal Render Pipeline/VR/SpatialMapping/Wireframe' - All subshaders removed
WARNING: Shader Did you use #pragma only_renderers and omit this platform?
WARNING: Shader If subshaders removal was intentional, you may have forgotten turning Fallback off?
Refreshing native plugins compatible for Editor in 0.51 ms, found 3 plugins.
Preloading 0 native plugins for Editor in 0.00 ms.
Unloading 27 Unused Serialized files (Serialized files now loaded: 0)
Unloading 6911 unused Assets / (5.6 MB). Loaded Objects now: 7782.
Memory consumption went from 163.6 MB to 158.0 MB.
Total: 5.983250 ms (FindLiveObjects: 0.318792 ms CreateObjectMapping: 0.225750 ms MarkObjects: 3.916458 ms  DeleteObjects: 1.521750 ms)

Prepare: number of updated asset objects reloaded= 0
========================================================================
Received Prepare
Begin MonoManager ReloadAssembly
Thread 0x16f183000 may have been prematurely finalized
- Loaded All Assemblies, in  0.386 seconds
Refreshing native plugins compatible for Editor in 0.39 ms, found 3 plugins.
Native extension for OSXStandalone target not found
Native extension for WebGL target not found
[Package Manager] Failed to launch server process. Reason: Unity was launched with the -noUpm command-line argument
[Package Manager] Unable to send message (not connected to server process).
[Package Manager] Cannot connect to Unity Package Manager local server
Mono: successfully reloaded assembly
- Finished resetting the current domain, in  0.447 seconds
Domain Reload Profiling: 837ms
	BeginReloadAssembly (96ms)
		ExecutionOrderSort (0ms)
		DisableScriptedObjects (7ms)
		BackupInstance (0ms)
		ReleaseScriptingObjects (0ms)
		CreateAndSetChildDomain (27ms)
	RebuildCommonClasses (21ms)
	RebuildNativeTypeToScriptingClass (8ms)
	initialDomainReloadingComplete (11ms)
	LoadAllAssembliesAndSetupDomain (253ms)
		LoadAssemblies (168ms)
		RebuildTransferFunctionScriptingTraits (0ms)
		AnalyzeDomain (112ms)
			TypeCache.Refresh (8ms)
				TypeCache.ScanAssembly (0ms)
			BuildScriptInfoCaches (96ms)
			ResolveRequiredComponents (6ms)
	FinalizeReload (447ms)
		ReleaseScriptCaches (0ms)
		RebuildScriptCaches (0ms)
		SetupLoadedEditorAssemblies (371ms)
			LogAssemblyErrors (0ms)
			InitializePlatformSupportModulesInManaged (1ms)
			SetLoadedEditorAssemblies (2ms)
			BeforeProcessingInitializeOnLoad (82ms)
			ProcessInitializeOnLoadAttributes (257ms)
			ProcessInitializeOnLoadMethodAttributes (28ms)
			AfterProcessingInitializeOnLoad (1ms)
			EditorAssembliesLoaded (0ms)
		ExecutionOrderSort2 (0ms)
		AwakeInstancesAfterBackupRestoration (5ms)
WARNING: Shader Unsupported: 'Universal Render Pipeline/VR/SpatialMapping/Wireframe' - All subshaders removed
WARNING: Shader Did you use #pragma only_renderers and omit this platform?
WARNING: Shader If subshaders removal was intentional, you may have forgotten turning Fallback off?
WARNING: Shader Unsupported: 'Universal Render Pipeline/VR/SpatialMapping/Wireframe' - All subshaders removed
WARNING: Shader Did you use #pragma only_renderers and omit this platform?
WARNING: Shader If subshaders removal was intentional, you may have forgotten turning Fallback off?
Refreshing native plugins compatible for Editor in 0.42 ms, found 3 plugins.
Preloading 0 native plugins for Editor in 0.00 ms.
Unloading 27 Unused Serialized files (Serialized files now loaded: 0)
Unloading 6911 unused Assets / (5.6 MB). Loaded Objects now: 7785.
Memory consumption went from 163.7 MB to 158.0 MB.
Total: 5.893166 ms (FindLiveObjects: 0.305541 ms CreateObjectMapping: 0.221917 ms MarkObjects: 3.921459 ms  DeleteObjects: 1.443875 ms)

Prepare: number of updated asset objects reloaded= 0
========================================================================
Received Prepare
Begin MonoManager ReloadAssembly
[Licensing::Client] Successfully resolved entitlement details
Thread 0x16f183000 may have been prematurely finalized
- Loaded All Assemblies, in  0.439 seconds
Refreshing native plugins compatible for Editor in 0.40 ms, found 3 plugins.
Native extension for OSXStandalone target not found
Native extension for WebGL target not found
[Package Manager] Failed to launch server process. Reason: Unity was launched with the -noUpm command-line argument
[Package Manager] Unable to send message (not connected to server process).
[Package Manager] Cannot connect to Unity Package Manager local server
Mono: successfully reloaded assembly
- Finished resetting the current domain, in  0.453 seconds
Domain Reload Profiling: 895ms
	BeginReloadAssembly (108ms)
		ExecutionOrderSort (0ms)
		DisableScriptedObjects (7ms)
		BackupInstance (0ms)
		ReleaseScriptingObjects (0ms)
		CreateAndSetChildDomain (26ms)
	RebuildCommonClasses (22ms)
	RebuildNativeTypeToScriptingClass (9ms)
	initialDomainReloadingComplete (12ms)
	LoadAllAssembliesAndSetupDomain (291ms)
		LoadAssemblies (210ms)
		RebuildTransferFunctionScriptingTraits (0ms)
		AnalyzeDomain (118ms)
			TypeCache.Refresh (9ms)
				TypeCache.ScanAssembly (0ms)
			BuildScriptInfoCaches (100ms)
			ResolveRequiredComponents (6ms)
	FinalizeReload (453ms)
		ReleaseScriptCaches (0ms)
		RebuildScriptCaches (0ms)
		SetupLoadedEditorAssemblies (372ms)
			LogAssemblyErrors (0ms)
			InitializePlatformSupportModulesInManaged (1ms)
			SetLoadedEditorAssemblies (2ms)
			BeforeProcessingInitializeOnLoad (83ms)
			ProcessInitializeOnLoadAttributes (257ms)
			ProcessInitializeOnLoadMethodAttributes (28ms)
			AfterProcessingInitializeOnLoad (1ms)
			EditorAssembliesLoaded (0ms)
		ExecutionOrderSort2 (0ms)
		AwakeInstancesAfterBackupRestoration (5ms)
WARNING: Shader Unsupported: 'Universal Render Pipeline/VR/SpatialMapping/Wireframe' - All subshaders removed
WARNING: Shader Did you use #pragma only_renderers and omit this platform?
WARNING: Shader If subshaders removal was intentional, you may have forgotten turning Fallback off?
WARNING: Shader Unsupported: 'Universal Render Pipeline/VR/SpatialMapping/Wireframe' - All subshaders removed
WARNING: Shader Did you use #pragma only_renderers and omit this platform?
WARNING: Shader If subshaders removal was intentional, you may have forgotten turning Fallback off?
Refreshing native plugins compatible for Editor in 0.58 ms, found 3 plugins.
Preloading 0 native plugins for Editor in 0.00 ms.
Unloading 27 Unused Serialized files (Serialized files now loaded: 0)
Unloading 6911 unused Assets / (5.9 MB). Loaded Objects now: 7788.
Memory consumption went from 163.7 MB to 157.9 MB.
Total: 6.820000 ms (FindLiveObjects: 0.422458 ms CreateObjectMapping: 0.297667 ms MarkObjects: 4.414333 ms  DeleteObjects: 1.685250 ms)

Prepare: number of updated asset objects reloaded= 0
========================================================================
Received Import Request.
  Time since last request: 548.524161 seconds.
  path: Assets/Sci-Fi UI/_SciFi_GUISkin_/atlas.png
  artifactKey: Guid(56d84991286850f428b4e7df0cca7380) Importer(815301076,1909f56bfc062723c751e8b465ee728b)
Start importing Assets/Sci-Fi UI/_SciFi_GUISkin_/atlas.png using Guid(56d84991286850f428b4e7df0cca7380) Importer(815301076,1909f56bfc062723c751e8b465ee728b) (PreviewImporter) -> (artifact id: 'f530cc62757e7a5142f1115d540f514e') in 0.081288083 seconds
Number of updated asset objects reloaded before import = 0Number of asset objects unloaded after import = 34

========================================================================
Received Import Request.
  Time since last request: 1.260537 seconds.
  path: Assets/Sci-Fi UI/_SciFi_GUISkin_/Bonus_Assets
  artifactKey: Guid(d26bf89c00db93d43b42399d90ba77e8) Importer(815301076,1909f56bfc062723c751e8b465ee728b)
Start importing Assets/Sci-Fi UI/_SciFi_GUISkin_/Bonus_Assets using Guid(d26bf89c00db93d43b42399d90ba77e8) Importer(815301076,1909f56bfc062723c751e8b465ee728b) (PreviewImporter) -> (artifact id: '8daffd8b91c2adf0411977be647c4307') in 0.000325917 seconds
Number of updated asset objects reloaded before import = 0Number of asset objects unloaded after import = 0

========================================================================
Received Import Request.
  Time since last request: 1.423647 seconds.
  path: Assets/Sci-Fi UI/_SciFi_GUISkin_/Bonus_Assets/arrows
  artifactKey: Guid(96761de9252a2be45b984c64f3307bd0) Importer(815301076,1909f56bfc062723c751e8b465ee728b)
Start importing Assets/Sci-Fi UI/_SciFi_GUISkin_/Bonus_Assets/arrows using Guid(96761de9252a2be45b984c64f3307bd0) Importer(815301076,1909f56bfc062723c751e8b465ee728b) (PreviewImporter) -> (artifact id: '13da518c775b23ae88c4e44be35ab589') in 0.000329166 seconds
Number of updated asset objects reloaded before import = 0Number of asset objects unloaded after import = 0

========================================================================
Received Import Request.
  Time since last request: 0.180851 seconds.
  path: Assets/Sci-Fi UI/_SciFi_GUISkin_/Bonus_Assets/arrows/arrow1_left.png
  artifactKey: Guid(9871e4d5e19cea6419d057b79ce1a1a8) Importer(815301076,1909f56bfc062723c751e8b465ee728b)
Start importing Assets/Sci-Fi UI/_SciFi_GUISkin_/Bonus_Assets/arrows/arrow1_left.png using Guid(9871e4d5e19cea6419d057b79ce1a1a8) Importer(815301076,1909f56bfc062723c751e8b465ee728b) (PreviewImporter) -> (artifact id: '4a53ba3257ba79029241a20f34f3cf42') in 0.004519459 seconds
Number of updated asset objects reloaded before import = 0Number of asset objects unloaded after import = 2

========================================================================
Received Import Request.
  Time since last request: 0.000046 seconds.
  path: Assets/Sci-Fi UI/_SciFi_GUISkin_/Bonus_Assets/arrows/arrow_left.png
  artifactKey: Guid(6d7b5d72581e8ca48b333e83a25d1514) Importer(815301076,1909f56bfc062723c751e8b465ee728b)
Start importing Assets/Sci-Fi UI/_SciFi_GUISkin_/Bonus_Assets/arrows/arrow_left.png using Guid(6d7b5d72581e8ca48b333e83a25d1514) Importer(815301076,1909f56bfc062723c751e8b465ee728b) (PreviewImporter) -> (artifact id: '22c987a64633a2d58ef6a00a55f2093c') in 0.004081583 seconds
Number of updated asset objects reloaded before import = 0Number of asset objects unloaded after import = 2

========================================================================
Received Import Request.
  Time since last request: 0.000031 seconds.
  path: Assets/Sci-Fi UI/_SciFi_GUISkin_/Bonus_Assets/arrows/plus.png
  artifactKey: Guid(36909c7c187739945aecb80f7c59fa4c) Importer(815301076,1909f56bfc062723c751e8b465ee728b)
Start importing Assets/Sci-Fi UI/_SciFi_GUISkin_/Bonus_Assets/arrows/plus.png using Guid(36909c7c187739945aecb80f7c59fa4c) Importer(815301076,1909f56bfc062723c751e8b465ee728b) (PreviewImporter) -> (artifact id: '8f2a4e634707406a9ecf1d55c5e1cf54') in 0.003823417 seconds
Number of updated asset objects reloaded before import = 0Number of asset objects unloaded after import = 2

========================================================================
Received Import Request.
  Time since last request: 0.000041 seconds.
  path: Assets/Sci-Fi UI/_SciFi_GUISkin_/Bonus_Assets/arrows/back_arrow.png
  artifactKey: Guid(a9ef9e2f50f97a84bbd269b5f7cc5ea4) Importer(815301076,1909f56bfc062723c751e8b465ee728b)
Start importing Assets/Sci-Fi UI/_SciFi_GUISkin_/Bonus_Assets/arrows/back_arrow.png using Guid(a9ef9e2f50f97a84bbd269b5f7cc5ea4) Importer(815301076,1909f56bfc062723c751e8b465ee728b) (PreviewImporter) -> (artifact id: '5232d19470015d8a1667c73acb2fae17') in 0.003834875 seconds
Number of updated asset objects reloaded before import = 0Number of asset objects unloaded after import = 2

========================================================================
Received Import Request.
  Time since last request: 44.238105 seconds.
  path: Assets/ASSets/2D Space Kit/Backgrounds/Fantasy Purple 2048/Fantasy 5.jpg
  artifactKey: Guid(037e9686aa46fb648b62b1d72388f2f2) Importer(815301076,1909f56bfc062723c751e8b465ee728b)
Start importing Assets/ASSets/2D Space Kit/Backgrounds/Fantasy Purple 2048/Fantasy 5.jpg using Guid(037e9686aa46fb648b62b1d72388f2f2) Importer(815301076,1909f56bfc062723c751e8b465ee728b) (PreviewImporter) -> (artifact id: '178d73e8dcfca490cc285fadf46576e2') in 0.015243792 seconds
Number of updated asset objects reloaded before import = 0Number of asset objects unloaded after import = 3

========================================================================
Received Import Request.
  Time since last request: 0.000039 seconds.
  path: Assets/ASSets/2D Space Kit/Backgrounds/Fantasy Purple 2048/Fantasy 3.jpg
  artifactKey: Guid(25b0de3e94ab17e4d8662c168a1f5614) Importer(815301076,1909f56bfc062723c751e8b465ee728b)
Start importing Assets/ASSets/2D Space Kit/Backgrounds/Fantasy Purple 2048/Fantasy 3.jpg using Guid(25b0de3e94ab17e4d8662c168a1f5614) Importer(815301076,1909f56bfc062723c751e8b465ee728b) (PreviewImporter) -> (artifact id: 'bbaab8e21478c31a1d2c5db8fa52393b') in 0.013219167 seconds
Number of updated asset objects reloaded before import = 0Number of asset objects unloaded after import = 3

========================================================================
Received Import Request.
  Time since last request: 0.026990 seconds.
  path: Assets/ASSets/2D Space Kit/Backgrounds/Fantasy Purple 2048/Fantasy 1.jpg
  artifactKey: Guid(bafbe3f2d9e9ad34bb059e9e72ee87e7) Importer(815301076,1909f56bfc062723c751e8b465ee728b)
Start importing Assets/ASSets/2D Space Kit/Backgrounds/Fantasy Purple 2048/Fantasy 1.jpg using Guid(bafbe3f2d9e9ad34bb059e9e72ee87e7) Importer(815301076,1909f56bfc062723c751e8b465ee728b) (PreviewImporter) -> (artifact id: '91908307bafae694d43a7774c5e34403') in 0.018140542 seconds
Number of updated asset objects reloaded before import = 0Number of asset objects unloaded after import = 3

========================================================================
Received Import Request.
  Time since last request: 4.123882 seconds.
  path: Assets/ASSets/Farland Skies/!Core/Sprites/color_picker.png
  artifactKey: Guid(829e4eb43046cad45af3032071b450bd) Importer(815301076,1909f56bfc062723c751e8b465ee728b)
Start importing Assets/ASSets/Farland Skies/!Core/Sprites/color_picker.png using Guid(829e4eb43046cad45af3032071b450bd) Importer(815301076,1909f56bfc062723c751e8b465ee728b) (PreviewImporter) -> (artifact id: '94d6187e4e4b4a86bfecbeb84cdc4504') in 0.007365458 seconds
Number of updated asset objects reloaded before import = 0Number of asset objects unloaded after import = 3

========================================================================
Received Prepare
Begin MonoManager ReloadAssembly
[Licensing::Client] Successfully resolved entitlement details
Thread 0x16f183000 may have been prematurely finalized
- Loaded All Assemblies, in  0.457 seconds
Refreshing native plugins compatible for Editor in 0.38 ms, found 3 plugins.
Native extension for OSXStandalone target not found
Native extension for WebGL target not found
[Package Manager] Failed to launch server process. Reason: Unity was launched with the -noUpm command-line argument
[Package Manager] Unable to send message (not connected to server process).
[Package Manager] Cannot connect to Unity Package Manager local server
Mono: successfully reloaded assembly
- Finished resetting the current domain, in  0.475 seconds
Domain Reload Profiling: 935ms
	BeginReloadAssembly (115ms)
		ExecutionOrderSort (0ms)
		DisableScriptedObjects (7ms)
		BackupInstance (0ms)
		ReleaseScriptingObjects (0ms)
		CreateAndSetChildDomain (30ms)
	RebuildCommonClasses (22ms)
	RebuildNativeTypeToScriptingClass (9ms)
	initialDomainReloadingComplete (14ms)
	LoadAllAssembliesAndSetupDomain (300ms)
		LoadAssemblies (211ms)
		RebuildTransferFunctionScriptingTraits (0ms)
		AnalyzeDomain (127ms)
			TypeCache.Refresh (9ms)
				TypeCache.ScanAssembly (0ms)
			BuildScriptInfoCaches (108ms)
			ResolveRequiredComponents (6ms)
	FinalizeReload (475ms)
		ReleaseScriptCaches (0ms)
		RebuildScriptCaches (0ms)
		SetupLoadedEditorAssemblies (389ms)
			LogAssemblyErrors (0ms)
			InitializePlatformSupportModulesInManaged (1ms)
			SetLoadedEditorAssemblies (2ms)
			BeforeProcessingInitializeOnLoad (85ms)
			ProcessInitializeOnLoadAttributes (270ms)
			ProcessInitializeOnLoadMethodAttributes (29ms)
			AfterProcessingInitializeOnLoad (1ms)
			EditorAssembliesLoaded (0ms)
		ExecutionOrderSort2 (0ms)
		AwakeInstancesAfterBackupRestoration (6ms)
WARNING: Shader Unsupported: 'Universal Render Pipeline/VR/SpatialMapping/Wireframe' - All subshaders removed
WARNING: Shader Did you use #pragma only_renderers and omit this platform?
WARNING: Shader If subshaders removal was intentional, you may have forgotten turning Fallback off?
WARNING: Shader Unsupported: 'Universal Render Pipeline/VR/SpatialMapping/Wireframe' - All subshaders removed
WARNING: Shader Did you use #pragma only_renderers and omit this platform?
WARNING: Shader If subshaders removal was intentional, you may have forgotten turning Fallback off?
Refreshing native plugins compatible for Editor in 0.62 ms, found 3 plugins.
Preloading 0 native plugins for Editor in 0.00 ms.
Unloading 27 Unused Serialized files (Serialized files now loaded: 0)
Unloading 6911 unused Assets / (5.5 MB). Loaded Objects now: 7826.
Memory consumption went from 163.8 MB to 158.2 MB.
Total: 6.032834 ms (FindLiveObjects: 0.339625 ms CreateObjectMapping: 0.220625 ms MarkObjects: 3.987208 ms  DeleteObjects: 1.485167 ms)

Prepare: number of updated asset objects reloaded= 0
========================================================================
Received Prepare
Begin MonoManager ReloadAssembly
[Licensing::Client] Successfully resolved entitlement details
Thread 0x16f183000 may have been prematurely finalized
- Loaded All Assemblies, in  0.405 seconds
Refreshing native plugins compatible for Editor in 0.41 ms, found 3 plugins.
Native extension for OSXStandalone target not found
Native extension for WebGL target not found
[Package Manager] Failed to launch server process. Reason: Unity was launched with the -noUpm command-line argument
[Package Manager] Unable to send message (not connected to server process).
[Package Manager] Cannot connect to Unity Package Manager local server
Mono: successfully reloaded assembly
- Finished resetting the current domain, in  0.470 seconds
Domain Reload Profiling: 877ms
	BeginReloadAssembly (99ms)
		ExecutionOrderSort (0ms)
		DisableScriptedObjects (7ms)
		BackupInstance (0ms)
		ReleaseScriptingObjects (0ms)
		CreateAndSetChildDomain (27ms)
	RebuildCommonClasses (21ms)
	RebuildNativeTypeToScriptingClass (8ms)
	initialDomainReloadingComplete (11ms)
	LoadAllAssembliesAndSetupDomain (268ms)
		LoadAssemblies (173ms)
		RebuildTransferFunctionScriptingTraits (0ms)
		AnalyzeDomain (122ms)
			TypeCache.Refresh (8ms)
				TypeCache.ScanAssembly (0ms)
			BuildScriptInfoCaches (106ms)
			ResolveRequiredComponents (6ms)
	FinalizeReload (470ms)
		ReleaseScriptCaches (0ms)
		RebuildScriptCaches (0ms)
		SetupLoadedEditorAssemblies (386ms)
			LogAssemblyErrors (0ms)
			InitializePlatformSupportModulesInManaged (2ms)
			SetLoadedEditorAssemblies (2ms)
			BeforeProcessingInitializeOnLoad (80ms)
			ProcessInitializeOnLoadAttributes (272ms)
			ProcessInitializeOnLoadMethodAttributes (29ms)
			AfterProcessingInitializeOnLoad (1ms)
			EditorAssembliesLoaded (0ms)
		ExecutionOrderSort2 (0ms)
		AwakeInstancesAfterBackupRestoration (6ms)
WARNING: Shader Unsupported: 'Universal Render Pipeline/VR/SpatialMapping/Wireframe' - All subshaders removed
WARNING: Shader Did you use #pragma only_renderers and omit this platform?
WARNING: Shader If subshaders removal was intentional, you may have forgotten turning Fallback off?
WARNING: Shader Unsupported: 'Universal Render Pipeline/VR/SpatialMapping/Wireframe' - All subshaders removed
WARNING: Shader Did you use #pragma only_renderers and omit this platform?
WARNING: Shader If subshaders removal was intentional, you may have forgotten turning Fallback off?
Refreshing native plugins compatible for Editor in 0.57 ms, found 3 plugins.
Preloading 0 native plugins for Editor in 0.00 ms.
Unloading 27 Unused Serialized files (Serialized files now loaded: 0)
Unloading 6911 unused Assets / (5.6 MB). Loaded Objects now: 7829.
Memory consumption went from 163.8 MB to 158.1 MB.
Total: 5.978834 ms (FindLiveObjects: 0.324667 ms CreateObjectMapping: 0.219250 ms MarkObjects: 3.927250 ms  DeleteObjects: 1.507417 ms)

Prepare: number of updated asset objects reloaded= 0
========================================================================
Received Prepare
Begin MonoManager ReloadAssembly
[Licensing::Client] Successfully resolved entitlement details
Thread 0x16f183000 may have been prematurely finalized
- Loaded All Assemblies, in  0.401 seconds
Refreshing native plugins compatible for Editor in 0.38 ms, found 3 plugins.
Native extension for OSXStandalone target not found
Native extension for WebGL target not found
[Package Manager] Failed to launch server process. Reason: Unity was launched with the -noUpm command-line argument
[Package Manager] Unable to send message (not connected to server process).
[Package Manager] Cannot connect to Unity Package Manager local server
Mono: successfully reloaded assembly
- Finished resetting the current domain, in  0.473 seconds
Domain Reload Profiling: 877ms
	BeginReloadAssembly (96ms)
		ExecutionOrderSort (0ms)
		DisableScriptedObjects (7ms)
		BackupInstance (0ms)
		ReleaseScriptingObjects (0ms)
		CreateAndSetChildDomain (25ms)
	RebuildCommonClasses (21ms)
	RebuildNativeTypeToScriptingClass (8ms)
	initialDomainReloadingComplete (11ms)
	LoadAllAssembliesAndSetupDomain (268ms)
		LoadAssemblies (175ms)
		RebuildTransferFunctionScriptingTraits (0ms)
		AnalyzeDomain (121ms)
			TypeCache.Refresh (8ms)
				TypeCache.ScanAssembly (0ms)
			BuildScriptInfoCaches (104ms)
			ResolveRequiredComponents (6ms)
	FinalizeReload (473ms)
		ReleaseScriptCaches (0ms)
		RebuildScriptCaches (0ms)
		SetupLoadedEditorAssemblies (390ms)
			LogAssemblyErrors (0ms)
			InitializePlatformSupportModulesInManaged (1ms)
			SetLoadedEditorAssemblies (2ms)
			BeforeProcessingInitializeOnLoad (83ms)
			ProcessInitializeOnLoadAttributes (273ms)
			ProcessInitializeOnLoadMethodAttributes (30ms)
			AfterProcessingInitializeOnLoad (1ms)
			EditorAssembliesLoaded (0ms)
		ExecutionOrderSort2 (0ms)
		AwakeInstancesAfterBackupRestoration (6ms)
WARNING: Shader Unsupported: 'Universal Render Pipeline/VR/SpatialMapping/Wireframe' - All subshaders removed
WARNING: Shader Did you use #pragma only_renderers and omit this platform?
WARNING: Shader If subshaders removal was intentional, you may have forgotten turning Fallback off?
WARNING: Shader Unsupported: 'Universal Render Pipeline/VR/SpatialMapping/Wireframe' - All subshaders removed
WARNING: Shader Did you use #pragma only_renderers and omit this platform?
WARNING: Shader If subshaders removal was intentional, you may have forgotten turning Fallback off?
Refreshing native plugins compatible for Editor in 0.66 ms, found 3 plugins.
Preloading 0 native plugins for Editor in 0.00 ms.
Unloading 27 Unused Serialized files (Serialized files now loaded: 0)
Unloading 6911 unused Assets / (5.7 MB). Loaded Objects now: 7832.
Memory consumption went from 163.8 MB to 158.1 MB.
Total: 5.934041 ms (FindLiveObjects: 0.335792 ms CreateObjectMapping: 0.224166 ms MarkObjects: 3.940959 ms  DeleteObjects: 1.432833 ms)

Prepare: number of updated asset objects reloaded= 0
========================================================================
Received Import Request.
  Time since last request: 549.707571 seconds.
  path: Assets/Scenes/menu.unity
  artifactKey: Guid(64272842f2d344961ac755ce460723f2) Importer(815301076,1909f56bfc062723c751e8b465ee728b)
Start importing Assets/Scenes/menu.unity using Guid(64272842f2d344961ac755ce460723f2) Importer(815301076,1909f56bfc062723c751e8b465ee728b) (PreviewImporter) -> (artifact id: 'c946cfe4a1f57adb6d67126935e7d663') in 0.001188667 seconds
Number of updated asset objects reloaded before import = 0Number of asset objects unloaded after import = 0

========================================================================
Received Prepare
Begin MonoManager ReloadAssembly
[Licensing::Client] Successfully resolved entitlement details
Thread 0x16f183000 may have been prematurely finalized
- Loaded All Assemblies, in  0.417 seconds
Refreshing native plugins compatible for Editor in 0.40 ms, found 3 plugins.
Native extension for OSXStandalone target not found
Native extension for WebGL target not found
[Package Manager] Failed to launch server process. Reason: Unity was launched with the -noUpm command-line argument
[Package Manager] Unable to send message (not connected to server process).
[Package Manager] Cannot connect to Unity Package Manager local server
Mono: successfully reloaded assembly
- Finished resetting the current domain, in  0.480 seconds
Domain Reload Profiling: 901ms
	BeginReloadAssembly (100ms)
		ExecutionOrderSort (0ms)
		DisableScriptedObjects (7ms)
		BackupInstance (0ms)
		ReleaseScriptingObjects (0ms)
		CreateAndSetChildDomain (30ms)
	RebuildCommonClasses (21ms)
	RebuildNativeTypeToScriptingClass (8ms)
	initialDomainReloadingComplete (11ms)
	LoadAllAssembliesAndSetupDomain (279ms)
		LoadAssemblies (183ms)
		RebuildTransferFunctionScriptingTraits (0ms)
		AnalyzeDomain (123ms)
			TypeCache.Refresh (8ms)
				TypeCache.ScanAssembly (0ms)
			BuildScriptInfoCaches (106ms)
			ResolveRequiredComponents (6ms)
	FinalizeReload (481ms)
		ReleaseScriptCaches (0ms)
		RebuildScriptCaches (0ms)
		SetupLoadedEditorAssemblies (394ms)
			LogAssemblyErrors (0ms)
			InitializePlatformSupportModulesInManaged (1ms)
			SetLoadedEditorAssemblies (2ms)
			BeforeProcessingInitializeOnLoad (83ms)
			ProcessInitializeOnLoadAttributes (273ms)
			ProcessInitializeOnLoadMethodAttributes (34ms)
			AfterProcessingInitializeOnLoad (1ms)
			EditorAssembliesLoaded (0ms)
		ExecutionOrderSort2 (0ms)
		AwakeInstancesAfterBackupRestoration (6ms)
WARNING: Shader Unsupported: 'Universal Render Pipeline/VR/SpatialMapping/Wireframe' - All subshaders removed
WARNING: Shader Did you use #pragma only_renderers and omit this platform?
WARNING: Shader If subshaders removal was intentional, you may have forgotten turning Fallback off?
WARNING: Shader Unsupported: 'Universal Render Pipeline/VR/SpatialMapping/Wireframe' - All subshaders removed
WARNING: Shader Did you use #pragma only_renderers and omit this platform?
WARNING: Shader If subshaders removal was intentional, you may have forgotten turning Fallback off?
Refreshing native plugins compatible for Editor in 0.70 ms, found 3 plugins.
Preloading 0 native plugins for Editor in 0.00 ms.
Unloading 27 Unused Serialized files (Serialized files now loaded: 0)
Unloading 6911 unused Assets / (5.8 MB). Loaded Objects now: 7835.
Memory consumption went from 163.9 MB to 158.1 MB.
Total: 6.329042 ms (FindLiveObjects: 0.349333 ms CreateObjectMapping: 0.247875 ms MarkObjects: 4.200125 ms  DeleteObjects: 1.531417 ms)

Prepare: number of updated asset objects reloaded= 0
========================================================================
Received Import Request.
  Time since last request: 793.968052 seconds.
  path: Assets/Scenes/SampleScene.unity
  artifactKey: Guid(8c9cfa26abfee488c85f1582747f6a02) Importer(815301076,1909f56bfc062723c751e8b465ee728b)
Start importing Assets/Scenes/SampleScene.unity using Guid(8c9cfa26abfee488c85f1582747f6a02) Importer(815301076,1909f56bfc062723c751e8b465ee728b) (PreviewImporter) -> (artifact id: '4361098dde8dbedcd151f1171f4ad62d') in 0.001404083 seconds
Number of updated asset objects reloaded before import = 0Number of asset objects unloaded after import = 0

========================================================================
Received Prepare
Begin MonoManager ReloadAssembly
[Licensing::Client] Successfully resolved entitlement details
Thread 0x16f183000 may have been prematurely finalized
- Loaded All Assemblies, in  0.390 seconds
Refreshing native plugins compatible for Editor in 0.38 ms, found 3 plugins.
Native extension for OSXStandalone target not found
Native extension for WebGL target not found
[Package Manager] Failed to launch server process. Reason: Unity was launched with the -noUpm command-line argument
[Package Manager] Unable to send message (not connected to server process).
[Package Manager] Cannot connect to Unity Package Manager local server
Mono: successfully reloaded assembly
- Finished resetting the current domain, in  0.461 seconds
Domain Reload Profiling: 853ms
	BeginReloadAssembly (98ms)
		ExecutionOrderSort (0ms)
		DisableScriptedObjects (8ms)
		BackupInstance (0ms)
		ReleaseScriptingObjects (0ms)
		CreateAndSetChildDomain (26ms)
	RebuildCommonClasses (21ms)
	RebuildNativeTypeToScriptingClass (8ms)
	initialDomainReloadingComplete (11ms)
	LoadAllAssembliesAndSetupDomain (254ms)
		LoadAssemblies (172ms)
		RebuildTransferFunctionScriptingTraits (0ms)
		AnalyzeDomain (111ms)
			TypeCache.Refresh (6ms)
				TypeCache.ScanAssembly (0ms)
			BuildScriptInfoCaches (97ms)
			ResolveRequiredComponents (6ms)
	FinalizeReload (461ms)
		ReleaseScriptCaches (0ms)
		RebuildScriptCaches (0ms)
		SetupLoadedEditorAssemblies (382ms)
			LogAssemblyErrors (0ms)
			InitializePlatformSupportModulesInManaged (1ms)
			SetLoadedEditorAssemblies (2ms)
			BeforeProcessingInitializeOnLoad (84ms)
			ProcessInitializeOnLoadAttributes (266ms)
			ProcessInitializeOnLoadMethodAttributes (28ms)
			AfterProcessingInitializeOnLoad (1ms)
			EditorAssembliesLoaded (0ms)
		ExecutionOrderSort2 (0ms)
		AwakeInstancesAfterBackupRestoration (7ms)
WARNING: Shader Unsupported: 'Universal Render Pipeline/VR/SpatialMapping/Wireframe' - All subshaders removed
WARNING: Shader Did you use #pragma only_renderers and omit this platform?
WARNING: Shader If subshaders removal was intentional, you may have forgotten turning Fallback off?
WARNING: Shader Unsupported: 'Universal Render Pipeline/VR/SpatialMapping/Wireframe' - All subshaders removed
WARNING: Shader Did you use #pragma only_renderers and omit this platform?
WARNING: Shader If subshaders removal was intentional, you may have forgotten turning Fallback off?
Refreshing native plugins compatible for Editor in 0.62 ms, found 3 plugins.
Preloading 0 native plugins for Editor in 0.00 ms.
Unloading 27 Unused Serialized files (Serialized files now loaded: 0)
Unloading 6911 unused Assets / (5.9 MB). Loaded Objects now: 7838.
Memory consumption went from 163.8 MB to 157.9 MB.
Total: 6.239125 ms (FindLiveObjects: 0.357459 ms CreateObjectMapping: 0.228000 ms MarkObjects: 4.117041 ms  DeleteObjects: 1.536334 ms)

Prepare: number of updated asset objects reloaded= 0
========================================================================
Received Prepare
Begin MonoManager ReloadAssembly
[Licensing::Client] Successfully resolved entitlement details
Thread 0x16f183000 may have been prematurely finalized
- Loaded All Assemblies, in  0.384 seconds
Refreshing native plugins compatible for Editor in 0.41 ms, found 3 plugins.
Native extension for OSXStandalone target not found
Native extension for WebGL target not found
[Package Manager] Failed to launch server process. Reason: Unity was launched with the -noUpm command-line argument
[Package Manager] Unable to send message (not connected to server process).
[Package Manager] Cannot connect to Unity Package Manager local server
Mono: successfully reloaded assembly
- Finished resetting the current domain, in  0.478 seconds
Domain Reload Profiling: 866ms
	BeginReloadAssembly (97ms)
		ExecutionOrderSort (0ms)
		DisableScriptedObjects (7ms)
		BackupInstance (0ms)
		ReleaseScriptingObjects (0ms)
		CreateAndSetChildDomain (26ms)
	RebuildCommonClasses (21ms)
	RebuildNativeTypeToScriptingClass (9ms)
	initialDomainReloadingComplete (12ms)
	LoadAllAssembliesAndSetupDomain (249ms)
		LoadAssemblies (161ms)
		RebuildTransferFunctionScriptingTraits (0ms)
		AnalyzeDomain (116ms)
			TypeCache.Refresh (8ms)
				TypeCache.ScanAssembly (0ms)
			BuildScriptInfoCaches (99ms)
			ResolveRequiredComponents (6ms)
	FinalizeReload (478ms)
		ReleaseScriptCaches (0ms)
		RebuildScriptCaches (0ms)
		SetupLoadedEditorAssemblies (399ms)
			LogAssemblyErrors (0ms)
			InitializePlatformSupportModulesInManaged (1ms)
			SetLoadedEditorAssemblies (2ms)
			BeforeProcessingInitializeOnLoad (87ms)
			ProcessInitializeOnLoadAttributes (276ms)
			ProcessInitializeOnLoadMethodAttributes (31ms)
			AfterProcessingInitializeOnLoad (1ms)
			EditorAssembliesLoaded (0ms)
		ExecutionOrderSort2 (0ms)
		AwakeInstancesAfterBackupRestoration (6ms)
WARNING: Shader Unsupported: 'Universal Render Pipeline/VR/SpatialMapping/Wireframe' - All subshaders removed
WARNING: Shader Did you use #pragma only_renderers and omit this platform?
WARNING: Shader If subshaders removal was intentional, you may have forgotten turning Fallback off?
WARNING: Shader Unsupported: 'Universal Render Pipeline/VR/SpatialMapping/Wireframe' - All subshaders removed
WARNING: Shader Did you use #pragma only_renderers and omit this platform?
WARNING: Shader If subshaders removal was intentional, you may have forgotten turning Fallback off?
Refreshing native plugins compatible for Editor in 0.40 ms, found 3 plugins.
Preloading 0 native plugins for Editor in 0.00 ms.
Unloading 27 Unused Serialized files (Serialized files now loaded: 0)
Unloading 6911 unused Assets / (6.3 MB). Loaded Objects now: 7841.
Memory consumption went from 163.6 MB to 157.4 MB.
Total: 6.168875 ms (FindLiveObjects: 0.321750 ms CreateObjectMapping: 0.219459 ms MarkObjects: 3.937750 ms  DeleteObjects: 1.689458 ms)

Prepare: number of updated asset objects reloaded= 0
========================================================================
Received Import Request.
  Time since last request: 405.352037 seconds.
  path: Assets/ASSets/2D Space Kit/Backgrounds/Red Nebula 2048/background1.jpg
  artifactKey: Guid(921c40fbf1338f9419f3823a92e4a267) Importer(815301076,1909f56bfc062723c751e8b465ee728b)
Start importing Assets/ASSets/2D Space Kit/Backgrounds/Red Nebula 2048/background1.jpg using Guid(921c40fbf1338f9419f3823a92e4a267) Importer(815301076,1909f56bfc062723c751e8b465ee728b) (PreviewImporter) -> (artifact id: 'cd72e20847a5e22b52ae933c2da3652b') in 0.051065625 seconds
Number of updated asset objects reloaded before import = 0Number of asset objects unloaded after import = 3

========================================================================
Received Import Request.
  Time since last request: 0.000043 seconds.
  path: Assets/ASSets/2D Space Kit/Backgrounds/Red Nebula 2048/background2.jpg
  artifactKey: Guid(03a24993c022d604ca1d4b85814469bf) Importer(815301076,1909f56bfc062723c751e8b465ee728b)
Start importing Assets/ASSets/2D Space Kit/Backgrounds/Red Nebula 2048/background2.jpg using Guid(03a24993c022d604ca1d4b85814469bf) Importer(815301076,1909f56bfc062723c751e8b465ee728b) (PreviewImporter) -> (artifact id: 'c7b5baa842344d8afe9cba2f7d15005b') in 0.013645334 seconds
Number of updated asset objects reloaded before import = 0Number of asset objects unloaded after import = 3

========================================================================
Received Import Request.
  Time since last request: 0.000036 seconds.
  path: Assets/ASSets/2D Space Kit/Backgrounds/Red Nebula 2048/background5.jpg
  artifactKey: Guid(137a7a4273c5c334a9c080e525db3501) Importer(815301076,1909f56bfc062723c751e8b465ee728b)
Start importing Assets/ASSets/2D Space Kit/Backgrounds/Red Nebula 2048/background5.jpg using Guid(137a7a4273c5c334a9c080e525db3501) Importer(815301076,1909f56bfc062723c751e8b465ee728b) (PreviewImporter) -> (artifact id: '9ba02f7bc305dd3b9fe0cf8de574542f') in 0.014095041 seconds
Number of updated asset objects reloaded before import = 0Number of asset objects unloaded after import = 3

========================================================================
Received Import Request.
  Time since last request: 46.323044 seconds.
  path: Assets/ASSets/2D Space Kit/Particles (Sprites)/Materials
  artifactKey: Guid(6184250780e734f62bf5da75ac9eb934) Importer(2089858483,192608db42251d675da83286b1cce702)
Start importing Assets/ASSets/2D Space Kit/Particles (Sprites)/Materials using Guid(6184250780e734f62bf5da75ac9eb934) Importer(2089858483,192608db42251d675da83286b1cce702) (ScriptedImporter) -> (artifact id: '8fabbb86067d3459f9ef3bfe42b34c62') in 0.084413625 seconds
Number of updated asset objects reloaded before import = 0Number of asset objects unloaded after import = 1

========================================================================
Received Import Request.
  Time since last request: 0.000033 seconds.
  path: Assets/Sci-Fi UI/_SciFi_GUISkin_/Skin_Assets/window/window_transparent1.png
  artifactKey: Guid(78e3daf76621d66448e594d6993adbd8) Importer(2089858483,192608db42251d675da83286b1cce702)
Start importing Assets/Sci-Fi UI/_SciFi_GUISkin_/Skin_Assets/window/window_transparent1.png using Guid(78e3daf76621d66448e594d6993adbd8) Importer(2089858483,192608db42251d675da83286b1cce702) (ScriptedImporter) -> (artifact id: '61e71b5bd3279474bf3d7829b0b5d496') in 0.045877625 seconds
Number of updated asset objects reloaded before import = 0Number of asset objects unloaded after import = 1

========================================================================
Received Import Request.
  Time since last request: 0.000034 seconds.
  path: Assets/ASSets/Galaxia Sprite Pack #1/Player
  artifactKey: Guid(e26b8986b8a143246882c2b3e1eff3f8) Importer(2089858483,192608db42251d675da83286b1cce702)
Start importing Assets/ASSets/Galaxia Sprite Pack #1/Player using Guid(e26b8986b8a143246882c2b3e1eff3f8) Importer(2089858483,192608db42251d675da83286b1cce702) (ScriptedImporter) -> (artifact id: '9f7b5a5df158e5d41f6ee090c01628a6') in 0.001930291 seconds
Number of updated asset objects reloaded before import = 0Number of asset objects unloaded after import = 1

========================================================================
Received Import Request.
  Time since last request: 0.000043 seconds.
  path: Assets/ASSets/Farland Skies/Nebula One/Shaders/Editor/NebulaOneShaderGUI.cs
  artifactKey: Guid(c66610c66c17ed1489c447909000c52c) Importer(2089858483,192608db42251d675da83286b1cce702)
Start importing Assets/ASSets/Farland Skies/Nebula One/Shaders/Editor/NebulaOneShaderGUI.cs using Guid(c66610c66c17ed1489c447909000c52c) Importer(2089858483,192608db42251d675da83286b1cce702) (ScriptedImporter) -> (artifact id: '6f9e051ec18c0a8991da5289b85c4b92') in 0.007069584 seconds
Number of updated asset objects reloaded before import = 0Number of asset objects unloaded after import = 0

========================================================================
Received Import Request.
  Time since last request: 0.000048 seconds.
  path: Assets/ASSets/Farland Skies/!Core/Sprites
  artifactKey: Guid(08d86261f6d5ce94481bc1ea33fe7b72) Importer(2089858483,192608db42251d675da83286b1cce702)
Start importing Assets/ASSets/Farland Skies/!Core/Sprites using Guid(08d86261f6d5ce94481bc1ea33fe7b72) Importer(2089858483,192608db42251d675da83286b1cce702) (ScriptedImporter) -> (artifact id: '8455602365921de161dfeabafd9f12a6') in 0.001861834 seconds
Number of updated asset objects reloaded before import = 0Number of asset objects unloaded after import = 1

========================================================================
Received Import Request.
  Time since last request: 0.000041 seconds.
  path: Assets/Sci-Fi UI/_SciFi_GUISkin_/Bonus_Assets/bars/bar_red.png
  artifactKey: Guid(3f92020a7f2ce524b8f0dc4092fbef2c) Importer(2089858483,192608db42251d675da83286b1cce702)
Start importing Assets/Sci-Fi UI/_SciFi_GUISkin_/Bonus_Assets/bars/bar_red.png using Guid(3f92020a7f2ce524b8f0dc4092fbef2c) Importer(2089858483,192608db42251d675da83286b1cce702) (ScriptedImporter) -> (artifact id: '2497204f9229276d44154bda04f368b3') in 0.007450333 seconds
Number of updated asset objects reloaded before import = 0Number of asset objects unloaded after import = 1

========================================================================
Received Import Request.
  Time since last request: 0.000050 seconds.
  path: Assets/Sci-Fi UI/_SciFi_GUISkin_/Bonus_Assets/arrows/arrow1_right.png
  artifactKey: Guid(b1e9e5e05f0067f469e748e46985c269) Importer(2089858483,192608db42251d675da83286b1cce702)
Start importing Assets/Sci-Fi UI/_SciFi_GUISkin_/Bonus_Assets/arrows/arrow1_right.png using Guid(b1e9e5e05f0067f469e748e46985c269) Importer(2089858483,192608db42251d675da83286b1cce702) (ScriptedImporter) -> (artifact id: '0fe6b18cc878b626ae7747b76f963204') in 0.007823625 seconds
Number of updated asset objects reloaded before import = 0Number of asset objects unloaded after import = 1

========================================================================
Received Import Request.
  Time since last request: 0.000032 seconds.
  path: Assets/Sci-Fi UI/Demo_Assets/background/Materials/Space.tga.mat
  artifactKey: Guid(1a46a2cb5f7726f4eb70be3b37a00f06) Importer(2089858483,192608db42251d675da83286b1cce702)
Start importing Assets/Sci-Fi UI/Demo_Assets/background/Materials/Space.tga.mat using Guid(1a46a2cb5f7726f4eb70be3b37a00f06) Importer(2089858483,192608db42251d675da83286b1cce702) (ScriptedImporter) -> (artifact id: '8d9cf64486ac781d00ed6f29d33e732f') in 0.032690583 seconds
Number of updated asset objects reloaded before import = 0Number of asset objects unloaded after import = 2

========================================================================
Received Import Request.
  Time since last request: 0.000051 seconds.
  path: Assets/Sci-Fi UI/_SciFi_GUISkin_/Skin_Assets/bars/progress_bar_background.png
  artifactKey: Guid(fcabe002e685bc147918c97e9538d17f) Importer(2089858483,192608db42251d675da83286b1cce702)
Start importing Assets/Sci-Fi UI/_SciFi_GUISkin_/Skin_Assets/bars/progress_bar_background.png using Guid(fcabe002e685bc147918c97e9538d17f) Importer(2089858483,192608db42251d675da83286b1cce702) (ScriptedImporter) -> (artifact id: 'ea0f64d0d5ec615102d2159a1a617ab7') in 0.005900833 seconds
Number of updated asset objects reloaded before import = 0Number of asset objects unloaded after import = 1

========================================================================
Received Import Request.
  Time since last request: 0.000031 seconds.
  path: Assets/Sci-Fi UI/_SciFi_GUISkin_/Skin_Assets/buttons/pause.png
  artifactKey: Guid(379c45e0c5ba5e54e8df03f52e4c7680) Importer(2089858483,192608db42251d675da83286b1cce702)
Start importing Assets/Sci-Fi UI/_SciFi_GUISkin_/Skin_Assets/buttons/pause.png using Guid(379c45e0c5ba5e54e8df03f52e4c7680) Importer(2089858483,192608db42251d675da83286b1cce702) (ScriptedImporter) -> (artifact id: '742fe49bf1c0ba5a0bc479e534ee2d1a') in 0.006175083 seconds
Number of updated asset objects reloaded before import = 0Number of asset objects unloaded after import = 1

========================================================================
Received Import Request.
  Time since last request: 0.000033 seconds.
  path: Assets/Sci-Fi UI/Demo_Assets/background/Space.tga.jpg
  artifactKey: Guid(b76b8b216adf64f4bbdb78f7977f0310) Importer(2089858483,192608db42251d675da83286b1cce702)
Start importing Assets/Sci-Fi UI/Demo_Assets/background/Space.tga.jpg using Guid(b76b8b216adf64f4bbdb78f7977f0310) Importer(2089858483,192608db42251d675da83286b1cce702) (ScriptedImporter) -> (artifact id: '9dd1e3bf93d5c7a3cb88b49524b5c590') in 0.012181709 seconds
Number of updated asset objects reloaded before import = 0Number of asset objects unloaded after import = 3

========================================================================
Received Import Request.
  Time since last request: 0.000041 seconds.
  path: Assets/Sci-Fi UI/_SciFi_GUISkin_/Skin_Assets/joystick/joystick_back.png
  artifactKey: Guid(53d7cf26f104b3645bd513691464f49d) Importer(2089858483,192608db42251d675da83286b1cce702)
Start importing Assets/Sci-Fi UI/_SciFi_GUISkin_/Skin_Assets/joystick/joystick_back.png using Guid(53d7cf26f104b3645bd513691464f49d) Importer(2089858483,192608db42251d675da83286b1cce702) (ScriptedImporter) -> (artifact id: 'a9e9a78232d8f5a6bb5668068e0d18e7') in 0.007822625 seconds
Number of updated asset objects reloaded before import = 0Number of asset objects unloaded after import = 1

========================================================================
Received Import Request.
  Time since last request: 0.000047 seconds.
  path: Assets/Sci-Fi UI/_SciFi_GUISkin_/Bonus_Assets/bars/bar_red1.png
  artifactKey: Guid(2678aad9451e8e44a9c17d6e98886f05) Importer(2089858483,192608db42251d675da83286b1cce702)
Start importing Assets/Sci-Fi UI/_SciFi_GUISkin_/Bonus_Assets/bars/bar_red1.png using Guid(2678aad9451e8e44a9c17d6e98886f05) Importer(2089858483,192608db42251d675da83286b1cce702) (ScriptedImporter) -> (artifact id: 'b7963c502105c52d959f3a7a9fab3d47') in 0.005515209 seconds
Number of updated asset objects reloaded before import = 0Number of asset objects unloaded after import = 1

========================================================================
Received Import Request.
  Time since last request: 0.000037 seconds.
  path: Assets/Scenes/SampleScene.unity
  artifactKey: Guid(8c9cfa26abfee488c85f1582747f6a02) Importer(2089858483,192608db42251d675da83286b1cce702)
Start importing Assets/Scenes/SampleScene.unity using Guid(8c9cfa26abfee488c85f1582747f6a02) Importer(2089858483,192608db42251d675da83286b1cce702) (ScriptedImporter) -> (artifact id: '095636e9296256de5b45f1bea74bcff9') in 0.00442375 seconds
Number of updated asset objects reloaded before import = 0Number of asset objects unloaded after import = 1

========================================================================
Received Import Request.
  Time since last request: 0.000040 seconds.
  path: Assets/Sci-Fi UI/_SciFi_GUISkin_/Skin_Assets/buttons/bullets.png
  artifactKey: Guid(fcab35236e33438448805a9211b0cc19) Importer(2089858483,192608db42251d675da83286b1cce702)
Start importing Assets/Sci-Fi UI/_SciFi_GUISkin_/Skin_Assets/buttons/bullets.png using Guid(fcab35236e33438448805a9211b0cc19) Importer(2089858483,192608db42251d675da83286b1cce702) (ScriptedImporter) -> (artifact id: 'ca0dc8e656d56f0f1fa8b9f5ad349e74') in 0.005629208 seconds
Number of updated asset objects reloaded before import = 0Number of asset objects unloaded after import = 1

========================================================================
Received Import Request.
  Time since last request: 0.000041 seconds.
  path: Assets/ASSets/Galaxia Sprite Pack #1/Effects
  artifactKey: Guid(d43ebdbac3c505549aa66966fe144a84) Importer(2089858483,192608db42251d675da83286b1cce702)
Start importing Assets/ASSets/Galaxia Sprite Pack #1/Effects using Guid(d43ebdbac3c505549aa66966fe144a84) Importer(2089858483,192608db42251d675da83286b1cce702) (ScriptedImporter) -> (artifact id: 'd2097b5e5ddcd237707813fa34c09706') in 0.001693791 seconds
Number of updated asset objects reloaded before import = 0Number of asset objects unloaded after import = 1

========================================================================
Received Import Request.
  Time since last request: 0.000036 seconds.
  path: Assets/ASSets/Farland Skies/!Core/Icons/Personal
  artifactKey: Guid(7993ca1ce9422cd4b88f709c231d65e3) Importer(2089858483,192608db42251d675da83286b1cce702)
Start importing Assets/ASSets/Farland Skies/!Core/Icons/Personal using Guid(7993ca1ce9422cd4b88f709c231d65e3) Importer(2089858483,192608db42251d675da83286b1cce702) (ScriptedImporter) -> (artifact id: 'ba7e53dcd8f0ffd128a857731448c973') in 0.002530166 seconds
Number of updated asset objects reloaded before import = 0Number of asset objects unloaded after import = 1

========================================================================
Received Import Request.
  Time since last request: 0.000036 seconds.
  path: Assets/Sci-Fi UI/_SciFi_GUISkin_/Bonus_Assets/arrows/plus.png
  artifactKey: Guid(36909c7c187739945aecb80f7c59fa4c) Importer(2089858483,192608db42251d675da83286b1cce702)
Start importing Assets/Sci-Fi UI/_SciFi_GUISkin_/Bonus_Assets/arrows/plus.png using Guid(36909c7c187739945aecb80f7c59fa4c) Importer(2089858483,192608db42251d675da83286b1cce702) (ScriptedImporter) -> (artifact id: '0bd521d2ea2f21d326bb2a7998591be5') in 0.005610333 seconds
Number of updated asset objects reloaded before import = 0Number of asset objects unloaded after import = 1

========================================================================
Received Import Request.
  Time since last request: 0.000038 seconds.
  path: Assets/ASSets/Farland Skies/Nebula One/Shaders
  artifactKey: Guid(180dd3baf7058a547bb6071b6c2b4fc7) Importer(2089858483,192608db42251d675da83286b1cce702)
Start importing Assets/ASSets/Farland Skies/Nebula One/Shaders using Guid(180dd3baf7058a547bb6071b6c2b4fc7) Importer(2089858483,192608db42251d675da83286b1cce702) (ScriptedImporter) -> (artifact id: '675efef62fd028db51808244da70603d') in 0.001788458 seconds
Number of updated asset objects reloaded before import = 0Number of asset objects unloaded after import = 1

========================================================================
Received Import Request.
  Time since last request: 0.000032 seconds.
  path: Assets/ASSets/Farland Skies/Nebula One/Shaders/Editor
  artifactKey: Guid(9c4fde5340e7bee4d95e699dbff48376) Importer(2089858483,192608db42251d675da83286b1cce702)
Start importing Assets/ASSets/Farland Skies/Nebula One/Shaders/Editor using Guid(9c4fde5340e7bee4d95e699dbff48376) Importer(2089858483,192608db42251d675da83286b1cce702) (ScriptedImporter) -> (artifact id: 'cc6905f070d539e8aa9d845e510a9ffa') in 0.001965375 seconds
Number of updated asset objects reloaded before import = 0Number of asset objects unloaded after import = 1

========================================================================
Received Import Request.
  Time since last request: 0.000033 seconds.
  path: Assets/Sci-Fi UI/_SciFi_GUISkin_/Skin_Assets/buttons/button1.png
  artifactKey: Guid(8a6f536f4b2392f40afb62df609f6e40) Importer(2089858483,192608db42251d675da83286b1cce702)
Start importing Assets/Sci-Fi UI/_SciFi_GUISkin_/Skin_Assets/buttons/button1.png using Guid(8a6f536f4b2392f40afb62df609f6e40) Importer(2089858483,192608db42251d675da83286b1cce702) (ScriptedImporter) -> (artifact id: 'a3e76aadb46a0a9f903323d0fdfc7739') in 0.008037625 seconds
Number of updated asset objects reloaded before import = 0Number of asset objects unloaded after import = 1

========================================================================
Received Import Request.
  Time since last request: 0.000048 seconds.
  path: Assets/ASSets/2D Space Kit/Ships and Stations/Cruiser 2.png
  artifactKey: Guid(f0630834cdbcfa44e9df53403e44cd58) Importer(2089858483,192608db42251d675da83286b1cce702)
Start importing Assets/ASSets/2D Space Kit/Ships and Stations/Cruiser 2.png using Guid(f0630834cdbcfa44e9df53403e44cd58) Importer(2089858483,192608db42251d675da83286b1cce702) (ScriptedImporter) -> (artifact id: '4992bb7ee3a078aee360655a9e264097') in 0.00735525 seconds
Number of updated asset objects reloaded before import = 0Number of asset objects unloaded after import = 3

========================================================================
Received Import Request.
  Time since last request: 0.000027 seconds.
  path: Assets/ASSets/2D Space Kit/Backgrounds/6.png
  artifactKey: Guid(95098202e088b6d48b2ce02978c8713b) Importer(2089858483,192608db42251d675da83286b1cce702)
Start importing Assets/ASSets/2D Space Kit/Backgrounds/6.png using Guid(95098202e088b6d48b2ce02978c8713b) Importer(2089858483,192608db42251d675da83286b1cce702) (ScriptedImporter) -> (artifact id: 'f3d8369fd74b8dce50714d84cf85ac1b') in 0.055084083 seconds
Number of updated asset objects reloaded before import = 0Number of asset objects unloaded after import = 3

========================================================================
Received Import Request.
  Time since last request: 0.000058 seconds.
  path: Assets/ASSets/2D Space Kit/Asteroids/Asteroid 3.png
  artifactKey: Guid(a44af304548cb7b4aadb97582f60d728) Importer(2089858483,192608db42251d675da83286b1cce702)
Start importing Assets/ASSets/2D Space Kit/Asteroids/Asteroid 3.png using Guid(a44af304548cb7b4aadb97582f60d728) Importer(2089858483,192608db42251d675da83286b1cce702) (ScriptedImporter) -> (artifact id: '50b18dfa5fac5f0df509e6ddec1282a0') in 0.006907084 seconds
Number of updated asset objects reloaded before import = 0Number of asset objects unloaded after import = 3

========================================================================
Received Import Request.
  Time since last request: 0.000045 seconds.
  path: Assets/ASSets/2D Space Kit/Asteroids/Asteroid 4.png
  artifactKey: Guid(f254e398beb012142a24633fa2b82def) Importer(2089858483,192608db42251d675da83286b1cce702)
Start importing Assets/ASSets/2D Space Kit/Asteroids/Asteroid 4.png using Guid(f254e398beb012142a24633fa2b82def) Importer(2089858483,192608db42251d675da83286b1cce702) (ScriptedImporter) -> (artifact id: '2eb2974f4c4687981336f0ea58d21b40') in 0.009256584 seconds
Number of updated asset objects reloaded before import = 0Number of asset objects unloaded after import = 3

========================================================================
Received Import Request.
  Time since last request: 0.000030 seconds.
  path: Assets/ASSets/2D Space Kit/Background Elements/Dust and Nebulae/Nebula 1.png
  artifactKey: Guid(26634c500603917408e265331ca4f2e2) Importer(2089858483,192608db42251d675da83286b1cce702)
Start importing Assets/ASSets/2D Space Kit/Background Elements/Dust and Nebulae/Nebula 1.png using Guid(26634c500603917408e265331ca4f2e2) Importer(2089858483,192608db42251d675da83286b1cce702) (ScriptedImporter) -> (artifact id: '1f3529b917c8b23619907cfa64e5efff') in 0.009301042 seconds
Number of updated asset objects reloaded before import = 0Number of asset objects unloaded after import = 3

========================================================================
Received Import Request.
  Time since last request: 0.000030 seconds.
  path: Assets/ASSets/2D Space Kit/Asteroids/Asteroid 1.png
  artifactKey: Guid(ee8261317c1ff734daa9da91d24312b3) Importer(2089858483,192608db42251d675da83286b1cce702)
Start importing Assets/ASSets/2D Space Kit/Asteroids/Asteroid 1.png using Guid(ee8261317c1ff734daa9da91d24312b3) Importer(2089858483,192608db42251d675da83286b1cce702) (ScriptedImporter) -> (artifact id: '3a81a34df59b26d2b190106b0c0ec2e5') in 0.006341958 seconds
Number of updated asset objects reloaded before import = 0Number of asset objects unloaded after import = 3

========================================================================
Received Import Request.
  Time since last request: 0.000027 seconds.
  path: Assets/Sci-Fi UI/_SciFi_GUISkin_/Bonus_Assets/bars/background_bar.png
  artifactKey: Guid(5ac1b94d4d2f7eb4e966846bb93a15cc) Importer(2089858483,192608db42251d675da83286b1cce702)
Start importing Assets/Sci-Fi UI/_SciFi_GUISkin_/Bonus_Assets/bars/background_bar.png using Guid(5ac1b94d4d2f7eb4e966846bb93a15cc) Importer(2089858483,192608db42251d675da83286b1cce702) (ScriptedImporter) -> (artifact id: '2568bf081f7c7bacf4184aa3ba7a5785') in 0.005504792 seconds
Number of updated asset objects reloaded before import = 0Number of asset objects unloaded after import = 1

========================================================================
Received Import Request.
  Time since last request: 0.000031 seconds.
  path: Assets/ASSets/Farland Skies/Nebula One/Prefabs
  artifactKey: Guid(ebd41f608a931fa4592ff835c7acf968) Importer(2089858483,192608db42251d675da83286b1cce702)
Start importing Assets/ASSets/Farland Skies/Nebula One/Prefabs using Guid(ebd41f608a931fa4592ff835c7acf968) Importer(2089858483,192608db42251d675da83286b1cce702) (ScriptedImporter) -> (artifact id: '6f8e00f4b9a62292ce794a8a714f02fa') in 0.001654333 seconds
Number of updated asset objects reloaded before import = 0Number of asset objects unloaded after import = 1

========================================================================
Received Import Request.
  Time since last request: 0.000037 seconds.
  path: Assets/ASSets/2D Space Kit/Particles (Sprites)/Smoke 2.png
  artifactKey: Guid(b0ed85a272b9b72439cc52dc2433f092) Importer(2089858483,192608db42251d675da83286b1cce702)
Start importing Assets/ASSets/2D Space Kit/Particles (Sprites)/Smoke 2.png using Guid(b0ed85a272b9b72439cc52dc2433f092) Importer(2089858483,192608db42251d675da83286b1cce702) (ScriptedImporter) -> (artifact id: '1128a7c9547af25417a003cd76d78d73') in 0.006792625 seconds
Number of updated asset objects reloaded before import = 0Number of asset objects unloaded after import = 3

========================================================================
Received Import Request.
  Time since last request: 0.000060 seconds.
  path: Assets/Sci-Fi UI/_SciFi_GUISkin_/Bonus_Assets/arrows/arrow1_left.png
  artifactKey: Guid(9871e4d5e19cea6419d057b79ce1a1a8) Importer(2089858483,192608db42251d675da83286b1cce702)
Start importing Assets/Sci-Fi UI/_SciFi_GUISkin_/Bonus_Assets/arrows/arrow1_left.png using Guid(9871e4d5e19cea6419d057b79ce1a1a8) Importer(2089858483,192608db42251d675da83286b1cce702) (ScriptedImporter) -> (artifact id: 'baeab62ca1278858e9a3e57fc01181f3') in 0.007826209 seconds
Number of updated asset objects reloaded before import = 0Number of asset objects unloaded after import = 1

========================================================================
Received Import Request.
  Time since last request: 0.000043 seconds.
  path: Assets/ASSets/2D Space Kit/Debris
  artifactKey: Guid(20bca14c37f1d418fbb3d2fffd4c7f58) Importer(2089858483,192608db42251d675da83286b1cce702)
Start importing Assets/ASSets/2D Space Kit/Debris using Guid(20bca14c37f1d418fbb3d2fffd4c7f58) Importer(2089858483,192608db42251d675da83286b1cce702) (ScriptedImporter) -> (artifact id: 'afe741d76d333ee9cd738c98c5324fd8') in 0.001912667 seconds
Number of updated asset objects reloaded before import = 0Number of asset objects unloaded after import = 1

========================================================================
Received Import Request.
  Time since last request: 0.000051 seconds.
  path: Assets/ASSets/2D Space Kit/Particles (Sprites)/Burst.png
  artifactKey: Guid(83bb9b768d3a6734aae0bfb712f96018) Importer(2089858483,192608db42251d675da83286b1cce702)
Start importing Assets/ASSets/2D Space Kit/Particles (Sprites)/Burst.png using Guid(83bb9b768d3a6734aae0bfb712f96018) Importer(2089858483,192608db42251d675da83286b1cce702) (ScriptedImporter) -> (artifact id: 'd14a31d4707162fd786793c052259d1a') in 0.006588375 seconds
Number of updated asset objects reloaded before import = 0Number of asset objects unloaded after import = 3

========================================================================
Received Import Request.
  Time since last request: 0.000035 seconds.
  path: Assets/ASSets/2D Space Kit/Backgrounds/Fantasy Purple 2048/Fantasy 4.jpg
  artifactKey: Guid(1d7a870f42963bd40b1d7ea630bd883e) Importer(2089858483,192608db42251d675da83286b1cce702)
Start importing Assets/ASSets/2D Space Kit/Backgrounds/Fantasy Purple 2048/Fantasy 4.jpg using Guid(1d7a870f42963bd40b1d7ea630bd883e) Importer(2089858483,192608db42251d675da83286b1cce702) (ScriptedImporter) -> (artifact id: '99f6d7256fd7646e15227ed79b099b39') in 0.013547375 seconds
Number of updated asset objects reloaded before import = 0Number of asset objects unloaded after import = 3

========================================================================
Received Import Request.
  Time since last request: 0.000054 seconds.
  path: Assets/ASSets/2D Space Kit/Readme.txt
  artifactKey: Guid(430eb88e35c317b4d8c157dd4f979823) Importer(2089858483,192608db42251d675da83286b1cce702)
Start importing Assets/ASSets/2D Space Kit/Readme.txt using Guid(430eb88e35c317b4d8c157dd4f979823) Importer(2089858483,192608db42251d675da83286b1cce702) (ScriptedImporter) -> (artifact id: '059d47e9967f442f4b4ef18e68b95186') in 0.002264583 seconds
Number of updated asset objects reloaded before import = 0Number of asset objects unloaded after import = 1

========================================================================
Received Import Request.
  Time since last request: 0.000063 seconds.
  path: Assets/ASSets/2D Space Kit/Asteroids/Asteroid 6.png
  artifactKey: Guid(9a04f6cfae75c064997fb1ddf1827c86) Importer(2089858483,192608db42251d675da83286b1cce702)
Start importing Assets/ASSets/2D Space Kit/Asteroids/Asteroid 6.png using Guid(9a04f6cfae75c064997fb1ddf1827c86) Importer(2089858483,192608db42251d675da83286b1cce702) (ScriptedImporter) -> (artifact id: 'd253025f45f1c71b1bb656ffd2824234') in 0.006526209 seconds
Number of updated asset objects reloaded before import = 0Number of asset objects unloaded after import = 3

========================================================================
Received Import Request.
  Time since last request: 0.000034 seconds.
  path: Assets/ASSets/2D Space Kit/Particles (Sprites)/Materials/Smoke Trail 2.mat
  artifactKey: Guid(b4c2576f22771bb49a502bb2b75ba1b5) Importer(2089858483,192608db42251d675da83286b1cce702)
Start importing Assets/ASSets/2D Space Kit/Particles (Sprites)/Materials/Smoke Trail 2.mat using Guid(b4c2576f22771bb49a502bb2b75ba1b5) Importer(2089858483,192608db42251d675da83286b1cce702) (ScriptedImporter) -> (artifact id: '57aabc73f0a08a2735889498f46cc74b') in 0.004801667 seconds
Number of updated asset objects reloaded before import = 0Number of asset objects unloaded after import = 2

========================================================================
Received Import Request.
  Time since last request: 0.000032 seconds.
  path: Assets/ASSets/2D Space Kit/Ships and Stations/Carrier 1.png
  artifactKey: Guid(9c85acf95f904fd479f36a25bc647fd9) Importer(2089858483,192608db42251d675da83286b1cce702)
Start importing Assets/ASSets/2D Space Kit/Ships and Stations/Carrier 1.png using Guid(9c85acf95f904fd479f36a25bc647fd9) Importer(2089858483,192608db42251d675da83286b1cce702) (ScriptedImporter) -> (artifact id: 'e74a6e37e6d070525ed4de9907bdf2ce') in 0.009368375 seconds
Number of updated asset objects reloaded before import = 0Number of asset objects unloaded after import = 3

========================================================================
Received Import Request.
  Time since last request: 0.000028 seconds.
  path: Assets/ASSets/2D Space Kit/Ships and Stations/Cruiser 1.png
  artifactKey: Guid(d01cff5f204294b49bb86fcf5a2aeec0) Importer(2089858483,192608db42251d675da83286b1cce702)
Start importing Assets/ASSets/2D Space Kit/Ships and Stations/Cruiser 1.png using Guid(d01cff5f204294b49bb86fcf5a2aeec0) Importer(2089858483,192608db42251d675da83286b1cce702) (ScriptedImporter) -> (artifact id: '5d8edf83f3a052fb6202a20db29da877') in 0.007697666 seconds
Number of updated asset objects reloaded before import = 0Number of asset objects unloaded after import = 3

========================================================================
Received Import Request.
  Time since last request: 0.000033 seconds.
  path: Assets/ASSets/2D Space Kit/Background Elements/Stars/Dwarf.png
  artifactKey: Guid(b641725fae57b5a45b7dcc72ff9eb6d5) Importer(2089858483,192608db42251d675da83286b1cce702)
Start importing Assets/ASSets/2D Space Kit/Background Elements/Stars/Dwarf.png using Guid(b641725fae57b5a45b7dcc72ff9eb6d5) Importer(2089858483,192608db42251d675da83286b1cce702) (ScriptedImporter) -> (artifact id: '9917a93568dcf19fc0b0de5a080f45d1') in 0.009636042 seconds
Number of updated asset objects reloaded before import = 0Number of asset objects unloaded after import = 3

========================================================================
Received Import Request.
  Time since last request: 0.003007 seconds.
  path: Assets/ASSets/2D Space Kit/Ships and Stations/Destroyer 2.png
  artifactKey: Guid(859a688a03b6274409bde78f8c964d9f) Importer(2089858483,192608db42251d675da83286b1cce702)
Start importing Assets/ASSets/2D Space Kit/Ships and Stations/Destroyer 2.png using Guid(859a688a03b6274409bde78f8c964d9f) Importer(2089858483,192608db42251d675da83286b1cce702) (ScriptedImporter) -> (artifact id: '687dc7e371dc19debb254166bbcba7d0') in 0.007237208 seconds
Number of updated asset objects reloaded before import = 0Number of asset objects unloaded after import = 3

========================================================================
Received Import Request.
  Time since last request: 0.000055 seconds.
  path: Assets/ASSets/Farland Skies/Nebula One/Materials
  artifactKey: Guid(307e6471e59324546a3f3294e42f7756) Importer(2089858483,192608db42251d675da83286b1cce702)
Start importing Assets/ASSets/Farland Skies/Nebula One/Materials using Guid(307e6471e59324546a3f3294e42f7756) Importer(2089858483,192608db42251d675da83286b1cce702) (ScriptedImporter) -> (artifact id: '4fbc3b75b305883b46401e2fbbf728dc') in 0.00187825 seconds
Number of updated asset objects reloaded before import = 0Number of asset objects unloaded after import = 1

========================================================================
Received Import Request.
  Time since last request: 0.000066 seconds.
  path: Assets/ASSets/Farland Skies/Nebula One/Skyboxes/NebulaOneSkybox.mat
  artifactKey: Guid(bb03635451bf13849b0ed0e11c767c24) Importer(2089858483,192608db42251d675da83286b1cce702)
Start importing Assets/ASSets/Farland Skies/Nebula One/Skyboxes/NebulaOneSkybox.mat using Guid(bb03635451bf13849b0ed0e11c767c24) Importer(2089858483,192608db42251d675da83286b1cce702) (ScriptedImporter) -> (artifact id: 'b88fa62196ce9c9aa237daa3f361b4c7') in 0.022909334 seconds
Number of updated asset objects reloaded before import = 0Number of asset objects unloaded after import = 4

========================================================================
Received Import Request.
  Time since last request: 0.000086 seconds.
  path: Assets/ASSets/2D Space Kit/Particles (Sprites)/Materials/Flare.mat
  artifactKey: Guid(04e9f0951fd12334985bb0e8ff7e7fd7) Importer(2089858483,192608db42251d675da83286b1cce702)
Start importing Assets/ASSets/2D Space Kit/Particles (Sprites)/Materials/Flare.mat using Guid(04e9f0951fd12334985bb0e8ff7e7fd7) Importer(2089858483,192608db42251d675da83286b1cce702) (ScriptedImporter) -> (artifact id: '3336ae7c7c62ec18eae5012cff09b66a') in 0.007105917 seconds
Number of updated asset objects reloaded before import = 0Number of asset objects unloaded after import = 2

========================================================================
Received Import Request.
  Time since last request: 0.000128 seconds.
  path: Assets/ASSets/2D Space Kit/Backgrounds/Fantasy Purple 2048
  artifactKey: Guid(9e9cde99ba2f8441f9928002135dac5a) Importer(2089858483,192608db42251d675da83286b1cce702)
Start importing Assets/ASSets/2D Space Kit/Backgrounds/Fantasy Purple 2048 using Guid(9e9cde99ba2f8441f9928002135dac5a) Importer(2089858483,192608db42251d675da83286b1cce702) (ScriptedImporter) -> (artifact id: 'd6a00e55758c681b5a7346e4efae0e34') in 0.002097667 seconds
Number of updated asset objects reloaded before import = 0Number of asset objects unloaded after import = 1

========================================================================
Received Import Request.
  Time since last request: 0.000098 seconds.
  path: Assets/ASSets/2D Space Kit/Particles (Sprites)/Explosion.png
  artifactKey: Guid(d30a353fc5e62e445b58e341d953d45e) Importer(2089858483,192608db42251d675da83286b1cce702)
Start importing Assets/ASSets/2D Space Kit/Particles (Sprites)/Explosion.png using Guid(d30a353fc5e62e445b58e341d953d45e) Importer(2089858483,192608db42251d675da83286b1cce702) (ScriptedImporter) -> (artifact id: '489960c6a978da6cbaaa811dd376f9cb') in 0.00798375 seconds
Number of updated asset objects reloaded before import = 0Number of asset objects unloaded after import = 3

========================================================================
Received Import Request.
  Time since last request: 0.000043 seconds.
  path: Assets/ASSets/2D Space Kit/Turrets/Turret Small 2.png
  artifactKey: Guid(677b4bafa69a3f24b904f82f7fc3deee) Importer(2089858483,192608db42251d675da83286b1cce702)
Start importing Assets/ASSets/2D Space Kit/Turrets/Turret Small 2.png using Guid(677b4bafa69a3f24b904f82f7fc3deee) Importer(2089858483,192608db42251d675da83286b1cce702) (ScriptedImporter) -> (artifact id: '33f88a2c5d89035aa34a0325b8d2b069') in 0.006892208 seconds
Number of updated asset objects reloaded before import = 0Number of asset objects unloaded after import = 3

========================================================================
Received Import Request.
  Time since last request: 0.000057 seconds.
  path: Assets/ASSets/2D Space Kit/Background Elements/Planets/Earthlike 1.png
  artifactKey: Guid(8af57e43b5767104580271d5d970c4bb) Importer(2089858483,192608db42251d675da83286b1cce702)
Start importing Assets/ASSets/2D Space Kit/Background Elements/Planets/Earthlike 1.png using Guid(8af57e43b5767104580271d5d970c4bb) Importer(2089858483,192608db42251d675da83286b1cce702) (ScriptedImporter) -> (artifact id: 'd14f706d871d9a1204b2a6b902168fda') in 0.016085125 seconds
Number of updated asset objects reloaded before import = 0Number of asset objects unloaded after import = 3

========================================================================
Received Import Request.
  Time since last request: 0.000055 seconds.
  path: Assets/Sci-Fi UI/_SciFi_GUISkin_/Skin_Assets
  artifactKey: Guid(dafdb930eb2c9ce49b62ad74b5183028) Importer(2089858483,192608db42251d675da83286b1cce702)
Start importing Assets/Sci-Fi UI/_SciFi_GUISkin_/Skin_Assets using Guid(dafdb930eb2c9ce49b62ad74b5183028) Importer(2089858483,192608db42251d675da83286b1cce702) (ScriptedImporter) -> (artifact id: '43f3a3e76f9adab817557cc8530d142f') in 0.001850541 seconds
Number of updated asset objects reloaded before import = 0Number of asset objects unloaded after import = 1

========================================================================
Received Import Request.
  Time since last request: 0.000050 seconds.
  path: Assets/ASSets/2D Space Kit/Background Elements/Planets/Planet Masks/Mask 1 Full.png
  artifactKey: Guid(5fda62b2bf4a47a4e9daef4d41763bdf) Importer(2089858483,192608db42251d675da83286b1cce702)
Start importing Assets/ASSets/2D Space Kit/Background Elements/Planets/Planet Masks/Mask 1 Full.png using Guid(5fda62b2bf4a47a4e9daef4d41763bdf) Importer(2089858483,192608db42251d675da83286b1cce702) (ScriptedImporter) -> (artifact id: '892e0825251d1ff9aae2bd16368e4063') in 0.009135125 seconds
Number of updated asset objects reloaded before import = 0Number of asset objects unloaded after import = 3

========================================================================
Received Import Request.
  Time since last request: 0.000040 seconds.
  path: Assets/ASSets/2D Space Kit/Backgrounds/Fantasy Purple 2048/Fantasy 6.jpg
  artifactKey: Guid(cf301a0922f974b479929d2f98cf7180) Importer(2089858483,192608db42251d675da83286b1cce702)
Start importing Assets/ASSets/2D Space Kit/Backgrounds/Fantasy Purple 2048/Fantasy 6.jpg using Guid(cf301a0922f974b479929d2f98cf7180) Importer(2089858483,192608db42251d675da83286b1cce702) (ScriptedImporter) -> (artifact id: '53fdac17b3b05a03609d701c4624e390') in 0.024138167 seconds
Number of updated asset objects reloaded before import = 0Number of asset objects unloaded after import = 3

========================================================================
Received Import Request.
  Time since last request: 0.000054 seconds.
  path: Assets/ASSets/Galaxia Sprite Pack #1/Player/idle_player_basic.png
  artifactKey: Guid(7b52acf0fd6dff8419cf32e5c13881f0) Importer(2089858483,192608db42251d675da83286b1cce702)
Start importing Assets/ASSets/Galaxia Sprite Pack #1/Player/idle_player_basic.png using Guid(7b52acf0fd6dff8419cf32e5c13881f0) Importer(2089858483,192608db42251d675da83286b1cce702) (ScriptedImporter) -> (artifact id: '4e9277f9664bba45f66688cce1d47ea9') in 0.008396916 seconds
Number of updated asset objects reloaded before import = 0Number of asset objects unloaded after import = 3

========================================================================
Received Import Request.
  Time since last request: 0.000063 seconds.
  path: Assets/ASSets/2D Space Kit/Background Elements/Stars/Hypergiant.png
  artifactKey: Guid(6b0cd696f55b64e409db945a29d0334d) Importer(2089858483,192608db42251d675da83286b1cce702)
Start importing Assets/ASSets/2D Space Kit/Background Elements/Stars/Hypergiant.png using Guid(6b0cd696f55b64e409db945a29d0334d) Importer(2089858483,192608db42251d675da83286b1cce702) (ScriptedImporter) -> (artifact id: '160a2ebfa5675f5f9fb9cd12fb347e32') in 0.016985083 seconds
Number of updated asset objects reloaded before import = 0Number of asset objects unloaded after import = 3

========================================================================
Received Import Request.
  Time since last request: 0.000033 seconds.
  path: Assets/ASSets/Galaxia Sprite Pack #1/Effects/BulletBombSpriteSheetYellow.png
  artifactKey: Guid(caa07a017431edc43866c47b6f37a5bf) Importer(2089858483,192608db42251d675da83286b1cce702)
Start importing Assets/ASSets/Galaxia Sprite Pack #1/Effects/BulletBombSpriteSheetYellow.png using Guid(caa07a017431edc43866c47b6f37a5bf) Importer(2089858483,192608db42251d675da83286b1cce702) (ScriptedImporter) -> (artifact id: 'fd8d5756a9c94d3f48854b58e7c5a645') in 0.008795834 seconds
Number of updated asset objects reloaded before import = 0Number of asset objects unloaded after import = 5

========================================================================
Received Import Request.
  Time since last request: 0.000076 seconds.
  path: Assets/ASSets/Farland Skies/Nebula One/Textures/Starfield.png
  artifactKey: Guid(b34e4464087e53a449104885828f6460) Importer(2089858483,192608db42251d675da83286b1cce702)
Start importing Assets/ASSets/Farland Skies/Nebula One/Textures/Starfield.png using Guid(b34e4464087e53a449104885828f6460) Importer(2089858483,192608db42251d675da83286b1cce702) (ScriptedImporter) -> (artifact id: '9a53952c39ac60d9fcffd254afe72468') in 0.014107708 seconds
Number of updated asset objects reloaded before import = 0Number of asset objects unloaded after import = 1

========================================================================
Received Import Request.
  Time since last request: 0.000035 seconds.
  path: Assets/ASSets/Farland Skies/Nebula One/Shaders/NebulaOneSkybox.shader
  artifactKey: Guid(e086d09da21dd93409bdcad9cf690b59) Importer(2089858483,192608db42251d675da83286b1cce702)
Start importing Assets/ASSets/Farland Skies/Nebula One/Shaders/NebulaOneSkybox.shader using Guid(e086d09da21dd93409bdcad9cf690b59) Importer(2089858483,192608db42251d675da83286b1cce702) (ScriptedImporter) -> (artifact id: 'f85ef43b4c87ed339b4d142913a41a90') in 0.005486541 seconds
Number of updated asset objects reloaded before import = 0Number of asset objects unloaded after import = 1

========================================================================
Received Import Request.
  Time since last request: 0.000067 seconds.
  path: Assets/ASSets/Farland Skies/!Core/Icons/Professional/Sky_16.png
  artifactKey: Guid(d4b5237ce6934cb4f9dd9f0bfcaf0daa) Importer(2089858483,192608db42251d675da83286b1cce702)
Start importing Assets/ASSets/Farland Skies/!Core/Icons/Professional/Sky_16.png using Guid(d4b5237ce6934cb4f9dd9f0bfcaf0daa) Importer(2089858483,192608db42251d675da83286b1cce702) (ScriptedImporter) -> (artifact id: '4d1ae9b88ff0feaea833b5860740ecfd') in 0.006337125 seconds
Number of updated asset objects reloaded before import = 0Number of asset objects unloaded after import = 1

========================================================================
Received Import Request.
  Time since last request: 0.000035 seconds.
  path: Assets/ASSets/Galaxia Sprite Pack #1/Enemy/idle_scout_red.png
  artifactKey: Guid(f680e5047c3880e4285d455c7e341a44) Importer(2089858483,192608db42251d675da83286b1cce702)
Start importing Assets/ASSets/Galaxia Sprite Pack #1/Enemy/idle_scout_red.png using Guid(f680e5047c3880e4285d455c7e341a44) Importer(2089858483,192608db42251d675da83286b1cce702) (ScriptedImporter) -> (artifact id: '2c642b7c0f80494fce9bcd13013f5d2e') in 0.006354917 seconds
Number of updated asset objects reloaded before import = 0Number of asset objects unloaded after import = 3

========================================================================
Received Import Request.
  Time since last request: 0.000040 seconds.
  path: Assets/ASSets/Farland Skies/!Core/Icons/Professional/Star_16.png
  artifactKey: Guid(a1bf0edda508c31499e8c13d7a0759b7) Importer(2089858483,192608db42251d675da83286b1cce702)
Start importing Assets/ASSets/Farland Skies/!Core/Icons/Professional/Star_16.png using Guid(a1bf0edda508c31499e8c13d7a0759b7) Importer(2089858483,192608db42251d675da83286b1cce702) (ScriptedImporter) -> (artifact id: 'ea304b310be240536e84a4e6024955b7') in 0.005208584 seconds
Number of updated asset objects reloaded before import = 0Number of asset objects unloaded after import = 1

========================================================================
Received Import Request.
  Time since last request: 0.000116 seconds.
  path: Assets/ASSets/Farland Skies/!Core/Icons/Personal/Star_16.png
  artifactKey: Guid(49aead93c56918e4f92963a5097a0cbe) Importer(2089858483,192608db42251d675da83286b1cce702)
Start importing Assets/ASSets/Farland Skies/!Core/Icons/Personal/Star_16.png using Guid(49aead93c56918e4f92963a5097a0cbe) Importer(2089858483,192608db42251d675da83286b1cce702) (ScriptedImporter) -> (artifact id: '5b726ecaba69b85fe54f2e628adcb07f') in 0.007090209 seconds
Number of updated asset objects reloaded before import = 0Number of asset objects unloaded after import = 1

========================================================================
Received Import Request.
  Time since last request: 0.000041 seconds.
  path: Assets/ASSets/Galaxia Sprite Pack #1/Player/idle_player_upgrade1.png
  artifactKey: Guid(cab67442bb6328543af3dd33c6fa8780) Importer(2089858483,192608db42251d675da83286b1cce702)
Start importing Assets/ASSets/Galaxia Sprite Pack #1/Player/idle_player_upgrade1.png using Guid(cab67442bb6328543af3dd33c6fa8780) Importer(2089858483,192608db42251d675da83286b1cce702) (ScriptedImporter) -> (artifact id: 'bd4e2b7a9e1bfe5626665cfd249a4bf3') in 0.006134541 seconds
Number of updated asset objects reloaded before import = 0Number of asset objects unloaded after import = 3

========================================================================
Received Import Request.
  Time since last request: 0.000046 seconds.
  path: Assets/ASSets/Galaxia Sprite Pack #1/Effects/BulletsSpriteSheetYellow.png
  artifactKey: Guid(c05e8171e1e97804ea3c456f394ba25a) Importer(2089858483,192608db42251d675da83286b1cce702)
Start importing Assets/ASSets/Galaxia Sprite Pack #1/Effects/BulletsSpriteSheetYellow.png using Guid(c05e8171e1e97804ea3c456f394ba25a) Importer(2089858483,192608db42251d675da83286b1cce702) (ScriptedImporter) -> (artifact id: 'c4473ac5cf83d45e84734ecc29fa4e6e') in 0.007532791 seconds
Number of updated asset objects reloaded before import = 0Number of asset objects unloaded after import = 5

========================================================================
Received Import Request.
  Time since last request: 0.000064 seconds.
  path: Assets/ASSets/Farland Skies/Nebula One/Prefabs/SkyboxAnimator.prefab
  artifactKey: Guid(dc6d395b504b21a4a8dfec3bf685f15d) Importer(2089858483,192608db42251d675da83286b1cce702)
Start importing Assets/ASSets/Farland Skies/Nebula One/Prefabs/SkyboxAnimator.prefab using Guid(dc6d395b504b21a4a8dfec3bf685f15d) Importer(2089858483,192608db42251d675da83286b1cce702) (ScriptedImporter) -> (artifact id: 'b170aa07eccd2469418adb07287148c7') in 0.006979916 seconds
Number of updated asset objects reloaded before import = 0Number of asset objects unloaded after import = 5

========================================================================
Received Import Request.
  Time since last request: 0.000043 seconds.
  path: Assets/Sci-Fi UI
  artifactKey: Guid(5cf6dfa5baf544e33b467e93314a779e) Importer(2089858483,192608db42251d675da83286b1cce702)
Start importing Assets/Sci-Fi UI using Guid(5cf6dfa5baf544e33b467e93314a779e) Importer(2089858483,192608db42251d675da83286b1cce702) (ScriptedImporter) -> (artifact id: '696828795ed71a94679c6ec251e2f7db') in 0.00182475 seconds
Number of updated asset objects reloaded before import = 0Number of asset objects unloaded after import = 1

========================================================================
Received Import Request.
  Time since last request: 0.000039 seconds.
  path: Assets/ASSets/Farland Skies/Nebula One/Textures/NebulaDensity.png
  artifactKey: Guid(d5a796e2e36f9aa41b69d3870d23f88b) Importer(2089858483,192608db42251d675da83286b1cce702)
Start importing Assets/ASSets/Farland Skies/Nebula One/Textures/NebulaDensity.png using Guid(d5a796e2e36f9aa41b69d3870d23f88b) Importer(2089858483,192608db42251d675da83286b1cce702) (ScriptedImporter) -> (artifact id: '608c690cfc7b6fec0595b13621cc2288') in 0.004831875 seconds
Number of updated asset objects reloaded before import = 0Number of asset objects unloaded after import = 1

========================================================================
Received Import Request.
  Time since last request: 0.000070 seconds.
  path: Assets/ASSets/2D Space Kit/Backgrounds/7.png
  artifactKey: Guid(1a66969665b53d447bf2bd675b3ad9da) Importer(2089858483,192608db42251d675da83286b1cce702)
Start importing Assets/ASSets/2D Space Kit/Backgrounds/7.png using Guid(1a66969665b53d447bf2bd675b3ad9da) Importer(2089858483,192608db42251d675da83286b1cce702) (ScriptedImporter) -> (artifact id: '1ab7756de83e8e057e4ce297f3133252') in 0.040608334 seconds
Number of updated asset objects reloaded before import = 0Number of asset objects unloaded after import = 3

========================================================================
Received Import Request.
  Time since last request: 0.000048 seconds.
  path: Assets/ASSets/2D Space Kit/Ships and Stations/Station 2.png
  artifactKey: Guid(e8c31d2fa3f34be4c81690a90d57718e) Importer(2089858483,192608db42251d675da83286b1cce702)
Start importing Assets/ASSets/2D Space Kit/Ships and Stations/Station 2.png using Guid(e8c31d2fa3f34be4c81690a90d57718e) Importer(2089858483,192608db42251d675da83286b1cce702) (ScriptedImporter) -> (artifact id: '17db0f778da56249fd7d83240aa6dd71') in 0.006958458 seconds
Number of updated asset objects reloaded before import = 0Number of asset objects unloaded after import = 3

========================================================================
Received Import Request.
  Time since last request: 0.000047 seconds.
  path: Assets/ASSets/Galaxia Sprite Pack #1/Effects/LaserSpriteSheetBlue.png
  artifactKey: Guid(d985ee05041c4304f83ce9b1e1c6f885) Importer(2089858483,192608db42251d675da83286b1cce702)
Start importing Assets/ASSets/Galaxia Sprite Pack #1/Effects/LaserSpriteSheetBlue.png using Guid(d985ee05041c4304f83ce9b1e1c6f885) Importer(2089858483,192608db42251d675da83286b1cce702) (ScriptedImporter) -> (artifact id: '12b8a59e53e3592373ed4ee687260f38') in 0.007194209 seconds
Number of updated asset objects reloaded before import = 0Number of asset objects unloaded after import = 5

========================================================================
Received Import Request.
  Time since last request: 0.000063 seconds.
  path: Assets/ASSets/Galaxia Sprite Pack #1/Player/idle_player_upgrade2.png
  artifactKey: Guid(f116b41b25d35934fbe991d13657e019) Importer(2089858483,192608db42251d675da83286b1cce702)
Start importing Assets/ASSets/Galaxia Sprite Pack #1/Player/idle_player_upgrade2.png using Guid(f116b41b25d35934fbe991d13657e019) Importer(2089858483,192608db42251d675da83286b1cce702) (ScriptedImporter) -> (artifact id: 'f4cf7c26b7484853aa84503b6c1f3b3c') in 0.005758542 seconds
Number of updated asset objects reloaded before import = 0Number of asset objects unloaded after import = 3

========================================================================
Received Import Request.
  Time since last request: 0.000043 seconds.
  path: Assets/ASSets/Galaxia Sprite Pack #1/Enemy/idle_drone_purple.png
  artifactKey: Guid(278b61a9028b9194ba3d4eeadb00f4fb) Importer(2089858483,192608db42251d675da83286b1cce702)
Start importing Assets/ASSets/Galaxia Sprite Pack #1/Enemy/idle_drone_purple.png using Guid(278b61a9028b9194ba3d4eeadb00f4fb) Importer(2089858483,192608db42251d675da83286b1cce702) (ScriptedImporter) -> (artifact id: '4bdcb7c0f175670d8578fa5e31ce9668') in 0.007615042 seconds
Number of updated asset objects reloaded before import = 0Number of asset objects unloaded after import = 3

========================================================================
Received Import Request.
  Time since last request: 0.000034 seconds.
  path: Assets/ASSets/Galaxia Sprite Pack #1/Enemy/idle_drone_green.png
  artifactKey: Guid(441204ce661f32640838942da466ce4d) Importer(2089858483,192608db42251d675da83286b1cce702)
Start importing Assets/ASSets/Galaxia Sprite Pack #1/Enemy/idle_drone_green.png using Guid(441204ce661f32640838942da466ce4d) Importer(2089858483,192608db42251d675da83286b1cce702) (ScriptedImporter) -> (artifact id: '038f206d9cd102c4ac68ab29337c3d9c') in 0.005889417 seconds
Number of updated asset objects reloaded before import = 0Number of asset objects unloaded after import = 3

========================================================================
Received Import Request.
  Time since last request: 0.000046 seconds.
  path: Assets/ASSets/Galaxia Sprite Pack #1/Effects/BulletsSpriteSheetRed.png
  artifactKey: Guid(d3abe5c405d8ae041a1c151d9ba3c2c3) Importer(2089858483,192608db42251d675da83286b1cce702)
Start importing Assets/ASSets/Galaxia Sprite Pack #1/Effects/BulletsSpriteSheetRed.png using Guid(d3abe5c405d8ae041a1c151d9ba3c2c3) Importer(2089858483,192608db42251d675da83286b1cce702) (ScriptedImporter) -> (artifact id: 'f36ec61a1aec5a21f0ee3bb358641a8a') in 0.007209916 seconds
Number of updated asset objects reloaded before import = 0Number of asset objects unloaded after import = 5

========================================================================
Received Import Request.
  Time since last request: 0.000041 seconds.
  path: Assets/ASSets/Galaxia Sprite Pack #1/Effects/BulletBombSpriteSheetPurple.png
  artifactKey: Guid(593c7c564adcda74fbc675230116db6f) Importer(2089858483,192608db42251d675da83286b1cce702)
Start importing Assets/ASSets/Galaxia Sprite Pack #1/Effects/BulletBombSpriteSheetPurple.png using Guid(593c7c564adcda74fbc675230116db6f) Importer(2089858483,192608db42251d675da83286b1cce702) (ScriptedImporter) -> (artifact id: 'c65b56cf3debe18b7f7e23ca8e1ede1e') in 0.009194458 seconds
Number of updated asset objects reloaded before import = 0Number of asset objects unloaded after import = 5

========================================================================
Received Import Request.
  Time since last request: 0.000044 seconds.
  path: Assets/ASSets/Galaxia Sprite Pack #1/Enemy/idle_heavy_yellow.png
  artifactKey: Guid(ec56ac9d9347f984dad9bde8e4f3ae4a) Importer(2089858483,192608db42251d675da83286b1cce702)
Start importing Assets/ASSets/Galaxia Sprite Pack #1/Enemy/idle_heavy_yellow.png using Guid(ec56ac9d9347f984dad9bde8e4f3ae4a) Importer(2089858483,192608db42251d675da83286b1cce702) (ScriptedImporter) -> (artifact id: 'd5c397e7a92dae12973c5bdeae9c3e0c') in 0.006209958 seconds
Number of updated asset objects reloaded before import = 0Number of asset objects unloaded after import = 3

========================================================================
Received Import Request.
  Time since last request: 0.000051 seconds.
  path: Assets/ASSets/Galaxia Sprite Pack #1/Enemy/idle_bomber_green.png
  artifactKey: Guid(56333afa39cd62b4298f591910f04bc5) Importer(2089858483,192608db42251d675da83286b1cce702)
Start importing Assets/ASSets/Galaxia Sprite Pack #1/Enemy/idle_bomber_green.png using Guid(56333afa39cd62b4298f591910f04bc5) Importer(2089858483,192608db42251d675da83286b1cce702) (ScriptedImporter) -> (artifact id: 'ea85007cc2ae5d7c9297c9218590570c') in 0.006260083 seconds
Number of updated asset objects reloaded before import = 0Number of asset objects unloaded after import = 3

========================================================================
Received Import Request.
  Time since last request: 0.000033 seconds.
  path: Assets/ASSets/Galaxia Sprite Pack #1/Enemy/idle_drone_orange.png
  artifactKey: Guid(e0eb2fcf83877bc4397b3002bf39153c) Importer(2089858483,192608db42251d675da83286b1cce702)
Start importing Assets/ASSets/Galaxia Sprite Pack #1/Enemy/idle_drone_orange.png using Guid(e0eb2fcf83877bc4397b3002bf39153c) Importer(2089858483,192608db42251d675da83286b1cce702) (ScriptedImporter) -> (artifact id: '5886359592a8754340fa6181965b5362') in 0.006342083 seconds
Number of updated asset objects reloaded before import = 0Number of asset objects unloaded after import = 3

========================================================================
Received Import Request.
  Time since last request: 0.000041 seconds.
  path: Assets/ASSets/2D Space Kit/Background Elements/Dust and Nebulae/DustCloud 1.png
  artifactKey: Guid(08ecf4a25d050774aa7035c80c938357) Importer(2089858483,192608db42251d675da83286b1cce702)
Start importing Assets/ASSets/2D Space Kit/Background Elements/Dust and Nebulae/DustCloud 1.png using Guid(08ecf4a25d050774aa7035c80c938357) Importer(2089858483,192608db42251d675da83286b1cce702) (ScriptedImporter) -> (artifact id: 'daf2a5819cc48720d992bed32f44c3a8') in 0.0092465 seconds
Number of updated asset objects reloaded before import = 0Number of asset objects unloaded after import = 3

========================================================================
Received Import Request.
  Time since last request: 0.000034 seconds.
  path: Assets/ASSets/2D Space Kit/Backgrounds/1.png
  artifactKey: Guid(89bca327dbe7e6540bb158ab20a8bcc3) Importer(2089858483,192608db42251d675da83286b1cce702)
Start importing Assets/ASSets/2D Space Kit/Backgrounds/1.png using Guid(89bca327dbe7e6540bb158ab20a8bcc3) Importer(2089858483,192608db42251d675da83286b1cce702) (ScriptedImporter) -> (artifact id: 'dc4b241c321ff63c9a54c1b3338fca49') in 0.038000417 seconds
Number of updated asset objects reloaded before import = 0Number of asset objects unloaded after import = 3

========================================================================
Received Import Request.
  Time since last request: 0.000056 seconds.
  path: Assets/ASSets/2D Space Kit/Backgrounds/4.png
  artifactKey: Guid(048e3f61b6de007439b544ab7ccff3c3) Importer(2089858483,192608db42251d675da83286b1cce702)
Start importing Assets/ASSets/2D Space Kit/Backgrounds/4.png using Guid(048e3f61b6de007439b544ab7ccff3c3) Importer(2089858483,192608db42251d675da83286b1cce702) (ScriptedImporter) -> (artifact id: 'ba48653e44bcd1dba198109b5f9dcac7') in 0.032966041 seconds
Number of updated asset objects reloaded before import = 0Number of asset objects unloaded after import = 3

========================================================================
Received Import Request.
  Time since last request: 0.000042 seconds.
  path: Assets/ASSets/Galaxia Sprite Pack #1/Enemy
  artifactKey: Guid(5e5a4b7e60640a24ba5e40f432af6479) Importer(2089858483,192608db42251d675da83286b1cce702)
Start importing Assets/ASSets/Galaxia Sprite Pack #1/Enemy using Guid(5e5a4b7e60640a24ba5e40f432af6479) Importer(2089858483,192608db42251d675da83286b1cce702) (ScriptedImporter) -> (artifact id: '53ebfa8fb287e484a2f358fe6b2b1b92') in 0.003001666 seconds
Number of updated asset objects reloaded before import = 0Number of asset objects unloaded after import = 1

========================================================================
Received Import Request.
  Time since last request: 0.000043 seconds.
  path: Assets/Sci-Fi UI/Demo_Assets/background/Materials
  artifactKey: Guid(6344072ec2ee999459b1bb69c8d74dff) Importer(2089858483,192608db42251d675da83286b1cce702)
Start importing Assets/Sci-Fi UI/Demo_Assets/background/Materials using Guid(6344072ec2ee999459b1bb69c8d74dff) Importer(2089858483,192608db42251d675da83286b1cce702) (ScriptedImporter) -> (artifact id: 'eff76cb968ccce88dcaa1538540863b3') in 0.001754834 seconds
Number of updated asset objects reloaded before import = 0Number of asset objects unloaded after import = 1

========================================================================
Received Import Request.
  Time since last request: 0.000045 seconds.
  path: Assets/Sci-Fi UI/_SciFi_GUISkin_/Bonus_Assets/bars/bar_purple.png
  artifactKey: Guid(1ceb59d66cd59eb40a2da04ee9509bd1) Importer(2089858483,192608db42251d675da83286b1cce702)
Start importing Assets/Sci-Fi UI/_SciFi_GUISkin_/Bonus_Assets/bars/bar_purple.png using Guid(1ceb59d66cd59eb40a2da04ee9509bd1) Importer(2089858483,192608db42251d675da83286b1cce702) (ScriptedImporter) -> (artifact id: '5184843e6a825114224fead09e77a4b6') in 0.005958666 seconds
Number of updated asset objects reloaded before import = 0Number of asset objects unloaded after import = 1

========================================================================
Received Import Request.
  Time since last request: 0.000053 seconds.
  path: Assets/ASSets/2D Space Kit/Ships and Stations/Frigate 1.png
  artifactKey: Guid(e72b5607b24dd3247a7168ad745086fb) Importer(2089858483,192608db42251d675da83286b1cce702)
Start importing Assets/ASSets/2D Space Kit/Ships and Stations/Frigate 1.png using Guid(e72b5607b24dd3247a7168ad745086fb) Importer(2089858483,192608db42251d675da83286b1cce702) (ScriptedImporter) -> (artifact id: '2ff75f2b0103905f8be4cd08f2e9d9bf') in 0.00719825 seconds
Number of updated asset objects reloaded before import = 0Number of asset objects unloaded after import = 3

========================================================================
Received Import Request.
  Time since last request: 0.000041 seconds.
  path: Assets/ASSets/Farland Skies/Nebula One/Prefabs/SkyboxCycleManager.prefab
  artifactKey: Guid(63a41ecb322589f4f9484200fc411e17) Importer(2089858483,192608db42251d675da83286b1cce702)
Start importing Assets/ASSets/Farland Skies/Nebula One/Prefabs/SkyboxCycleManager.prefab using Guid(63a41ecb322589f4f9484200fc411e17) Importer(2089858483,192608db42251d675da83286b1cce702) (ScriptedImporter) -> (artifact id: '0e4294ba1bacf125df16a42d8a1c0b68') in 0.002650875 seconds
Number of updated asset objects reloaded before import = 0Number of asset objects unloaded after import = 5

========================================================================
Received Import Request.
  Time since last request: 0.000032 seconds.
  path: Assets/ASSets/2D Space Kit/Backgrounds/Red Nebula 2048
  artifactKey: Guid(439575ceebf704ce28c6a872a1e72af1) Importer(2089858483,192608db42251d675da83286b1cce702)
Start importing Assets/ASSets/2D Space Kit/Backgrounds/Red Nebula 2048 using Guid(439575ceebf704ce28c6a872a1e72af1) Importer(2089858483,192608db42251d675da83286b1cce702) (ScriptedImporter) -> (artifact id: 'f9f15380497153b0998425ab0f92d15c') in 0.002020417 seconds
Number of updated asset objects reloaded before import = 0Number of asset objects unloaded after import = 1

========================================================================
Received Import Request.
  Time since last request: 0.000035 seconds.
  path: Assets/ASSets/Farland Skies/!Core
  artifactKey: Guid(b18fd4e829f47694699236211d2e671f) Importer(2089858483,192608db42251d675da83286b1cce702)
Start importing Assets/ASSets/Farland Skies/!Core using Guid(b18fd4e829f47694699236211d2e671f) Importer(2089858483,192608db42251d675da83286b1cce702) (ScriptedImporter) -> (artifact id: '2b88b3627a2eea2a96fcc3843113f233') in 0.001945166 seconds
Number of updated asset objects reloaded before import = 0Number of asset objects unloaded after import = 1

========================================================================
Received Import Request.
  Time since last request: 0.000038 seconds.
  path: Assets/ASSets/2D Space Kit/Turrets/Turret Large 2.png
  artifactKey: Guid(9d7dfb09158050b4f87f70dcc341698c) Importer(2089858483,192608db42251d675da83286b1cce702)
Start importing Assets/ASSets/2D Space Kit/Turrets/Turret Large 2.png using Guid(9d7dfb09158050b4f87f70dcc341698c) Importer(2089858483,192608db42251d675da83286b1cce702) (ScriptedImporter) -> (artifact id: '0f4bd68df9c03d7611de4915b302b0d2') in 0.008352583 seconds
Number of updated asset objects reloaded before import = 0Number of asset objects unloaded after import = 3

========================================================================
Received Import Request.
  Time since last request: 0.000043 seconds.
  path: Assets/Sci-Fi UI/Demo_Assets/background
  artifactKey: Guid(73e1f08129ab18d4e98067b118681893) Importer(2089858483,192608db42251d675da83286b1cce702)
Start importing Assets/Sci-Fi UI/Demo_Assets/background using Guid(73e1f08129ab18d4e98067b118681893) Importer(2089858483,192608db42251d675da83286b1cce702) (ScriptedImporter) -> (artifact id: 'de6ee25d2bd356983f63b1c5c3f8351d') in 0.001867834 seconds
Number of updated asset objects reloaded before import = 0Number of asset objects unloaded after import = 1

========================================================================
Received Import Request.
  Time since last request: 0.000041 seconds.
  path: Assets/ASSets/Farland Skies/Nebula One/QuickStart.pdf
  artifactKey: Guid(a80b39a41ac33864cb9cb27eeb470986) Importer(2089858483,192608db42251d675da83286b1cce702)
Start importing Assets/ASSets/Farland Skies/Nebula One/QuickStart.pdf using Guid(a80b39a41ac33864cb9cb27eeb470986) Importer(2089858483,192608db42251d675da83286b1cce702) (ScriptedImporter) -> (artifact id: '2e257d90e4291db01e6c397280a844db') in 0.001869208 seconds
Number of updated asset objects reloaded before import = 0Number of asset objects unloaded after import = 1

========================================================================
Received Import Request.
  Time since last request: 0.000033 seconds.
  path: Assets/ASSets/2D Space Kit/Prefabs/Projectile Sharp.prefab
  artifactKey: Guid(bfe0ba4acc768a5448d46a6c63d8106a) Importer(2089858483,192608db42251d675da83286b1cce702)
Start importing Assets/ASSets/2D Space Kit/Prefabs/Projectile Sharp.prefab using Guid(bfe0ba4acc768a5448d46a6c63d8106a) Importer(2089858483,192608db42251d675da83286b1cce702) (ScriptedImporter) -> (artifact id: 'af0f1c3b285d06158524e08d6ddb5046') in 0.024335334 seconds
Number of updated asset objects reloaded before import = 0Number of asset objects unloaded after import = 12

========================================================================
Received Import Request.
  Time since last request: 0.000062 seconds.
  path: Assets/ASSets/Galaxia Sprite Pack #1
  artifactKey: Guid(457574f66127d5e4abfa2c3947d8f752) Importer(2089858483,192608db42251d675da83286b1cce702)
Start importing Assets/ASSets/Galaxia Sprite Pack #1 using Guid(457574f66127d5e4abfa2c3947d8f752) Importer(2089858483,192608db42251d675da83286b1cce702) (ScriptedImporter) -> (artifact id: '15295dd55eb216ba2e9c79ee6c84d9fe') in 0.001865875 seconds
Number of updated asset objects reloaded before import = 0Number of asset objects unloaded after import = 1

========================================================================
Received Import Request.
  Time since last request: 0.000045 seconds.
  path: Assets/ASSets/2D Space Kit/Backgrounds/Explosion.prefab
  artifactKey: Guid(cafecd3fc3b761c45bb1553f35cf5c96) Importer(2089858483,192608db42251d675da83286b1cce702)
Start importing Assets/ASSets/2D Space Kit/Backgrounds/Explosion.prefab using Guid(cafecd3fc3b761c45bb1553f35cf5c96) Importer(2089858483,192608db42251d675da83286b1cce702) (ScriptedImporter) -> (artifact id: '2ff782c7eeb9c100302920a67b236876') in 0.061839833 seconds
Number of updated asset objects reloaded before import = 0Number of asset objects unloaded after import = 11

========================================================================
Received Import Request.
  Time since last request: 0.000043 seconds.
  path: Assets/ASSets/2D Space Kit/Missiles/Missile (6).png
  artifactKey: Guid(71ef384979ff75f4990c1dde652054b4) Importer(2089858483,192608db42251d675da83286b1cce702)
Start importing Assets/ASSets/2D Space Kit/Missiles/Missile (6).png using Guid(71ef384979ff75f4990c1dde652054b4) Importer(2089858483,192608db42251d675da83286b1cce702) (ScriptedImporter) -> (artifact id: '19f1b78a4f7a410d520f5c577c81c0d9') in 0.006515083 seconds
Number of updated asset objects reloaded before import = 0Number of asset objects unloaded after import = 3

========================================================================
Received Import Request.
  Time since last request: 0.000049 seconds.
  path: Assets/ASSets/2D Space Kit/Particles (Sprites)/DustSpray (2).png
  artifactKey: Guid(86fb24d85ff46c2478675ef1b33e5869) Importer(2089858483,192608db42251d675da83286b1cce702)
Start importing Assets/ASSets/2D Space Kit/Particles (Sprites)/DustSpray (2).png using Guid(86fb24d85ff46c2478675ef1b33e5869) Importer(2089858483,192608db42251d675da83286b1cce702) (ScriptedImporter) -> (artifact id: 'ab55cc16994ec2351cc153df8ad4fd8d') in 0.008680875 seconds
Number of updated asset objects reloaded before import = 0Number of asset objects unloaded after import = 3

========================================================================
Received Import Request.
  Time since last request: 0.000033 seconds.
  path: Assets/ASSets/2D Space Kit/Particles (Sprites)/Smoke 3.png
  artifactKey: Guid(ee8075cd9076a904da23908561f65965) Importer(2089858483,192608db42251d675da83286b1cce702)
Start importing Assets/ASSets/2D Space Kit/Particles (Sprites)/Smoke 3.png using Guid(ee8075cd9076a904da23908561f65965) Importer(2089858483,192608db42251d675da83286b1cce702) (ScriptedImporter) -> (artifact id: '7f5301a0207052111645af8b259a2e34') in 0.006751375 seconds
Number of updated asset objects reloaded before import = 0Number of asset objects unloaded after import = 3

========================================================================
Received Import Request.
  Time since last request: 0.000053 seconds.
  path: Assets/ASSets/Farland Skies/Nebula One/Prefabs/SkyboxController.prefab
  artifactKey: Guid(dfcf04dadf8544f478abd03debf5db69) Importer(2089858483,192608db42251d675da83286b1cce702)
Start importing Assets/ASSets/Farland Skies/Nebula One/Prefabs/SkyboxController.prefab using Guid(dfcf04dadf8544f478abd03debf5db69) Importer(2089858483,192608db42251d675da83286b1cce702) (ScriptedImporter) -> (artifact id: '36448f528982790ab7e0bb79a4659988') in 0.0031135 seconds
Number of updated asset objects reloaded before import = 0Number of asset objects unloaded after import = 5

========================================================================
Received Import Request.
  Time since last request: 0.000049 seconds.
  path: Assets/ASSets/2D Space Kit/Missiles/Missile (4).png
  artifactKey: Guid(42db57cf6647faf4b9eae8778204ed4d) Importer(2089858483,192608db42251d675da83286b1cce702)
Start importing Assets/ASSets/2D Space Kit/Missiles/Missile (4).png using Guid(42db57cf6647faf4b9eae8778204ed4d) Importer(2089858483,192608db42251d675da83286b1cce702) (ScriptedImporter) -> (artifact id: 'dd36c2ef108eae0d96e19274ac7a01ea') in 0.006372084 seconds
Number of updated asset objects reloaded before import = 0Number of asset objects unloaded after import = 3

========================================================================
Received Import Request.
  Time since last request: 0.000031 seconds.
  path: Assets/ASSets/2D Space Kit/Particles (Sprites)/Starflare.png
  artifactKey: Guid(0cf63e7efdccc0a4793feeb4a05ec80e) Importer(2089858483,192608db42251d675da83286b1cce702)
Start importing Assets/ASSets/2D Space Kit/Particles (Sprites)/Starflare.png using Guid(0cf63e7efdccc0a4793feeb4a05ec80e) Importer(2089858483,192608db42251d675da83286b1cce702) (ScriptedImporter) -> (artifact id: '38ac99b9d333652dddc05ccd8bde0faf') in 0.009995709 seconds
Number of updated asset objects reloaded before import = 0Number of asset objects unloaded after import = 3

========================================================================
Received Import Request.
  Time since last request: 0.000032 seconds.
  path: Assets/Sci-Fi UI/_SciFi_GUISkin_/Skin_Assets/joystick/joystick.png
  artifactKey: Guid(8a732e57806777846a90ceb6def85c3a) Importer(2089858483,192608db42251d675da83286b1cce702)
Start importing Assets/Sci-Fi UI/_SciFi_GUISkin_/Skin_Assets/joystick/joystick.png using Guid(8a732e57806777846a90ceb6def85c3a) Importer(2089858483,192608db42251d675da83286b1cce702) (ScriptedImporter) -> (artifact id: '1825d5cbf0070e60f3bbf538d0702262') in 0.006052042 seconds
Number of updated asset objects reloaded before import = 0Number of asset objects unloaded after import = 1

========================================================================
Received Import Request.
  Time since last request: 0.000035 seconds.
  path: Assets/ASSets/2D Space Kit/Debris/Debris (2).png
  artifactKey: Guid(dd427b106c4115f4ea1d1c10a4c91f55) Importer(2089858483,192608db42251d675da83286b1cce702)
Start importing Assets/ASSets/2D Space Kit/Debris/Debris (2).png using Guid(dd427b106c4115f4ea1d1c10a4c91f55) Importer(2089858483,192608db42251d675da83286b1cce702) (ScriptedImporter) -> (artifact id: 'c6de57a028fee653464b9600875885d2') in 0.008006791 seconds
Number of updated asset objects reloaded before import = 0Number of asset objects unloaded after import = 3

========================================================================
Received Import Request.
  Time since last request: 0.000055 seconds.
  path: Assets/ASSets/2D Space Kit/Backgrounds/Red Nebula 2048/background2.jpg
  artifactKey: Guid(03a24993c022d604ca1d4b85814469bf) Importer(2089858483,192608db42251d675da83286b1cce702)
Start importing Assets/ASSets/2D Space Kit/Backgrounds/Red Nebula 2048/background2.jpg using Guid(03a24993c022d604ca1d4b85814469bf) Importer(2089858483,192608db42251d675da83286b1cce702) (ScriptedImporter) -> (artifact id: '0145a58841dce809108200a8a727571b') in 0.0137285 seconds
Number of updated asset objects reloaded before import = 0Number of asset objects unloaded after import = 3

========================================================================
Received Import Request.
  Time since last request: 0.000040 seconds.
  path: Assets/ASSets/2D Space Kit/Backgrounds/Fantasy Purple 2048/Fantasy 5.jpg
  artifactKey: Guid(037e9686aa46fb648b62b1d72388f2f2) Importer(2089858483,192608db42251d675da83286b1cce702)
Start importing Assets/ASSets/2D Space Kit/Backgrounds/Fantasy Purple 2048/Fantasy 5.jpg using Guid(037e9686aa46fb648b62b1d72388f2f2) Importer(2089858483,192608db42251d675da83286b1cce702) (ScriptedImporter) -> (artifact id: '62e6c64b4d4006f30a8d72d6650b9abd') in 0.013709 seconds
Number of updated asset objects reloaded before import = 0Number of asset objects unloaded after import = 3

========================================================================
Received Import Request.
  Time since last request: 0.000034 seconds.
  path: Assets/Sci-Fi UI/_SciFi_GUISkin_/Bonus_Assets/arrows/long_arrow_right.png
  artifactKey: Guid(e9b8cd94ede145942a15f9e164af30a9) Importer(2089858483,192608db42251d675da83286b1cce702)
Start importing Assets/Sci-Fi UI/_SciFi_GUISkin_/Bonus_Assets/arrows/long_arrow_right.png using Guid(e9b8cd94ede145942a15f9e164af30a9) Importer(2089858483,192608db42251d675da83286b1cce702) (ScriptedImporter) -> (artifact id: 'e9cc564109ca4547d6404bb5d7c6d8af') in 0.005966375 seconds
Number of updated asset objects reloaded before import = 0Number of asset objects unloaded after import = 1

========================================================================
Received Import Request.
  Time since last request: 0.000036 seconds.
  path: Assets/ASSets/Farland Skies/!Core/Icons
  artifactKey: Guid(03f6372caa377244b9e5fbae77b05bd7) Importer(2089858483,192608db42251d675da83286b1cce702)
Start importing Assets/ASSets/Farland Skies/!Core/Icons using Guid(03f6372caa377244b9e5fbae77b05bd7) Importer(2089858483,192608db42251d675da83286b1cce702) (ScriptedImporter) -> (artifact id: '10e7139438b4135049746f83698200ea') in 0.001715291 seconds
Number of updated asset objects reloaded before import = 0Number of asset objects unloaded after import = 1

========================================================================
Received Import Request.
  Time since last request: 0.000038 seconds.
  path: Assets/ASSets/2D Space Kit/Turrets/Turret Small 3.png
  artifactKey: Guid(75d0fa0347708ef4498355b920afb845) Importer(2089858483,192608db42251d675da83286b1cce702)
Start importing Assets/ASSets/2D Space Kit/Turrets/Turret Small 3.png using Guid(75d0fa0347708ef4498355b920afb845) Importer(2089858483,192608db42251d675da83286b1cce702) (ScriptedImporter) -> (artifact id: '2743afc05216d8ee8fbd093c8f017430') in 0.008126958 seconds
Number of updated asset objects reloaded before import = 0Number of asset objects unloaded after import = 3

========================================================================
Received Import Request.
  Time since last request: 0.000052 seconds.
  path: Assets/ASSets/Farland Skies/!Core/Icons/Professional/Sun_16.png
  artifactKey: Guid(92a3091ea0729a1438ca1e80db1821cc) Importer(2089858483,192608db42251d675da83286b1cce702)
Start importing Assets/ASSets/Farland Skies/!Core/Icons/Professional/Sun_16.png using Guid(92a3091ea0729a1438ca1e80db1821cc) Importer(2089858483,192608db42251d675da83286b1cce702) (ScriptedImporter) -> (artifact id: '96de8ab8adc6945325eaaa658313c22c') in 0.005624917 seconds
Number of updated asset objects reloaded before import = 0Number of asset objects unloaded after import = 1

========================================================================
Received Import Request.
  Time since last request: 0.000038 seconds.
  path: Assets/Sci-Fi UI/_SciFi_GUISkin_/Bonus_Assets/arrows/arrow_right.png
  artifactKey: Guid(e05004e4bcd8b3e49bb0cbaab0215760) Importer(2089858483,192608db42251d675da83286b1cce702)
Start importing Assets/Sci-Fi UI/_SciFi_GUISkin_/Bonus_Assets/arrows/arrow_right.png using Guid(e05004e4bcd8b3e49bb0cbaab0215760) Importer(2089858483,192608db42251d675da83286b1cce702) (ScriptedImporter) -> (artifact id: 'b538b155b281dc914fdc43ae04798974') in 0.005500292 seconds
Number of updated asset objects reloaded before import = 0Number of asset objects unloaded after import = 1

========================================================================
Received Import Request.
  Time since last request: 0.000040 seconds.
  path: Assets/ASSets/2D Space Kit/Backgrounds/Background Tip.txt
  artifactKey: Guid(909dfd233e5c92a4692ce6481051e632) Importer(2089858483,192608db42251d675da83286b1cce702)
Start importing Assets/ASSets/2D Space Kit/Backgrounds/Background Tip.txt using Guid(909dfd233e5c92a4692ce6481051e632) Importer(2089858483,192608db42251d675da83286b1cce702) (ScriptedImporter) -> (artifact id: '2ed204c9244702ce0556849e1a63bbf3') in 0.001931583 seconds
Number of updated asset objects reloaded before import = 0Number of asset objects unloaded after import = 1

========================================================================
Received Prepare
Begin MonoManager ReloadAssembly
[Licensing::Client] Successfully resolved entitlement details
Thread 0x16f183000 may have been prematurely finalized
- Loaded All Assemblies, in  0.438 seconds
Refreshing native plugins compatible for Editor in 0.41 ms, found 3 plugins.
Native extension for OSXStandalone target not found
Native extension for WebGL target not found
[Package Manager] Failed to launch server process. Reason: Unity was launched with the -noUpm command-line argument
[Package Manager] Unable to send message (not connected to server process).
[Package Manager] Cannot connect to Unity Package Manager local server
Mono: successfully reloaded assembly
- Finished resetting the current domain, in  0.480 seconds
Domain Reload Profiling: 921ms
	BeginReloadAssembly (130ms)
		ExecutionOrderSort (0ms)
		DisableScriptedObjects (9ms)
		BackupInstance (0ms)
		ReleaseScriptingObjects (0ms)
		CreateAndSetChildDomain (44ms)
	RebuildCommonClasses (24ms)
	RebuildNativeTypeToScriptingClass (9ms)
	initialDomainReloadingComplete (13ms)
	LoadAllAssembliesAndSetupDomain (264ms)
		LoadAssemblies (168ms)
		RebuildTransferFunctionScriptingTraits (0ms)
		AnalyzeDomain (132ms)
			TypeCache.Refresh (9ms)
				TypeCache.ScanAssembly (0ms)
			BuildScriptInfoCaches (114ms)
			ResolveRequiredComponents (7ms)
	FinalizeReload (481ms)
		ReleaseScriptCaches (0ms)
		RebuildScriptCaches (0ms)
		SetupLoadedEditorAssemblies (393ms)
			LogAssemblyErrors (0ms)
			InitializePlatformSupportModulesInManaged (1ms)
			SetLoadedEditorAssemblies (2ms)
			BeforeProcessingInitializeOnLoad (80ms)
			ProcessInitializeOnLoadAttributes (277ms)
			ProcessInitializeOnLoadMethodAttributes (32ms)
			AfterProcessingInitializeOnLoad (1ms)
			EditorAssembliesLoaded (0ms)
		ExecutionOrderSort2 (0ms)
		AwakeInstancesAfterBackupRestoration (6ms)
WARNING: Shader Unsupported: 'Universal Render Pipeline/VR/SpatialMapping/Wireframe' - All subshaders removed
WARNING: Shader Did you use #pragma only_renderers and omit this platform?
WARNING: Shader If subshaders removal was intentional, you may have forgotten turning Fallback off?
WARNING: Shader Unsupported: 'Universal Render Pipeline/VR/SpatialMapping/Wireframe' - All subshaders removed
WARNING: Shader Did you use #pragma only_renderers and omit this platform?
WARNING: Shader If subshaders removal was intentional, you may have forgotten turning Fallback off?
Refreshing native plugins compatible for Editor in 0.54 ms, found 3 plugins.
Preloading 0 native plugins for Editor in 0.00 ms.
Unloading 27 Unused Serialized files (Serialized files now loaded: 0)
Unloading 6912 unused Assets / (5.8 MB). Loaded Objects now: 7844.
Memory consumption went from 163.8 MB to 158.0 MB.
Total: 6.787917 ms (FindLiveObjects: 0.420291 ms CreateObjectMapping: 0.269875 ms MarkObjects: 4.459125 ms  DeleteObjects: 1.638500 ms)

Prepare: number of updated asset objects reloaded= 0
========================================================================
Received Prepare
Begin MonoManager ReloadAssembly
Thread 0x16f183000 may have been prematurely finalized
- Loaded All Assemblies, in  0.404 seconds
Refreshing native plugins compatible for Editor in 0.39 ms, found 3 plugins.
Native extension for OSXStandalone target not found
Native extension for WebGL target not found
[Package Manager] Failed to launch server process. Reason: Unity was launched with the -noUpm command-line argument
[Package Manager] Unable to send message (not connected to server process).
[Package Manager] Cannot connect to Unity Package Manager local server
Mono: successfully reloaded assembly
- Finished resetting the current domain, in  0.490 seconds
Domain Reload Profiling: 897ms
	BeginReloadAssembly (103ms)
		ExecutionOrderSort (0ms)
		DisableScriptedObjects (8ms)
		BackupInstance (0ms)
		ReleaseScriptingObjects (0ms)
		CreateAndSetChildDomain (28ms)
	RebuildCommonClasses (23ms)
	RebuildNativeTypeToScriptingClass (9ms)
	initialDomainReloadingComplete (12ms)
	LoadAllAssembliesAndSetupDomain (260ms)
		LoadAssemblies (166ms)
		RebuildTransferFunctionScriptingTraits (0ms)
		AnalyzeDomain (124ms)
			TypeCache.Refresh (8ms)
				TypeCache.ScanAssembly (0ms)
			BuildScriptInfoCaches (107ms)
			ResolveRequiredComponents (7ms)
	FinalizeReload (490ms)
		ReleaseScriptCaches (0ms)
		RebuildScriptCaches (0ms)
		SetupLoadedEditorAssemblies (402ms)
			LogAssemblyErrors (0ms)
			InitializePlatformSupportModulesInManaged (1ms)
			SetLoadedEditorAssemblies (2ms)
			BeforeProcessingInitializeOnLoad (84ms)
			ProcessInitializeOnLoadAttributes (283ms)
			ProcessInitializeOnLoadMethodAttributes (31ms)
			AfterProcessingInitializeOnLoad (1ms)
			EditorAssembliesLoaded (0ms)
		ExecutionOrderSort2 (0ms)
		AwakeInstancesAfterBackupRestoration (6ms)
WARNING: Shader Unsupported: 'Universal Render Pipeline/VR/SpatialMapping/Wireframe' - All subshaders removed
WARNING: Shader Did you use #pragma only_renderers and omit this platform?
WARNING: Shader If subshaders removal was intentional, you may have forgotten turning Fallback off?
WARNING: Shader Unsupported: 'Universal Render Pipeline/VR/SpatialMapping/Wireframe' - All subshaders removed
WARNING: Shader Did you use #pragma only_renderers and omit this platform?
WARNING: Shader If subshaders removal was intentional, you may have forgotten turning Fallback off?
Refreshing native plugins compatible for Editor in 0.55 ms, found 3 plugins.
Preloading 0 native plugins for Editor in 0.00 ms.
Unloading 27 Unused Serialized files (Serialized files now loaded: 0)
Unloading 6911 unused Assets / (5.9 MB). Loaded Objects now: 7847.
Memory consumption went from 163.7 MB to 157.9 MB.
Total: 6.545833 ms (FindLiveObjects: 0.412458 ms CreateObjectMapping: 0.245667 ms MarkObjects: 4.313333 ms  DeleteObjects: 1.574041 ms)

Prepare: number of updated asset objects reloaded= 0
========================================================================
Received Prepare
Begin MonoManager ReloadAssembly
[Licensing::Client] Successfully resolved entitlement details
Thread 0x16f183000 may have been prematurely finalized
- Loaded All Assemblies, in  0.433 seconds
Refreshing native plugins compatible for Editor in 0.40 ms, found 3 plugins.
Native extension for OSXStandalone target not found
Native extension for WebGL target not found
[Package Manager] Failed to launch server process. Reason: Unity was launched with the -noUpm command-line argument
[Package Manager] Unable to send message (not connected to server process).
[Package Manager] Cannot connect to Unity Package Manager local server
Mono: successfully reloaded assembly
- Finished resetting the current domain, in  0.479 seconds
Domain Reload Profiling: 915ms
	BeginReloadAssembly (112ms)
		ExecutionOrderSort (0ms)
		DisableScriptedObjects (9ms)
		BackupInstance (0ms)
		ReleaseScriptingObjects (0ms)
		CreateAndSetChildDomain (30ms)
	RebuildCommonClasses (22ms)
	RebuildNativeTypeToScriptingClass (9ms)
	initialDomainReloadingComplete (12ms)
	LoadAllAssembliesAndSetupDomain (281ms)
		LoadAssemblies (189ms)
		RebuildTransferFunctionScriptingTraits (0ms)
		AnalyzeDomain (126ms)
			TypeCache.Refresh (11ms)
				TypeCache.ScanAssembly (0ms)
			BuildScriptInfoCaches (106ms)
			ResolveRequiredComponents (6ms)
	FinalizeReload (480ms)
		ReleaseScriptCaches (0ms)
		RebuildScriptCaches (0ms)
		SetupLoadedEditorAssemblies (399ms)
			LogAssemblyErrors (0ms)
			InitializePlatformSupportModulesInManaged (1ms)
			SetLoadedEditorAssemblies (2ms)
			BeforeProcessingInitializeOnLoad (82ms)
			ProcessInitializeOnLoadAttributes (282ms)
			ProcessInitializeOnLoadMethodAttributes (31ms)
			AfterProcessingInitializeOnLoad (1ms)
			EditorAssembliesLoaded (0ms)
		ExecutionOrderSort2 (0ms)
		AwakeInstancesAfterBackupRestoration (6ms)
WARNING: Shader Unsupported: 'Universal Render Pipeline/VR/SpatialMapping/Wireframe' - All subshaders removed
WARNING: Shader Did you use #pragma only_renderers and omit this platform?
WARNING: Shader If subshaders removal was intentional, you may have forgotten turning Fallback off?
WARNING: Shader Unsupported: 'Universal Render Pipeline/VR/SpatialMapping/Wireframe' - All subshaders removed
WARNING: Shader Did you use #pragma only_renderers and omit this platform?
WARNING: Shader If subshaders removal was intentional, you may have forgotten turning Fallback off?
Refreshing native plugins compatible for Editor in 0.73 ms, found 3 plugins.
Preloading 0 native plugins for Editor in 0.00 ms.
Unloading 27 Unused Serialized files (Serialized files now loaded: 0)
Unloading 6911 unused Assets / (5.9 MB). Loaded Objects now: 7850.
Memory consumption went from 163.8 MB to 157.8 MB.
Total: 6.038750 ms (FindLiveObjects: 0.352750 ms CreateObjectMapping: 0.223833 ms MarkObjects: 4.016792 ms  DeleteObjects: 1.445000 ms)

Prepare: number of updated asset objects reloaded= 0
========================================================================
Received Prepare
Begin MonoManager ReloadAssembly
Thread 0x16f183000 may have been prematurely finalized
- Loaded All Assemblies, in  0.395 seconds
Refreshing native plugins compatible for Editor in 0.38 ms, found 3 plugins.
Native extension for OSXStandalone target not found
Native extension for WebGL target not found
[Package Manager] Failed to launch server process. Reason: Unity was launched with the -noUpm command-line argument
[Package Manager] Unable to send message (not connected to server process).
[Package Manager] Cannot connect to Unity Package Manager local server
Mono: successfully reloaded assembly
- Finished resetting the current domain, in  0.461 seconds
Domain Reload Profiling: 860ms
	BeginReloadAssembly (98ms)
		ExecutionOrderSort (0ms)
		DisableScriptedObjects (7ms)
		BackupInstance (0ms)
		ReleaseScriptingObjects (0ms)
		CreateAndSetChildDomain (28ms)
	RebuildCommonClasses (21ms)
	RebuildNativeTypeToScriptingClass (9ms)
	initialDomainReloadingComplete (11ms)
	LoadAllAssembliesAndSetupDomain (259ms)
		LoadAssemblies (166ms)
		RebuildTransferFunctionScriptingTraits (0ms)
		AnalyzeDomain (120ms)
			TypeCache.Refresh (7ms)
				TypeCache.ScanAssembly (0ms)
			BuildScriptInfoCaches (104ms)
			ResolveRequiredComponents (7ms)
	FinalizeReload (462ms)
		ReleaseScriptCaches (0ms)
		RebuildScriptCaches (0ms)
		SetupLoadedEditorAssemblies (381ms)
			LogAssemblyErrors (0ms)
			InitializePlatformSupportModulesInManaged (1ms)
			SetLoadedEditorAssemblies (2ms)
			BeforeProcessingInitializeOnLoad (83ms)
			ProcessInitializeOnLoadAttributes (261ms)
			ProcessInitializeOnLoadMethodAttributes (33ms)
			AfterProcessingInitializeOnLoad (1ms)
			EditorAssembliesLoaded (0ms)
		ExecutionOrderSort2 (0ms)
		AwakeInstancesAfterBackupRestoration (6ms)
WARNING: Shader Unsupported: 'Universal Render Pipeline/VR/SpatialMapping/Wireframe' - All subshaders removed
WARNING: Shader Did you use #pragma only_renderers and omit this platform?
WARNING: Shader If subshaders removal was intentional, you may have forgotten turning Fallback off?
WARNING: Shader Unsupported: 'Universal Render Pipeline/VR/SpatialMapping/Wireframe' - All subshaders removed
WARNING: Shader Did you use #pragma only_renderers and omit this platform?
WARNING: Shader If subshaders removal was intentional, you may have forgotten turning Fallback off?
Refreshing native plugins compatible for Editor in 0.44 ms, found 3 plugins.
Preloading 0 native plugins for Editor in 0.00 ms.
Unloading 27 Unused Serialized files (Serialized files now loaded: 0)
Unloading 6911 unused Assets / (5.6 MB). Loaded Objects now: 7853.
Memory consumption went from 163.8 MB to 158.2 MB.
Total: 6.335500 ms (FindLiveObjects: 0.343292 ms CreateObjectMapping: 0.230375 ms MarkObjects: 4.186125 ms  DeleteObjects: 1.575541 ms)

Prepare: number of updated asset objects reloaded= 0
========================================================================
Received Prepare
Begin MonoManager ReloadAssembly
[Licensing::Client] Successfully resolved entitlement details
Thread 0x16f183000 may have been prematurely finalized
- Loaded All Assemblies, in  0.404 seconds
Refreshing native plugins compatible for Editor in 0.38 ms, found 3 plugins.
Native extension for OSXStandalone target not found
Native extension for WebGL target not found
[Package Manager] Failed to launch server process. Reason: Unity was launched with the -noUpm command-line argument
[Package Manager] Unable to send message (not connected to server process).
[Package Manager] Cannot connect to Unity Package Manager local server
Mono: successfully reloaded assembly
- Finished resetting the current domain, in  0.469 seconds
Domain Reload Profiling: 876ms
	BeginReloadAssembly (99ms)
		ExecutionOrderSort (0ms)
		DisableScriptedObjects (7ms)
		BackupInstance (0ms)
		ReleaseScriptingObjects (0ms)
		CreateAndSetChildDomain (27ms)
	RebuildCommonClasses (21ms)
	RebuildNativeTypeToScriptingClass (9ms)
	initialDomainReloadingComplete (11ms)
	LoadAllAssembliesAndSetupDomain (266ms)
		LoadAssemblies (174ms)
		RebuildTransferFunctionScriptingTraits (0ms)
		AnalyzeDomain (120ms)
			TypeCache.Refresh (8ms)
				TypeCache.ScanAssembly (0ms)
			BuildScriptInfoCaches (104ms)
			ResolveRequiredComponents (6ms)
	FinalizeReload (469ms)
		ReleaseScriptCaches (0ms)
		RebuildScriptCaches (0ms)
		SetupLoadedEditorAssemblies (386ms)
			LogAssemblyErrors (0ms)
			InitializePlatformSupportModulesInManaged (1ms)
			SetLoadedEditorAssemblies (2ms)
			BeforeProcessingInitializeOnLoad (83ms)
			ProcessInitializeOnLoadAttributes (268ms)
			ProcessInitializeOnLoadMethodAttributes (31ms)
			AfterProcessingInitializeOnLoad (1ms)
			EditorAssembliesLoaded (0ms)
		ExecutionOrderSort2 (0ms)
		AwakeInstancesAfterBackupRestoration (6ms)
WARNING: Shader Unsupported: 'Universal Render Pipeline/VR/SpatialMapping/Wireframe' - All subshaders removed
WARNING: Shader Did you use #pragma only_renderers and omit this platform?
WARNING: Shader If subshaders removal was intentional, you may have forgotten turning Fallback off?
WARNING: Shader Unsupported: 'Universal Render Pipeline/VR/SpatialMapping/Wireframe' - All subshaders removed
WARNING: Shader Did you use #pragma only_renderers and omit this platform?
WARNING: Shader If subshaders removal was intentional, you may have forgotten turning Fallback off?
Refreshing native plugins compatible for Editor in 0.65 ms, found 3 plugins.
Preloading 0 native plugins for Editor in 0.00 ms.
Unloading 27 Unused Serialized files (Serialized files now loaded: 0)
Unloading 6911 unused Assets / (5.7 MB). Loaded Objects now: 7856.
Memory consumption went from 163.8 MB to 158.1 MB.
Total: 6.106792 ms (FindLiveObjects: 0.344250 ms CreateObjectMapping: 0.222584 ms MarkObjects: 4.029000 ms  DeleteObjects: 1.510667 ms)

Prepare: number of updated asset objects reloaded= 0
========================================================================
Received Prepare
WARNING: Shader Unsupported: 'Universal Render Pipeline/VR/SpatialMapping/Wireframe' - All subshaders removed
WARNING: Shader Did you use #pragma only_renderers and omit this platform?
WARNING: Shader If subshaders removal was intentional, you may have forgotten turning Fallback off?
WARNING: Shader Unsupported: 'Universal Render Pipeline/VR/SpatialMapping/Wireframe' - All subshaders removed
WARNING: Shader Did you use #pragma only_renderers and omit this platform?
WARNING: Shader If subshaders removal was intentional, you may have forgotten turning Fallback off?
Refreshing native plugins compatible for Editor in 2.43 ms, found 3 plugins.
Preloading 0 native plugins for Editor in 0.00 ms.
Unloading 27 Unused Serialized files (Serialized files now loaded: 0)
Unloading 27 unused Assets / (3.3 MB). Loaded Objects now: 7856.
Memory consumption went from 143.2 MB to 139.9 MB.
Total: 13.322375 ms (FindLiveObjects: 0.771333 ms CreateObjectMapping: 0.160334 ms MarkObjects: 11.870791 ms  DeleteObjects: 0.519000 ms)

Prepare: number of updated asset objects reloaded= 228
========================================================================
Received Prepare
WARNING: Shader Unsupported: 'Universal Render Pipeline/VR/SpatialMapping/Wireframe' - All subshaders removed
WARNING: Shader Did you use #pragma only_renderers and omit this platform?
WARNING: Shader If subshaders removal was intentional, you may have forgotten turning Fallback off?
WARNING: Shader Unsupported: 'Universal Render Pipeline/VR/SpatialMapping/Wireframe' - All subshaders removed
WARNING: Shader Did you use #pragma only_renderers and omit this platform?
WARNING: Shader If subshaders removal was intentional, you may have forgotten turning Fallback off?
Refreshing native plugins compatible for Editor in 0.48 ms, found 3 plugins.
Preloading 0 native plugins for Editor in 0.00 ms.
Unloading 27 Unused Serialized files (Serialized files now loaded: 0)
Unloading 27 unused Assets / (3.3 MB). Loaded Objects now: 7856.
Memory consumption went from 143.3 MB to 140.0 MB.
Total: 5.345542 ms (FindLiveObjects: 0.244167 ms CreateObjectMapping: 0.125583 ms MarkObjects: 4.580334 ms  DeleteObjects: 0.395083 ms)

Prepare: number of updated asset objects reloaded= 0
========================================================================
Received Prepare
Begin MonoManager ReloadAssembly
[Licensing::Client] Successfully resolved entitlement details
Thread 0x16f183000 may have been prematurely finalized
- Loaded All Assemblies, in  0.605 seconds
Refreshing native plugins compatible for Editor in 2.71 ms, found 3 plugins.
Native extension for OSXStandalone target not found
Native extension for WebGL target not found
[Package Manager] Failed to launch server process. Reason: Unity was launched with the -noUpm command-line argument
[Package Manager] Unable to send message (not connected to server process).
[Package Manager] Cannot connect to Unity Package Manager local server
Mono: successfully reloaded assembly
- Finished resetting the current domain, in  0.486 seconds
Domain Reload Profiling: 1094ms
	BeginReloadAssembly (182ms)
		ExecutionOrderSort (0ms)
		DisableScriptedObjects (15ms)
		BackupInstance (0ms)
		ReleaseScriptingObjects (0ms)
		CreateAndSetChildDomain (53ms)
	RebuildCommonClasses (25ms)
	RebuildNativeTypeToScriptingClass (10ms)
	initialDomainReloadingComplete (15ms)
	LoadAllAssembliesAndSetupDomain (376ms)
		LoadAssemblies (252ms)
		RebuildTransferFunctionScriptingTraits (0ms)
		AnalyzeDomain (190ms)
			TypeCache.Refresh (113ms)
				TypeCache.ScanAssembly (98ms)
			BuildScriptInfoCaches (68ms)
			ResolveRequiredComponents (6ms)
	FinalizeReload (486ms)
		ReleaseScriptCaches (0ms)
		RebuildScriptCaches (0ms)
		SetupLoadedEditorAssemblies (404ms)
			LogAssemblyErrors (0ms)
			InitializePlatformSupportModulesInManaged (1ms)
			SetLoadedEditorAssemblies (2ms)
			BeforeProcessingInitializeOnLoad (83ms)
			ProcessInitializeOnLoadAttributes (285ms)
			ProcessInitializeOnLoadMethodAttributes (32ms)
			AfterProcessingInitializeOnLoad (1ms)
			EditorAssembliesLoaded (0ms)
		ExecutionOrderSort2 (0ms)
		AwakeInstancesAfterBackupRestoration (6ms)
WARNING: Shader Unsupported: 'Universal Render Pipeline/VR/SpatialMapping/Wireframe' - All subshaders removed
WARNING: Shader Did you use #pragma only_renderers and omit this platform?
WARNING: Shader If subshaders removal was intentional, you may have forgotten turning Fallback off?
WARNING: Shader Unsupported: 'Universal Render Pipeline/VR/SpatialMapping/Wireframe' - All subshaders removed
WARNING: Shader Did you use #pragma only_renderers and omit this platform?
WARNING: Shader If subshaders removal was intentional, you may have forgotten turning Fallback off?
Refreshing native plugins compatible for Editor in 0.44 ms, found 3 plugins.
Preloading 0 native plugins for Editor in 0.00 ms.
Unloading 27 Unused Serialized files (Serialized files now loaded: 0)
Unloading 6911 unused Assets / (6.1 MB). Loaded Objects now: 7859.
Memory consumption went from 156.9 MB to 150.8 MB.
Total: 8.155208 ms (FindLiveObjects: 0.374167 ms CreateObjectMapping: 0.238708 ms MarkObjects: 4.784208 ms  DeleteObjects: 2.757833 ms)

Prepare: number of updated asset objects reloaded= 0
========================================================================
Received Prepare
Begin MonoManager ReloadAssembly
[Licensing::Client] Successfully resolved entitlement details
Thread 0x16f183000 may have been prematurely finalized
- Loaded All Assemblies, in  0.500 seconds
Refreshing native plugins compatible for Editor in 0.50 ms, found 3 plugins.
Native extension for OSXStandalone target not found
Native extension for WebGL target not found
[Package Manager] Failed to launch server process. Reason: Unity was launched with the -noUpm command-line argument
[Package Manager] Unable to send message (not connected to server process).
[Package Manager] Cannot connect to Unity Package Manager local server
Mono: successfully reloaded assembly
- Finished resetting the current domain, in  0.466 seconds
Domain Reload Profiling: 969ms
	BeginReloadAssembly (162ms)
		ExecutionOrderSort (0ms)
		DisableScriptedObjects (13ms)
		BackupInstance (0ms)
		ReleaseScriptingObjects (0ms)
		CreateAndSetChildDomain (59ms)
	RebuildCommonClasses (22ms)
	RebuildNativeTypeToScriptingClass (9ms)
	initialDomainReloadingComplete (15ms)
	LoadAllAssembliesAndSetupDomain (295ms)
		LoadAssemblies (220ms)
		RebuildTransferFunctionScriptingTraits (0ms)
		AnalyzeDomain (121ms)
			TypeCache.Refresh (11ms)
				TypeCache.ScanAssembly (0ms)
			BuildScriptInfoCaches (102ms)
			ResolveRequiredComponents (6ms)
	FinalizeReload (466ms)
		ReleaseScriptCaches (0ms)
		RebuildScriptCaches (0ms)
		SetupLoadedEditorAssemblies (387ms)
			LogAssemblyErrors (0ms)
			InitializePlatformSupportModulesInManaged (1ms)
			SetLoadedEditorAssemblies (2ms)
			BeforeProcessingInitializeOnLoad (84ms)
			ProcessInitializeOnLoadAttributes (269ms)
			ProcessInitializeOnLoadMethodAttributes (30ms)
			AfterProcessingInitializeOnLoad (1ms)
			EditorAssembliesLoaded (0ms)
		ExecutionOrderSort2 (0ms)
		AwakeInstancesAfterBackupRestoration (6ms)
WARNING: Shader Unsupported: 'Universal Render Pipeline/VR/SpatialMapping/Wireframe' - All subshaders removed
WARNING: Shader Did you use #pragma only_renderers and omit this platform?
WARNING: Shader If subshaders removal was intentional, you may have forgotten turning Fallback off?
WARNING: Shader Unsupported: 'Universal Render Pipeline/VR/SpatialMapping/Wireframe' - All subshaders removed
WARNING: Shader Did you use #pragma only_renderers and omit this platform?
WARNING: Shader If subshaders removal was intentional, you may have forgotten turning Fallback off?
Refreshing native plugins compatible for Editor in 0.44 ms, found 3 plugins.
Preloading 0 native plugins for Editor in 0.00 ms.
Unloading 27 Unused Serialized files (Serialized files now loaded: 0)
Unloading 6911 unused Assets / (5.8 MB). Loaded Objects now: 7862.
Memory consumption went from 156.9 MB to 151.1 MB.
Total: 5.990709 ms (FindLiveObjects: 0.290000 ms CreateObjectMapping: 0.211875 ms MarkObjects: 3.941334 ms  DeleteObjects: 1.547167 ms)

Prepare: number of updated asset objects reloaded= 2
========================================================================
Received Prepare
Begin MonoManager ReloadAssembly
Thread 0x16f183000 may have been prematurely finalized
- Loaded All Assemblies, in  0.521 seconds
Refreshing native plugins compatible for Editor in 0.49 ms, found 3 plugins.
Native extension for OSXStandalone target not found
Native extension for WebGL target not found
[Package Manager] Failed to launch server process. Reason: Unity was launched with the -noUpm command-line argument
[Package Manager] Unable to send message (not connected to server process).
[Package Manager] Cannot connect to Unity Package Manager local server
Mono: successfully reloaded assembly
- Finished resetting the current domain, in  0.482 seconds
Domain Reload Profiling: 1007ms
	BeginReloadAssembly (149ms)
		ExecutionOrderSort (0ms)
		DisableScriptedObjects (14ms)
		BackupInstance (0ms)
		ReleaseScriptingObjects (0ms)
		CreateAndSetChildDomain (48ms)
	RebuildCommonClasses (24ms)
	RebuildNativeTypeToScriptingClass (9ms)
	initialDomainReloadingComplete (15ms)
	LoadAllAssembliesAndSetupDomain (327ms)
		LoadAssemblies (239ms)
		RebuildTransferFunctionScriptingTraits (0ms)
		AnalyzeDomain (129ms)
			TypeCache.Refresh (10ms)
				TypeCache.ScanAssembly (0ms)
			BuildScriptInfoCaches (110ms)
			ResolveRequiredComponents (6ms)
	FinalizeReload (483ms)
		ReleaseScriptCaches (0ms)
		RebuildScriptCaches (0ms)
		SetupLoadedEditorAssemblies (395ms)
			LogAssemblyErrors (0ms)
			InitializePlatformSupportModulesInManaged (1ms)
			SetLoadedEditorAssemblies (2ms)
			BeforeProcessingInitializeOnLoad (86ms)
			ProcessInitializeOnLoadAttributes (275ms)
			ProcessInitializeOnLoadMethodAttributes (29ms)
			AfterProcessingInitializeOnLoad (1ms)
			EditorAssembliesLoaded (0ms)
		ExecutionOrderSort2 (0ms)
		AwakeInstancesAfterBackupRestoration (6ms)
WARNING: Shader Unsupported: 'Universal Render Pipeline/VR/SpatialMapping/Wireframe' - All subshaders removed
WARNING: Shader Did you use #pragma only_renderers and omit this platform?
WARNING: Shader If subshaders removal was intentional, you may have forgotten turning Fallback off?
WARNING: Shader Unsupported: 'Universal Render Pipeline/VR/SpatialMapping/Wireframe' - All subshaders removed
WARNING: Shader Did you use #pragma only_renderers and omit this platform?
WARNING: Shader If subshaders removal was intentional, you may have forgotten turning Fallback off?
Refreshing native plugins compatible for Editor in 0.47 ms, found 3 plugins.
Preloading 0 native plugins for Editor in 0.00 ms.
Unloading 27 Unused Serialized files (Serialized files now loaded: 0)
Unloading 6911 unused Assets / (5.7 MB). Loaded Objects now: 7865.
Memory consumption went from 157.0 MB to 151.2 MB.
Total: 5.948333 ms (FindLiveObjects: 0.301458 ms CreateObjectMapping: 0.215042 ms MarkObjects: 3.933041 ms  DeleteObjects: 1.498500 ms)

Prepare: number of updated asset objects reloaded= 0
========================================================================
Received Prepare
Begin MonoManager ReloadAssembly
[Licensing::Client] Successfully resolved entitlement details
Thread 0x16f183000 may have been prematurely finalized
- Loaded All Assemblies, in  0.523 seconds
Refreshing native plugins compatible for Editor in 0.40 ms, found 3 plugins.
Native extension for OSXStandalone target not found
Native extension for WebGL target not found
[Package Manager] Failed to launch server process. Reason: Unity was launched with the -noUpm command-line argument
[Package Manager] Unable to send message (not connected to server process).
[Package Manager] Cannot connect to Unity Package Manager local server
Mono: successfully reloaded assembly
- Finished resetting the current domain, in  0.466 seconds
Domain Reload Profiling: 992ms
	BeginReloadAssembly (171ms)
		ExecutionOrderSort (0ms)
		DisableScriptedObjects (20ms)
		BackupInstance (0ms)
		ReleaseScriptingObjects (0ms)
		CreateAndSetChildDomain (58ms)
	RebuildCommonClasses (23ms)
	RebuildNativeTypeToScriptingClass (9ms)
	initialDomainReloadingComplete (13ms)
	LoadAllAssembliesAndSetupDomain (310ms)
		LoadAssemblies (228ms)
		RebuildTransferFunctionScriptingTraits (0ms)
		AnalyzeDomain (127ms)
			TypeCache.Refresh (11ms)
				TypeCache.ScanAssembly (0ms)
			BuildScriptInfoCaches (107ms)
			ResolveRequiredComponents (6ms)
	FinalizeReload (466ms)
		ReleaseScriptCaches (0ms)
		RebuildScriptCaches (0ms)
		SetupLoadedEditorAssemblies (384ms)
			LogAssemblyErrors (0ms)
			InitializePlatformSupportModulesInManaged (1ms)
			SetLoadedEditorAssemblies (2ms)
			BeforeProcessingInitializeOnLoad (84ms)
			ProcessInitializeOnLoadAttributes (266ms)
			ProcessInitializeOnLoadMethodAttributes (29ms)
			AfterProcessingInitializeOnLoad (1ms)
			EditorAssembliesLoaded (0ms)
		ExecutionOrderSort2 (0ms)
		AwakeInstancesAfterBackupRestoration (6ms)
WARNING: Shader Unsupported: 'Universal Render Pipeline/VR/SpatialMapping/Wireframe' - All subshaders removed
WARNING: Shader Did you use #pragma only_renderers and omit this platform?
WARNING: Shader If subshaders removal was intentional, you may have forgotten turning Fallback off?
WARNING: Shader Unsupported: 'Universal Render Pipeline/VR/SpatialMapping/Wireframe' - All subshaders removed
WARNING: Shader Did you use #pragma only_renderers and omit this platform?
WARNING: Shader If subshaders removal was intentional, you may have forgotten turning Fallback off?
Refreshing native plugins compatible for Editor in 0.49 ms, found 3 plugins.
Preloading 0 native plugins for Editor in 0.00 ms.
Unloading 27 Unused Serialized files (Serialized files now loaded: 0)
Unloading 6911 unused Assets / (6.0 MB). Loaded Objects now: 7868.
Memory consumption went from 157.0 MB to 151.1 MB.
Total: 6.278166 ms (FindLiveObjects: 0.338459 ms CreateObjectMapping: 0.230500 ms MarkObjects: 4.195416 ms  DeleteObjects: 1.513375 ms)

Prepare: number of updated asset objects reloaded= 0
========================================================================
Received Prepare
Begin MonoManager ReloadAssembly
Thread 0x16f183000 may have been prematurely finalized
- Loaded All Assemblies, in  0.469 seconds
Refreshing native plugins compatible for Editor in 0.40 ms, found 3 plugins.
Native extension for OSXStandalone target not found
Native extension for WebGL target not found
[Package Manager] Failed to launch server process. Reason: Unity was launched with the -noUpm command-line argument
[Package Manager] Unable to send message (not connected to server process).
[Package Manager] Cannot connect to Unity Package Manager local server
Mono: successfully reloaded assembly
- Finished resetting the current domain, in  0.484 seconds
Domain Reload Profiling: 956ms
	BeginReloadAssembly (124ms)
		ExecutionOrderSort (0ms)
		DisableScriptedObjects (12ms)
		BackupInstance (0ms)
		ReleaseScriptingObjects (0ms)
		CreateAndSetChildDomain (40ms)
	RebuildCommonClasses (21ms)
	RebuildNativeTypeToScriptingClass (8ms)
	initialDomainReloadingComplete (12ms)
	LoadAllAssembliesAndSetupDomain (306ms)
		LoadAssemblies (215ms)
		RebuildTransferFunctionScriptingTraits (0ms)
		AnalyzeDomain (121ms)
			TypeCache.Refresh (10ms)
				TypeCache.ScanAssembly (0ms)
			BuildScriptInfoCaches (102ms)
			ResolveRequiredComponents (6ms)
	FinalizeReload (485ms)
		ReleaseScriptCaches (0ms)
		RebuildScriptCaches (0ms)
		SetupLoadedEditorAssemblies (405ms)
			LogAssemblyErrors (0ms)
			InitializePlatformSupportModulesInManaged (1ms)
			SetLoadedEditorAssemblies (2ms)
			BeforeProcessingInitializeOnLoad (87ms)
			ProcessInitializeOnLoadAttributes (283ms)
			ProcessInitializeOnLoadMethodAttributes (31ms)
			AfterProcessingInitializeOnLoad (1ms)
			EditorAssembliesLoaded (0ms)
		ExecutionOrderSort2 (0ms)
		AwakeInstancesAfterBackupRestoration (6ms)
WARNING: Shader Unsupported: 'Universal Render Pipeline/VR/SpatialMapping/Wireframe' - All subshaders removed
WARNING: Shader Did you use #pragma only_renderers and omit this platform?
WARNING: Shader If subshaders removal was intentional, you may have forgotten turning Fallback off?
WARNING: Shader Unsupported: 'Universal Render Pipeline/VR/SpatialMapping/Wireframe' - All subshaders removed
WARNING: Shader Did you use #pragma only_renderers and omit this platform?
WARNING: Shader If subshaders removal was intentional, you may have forgotten turning Fallback off?
Refreshing native plugins compatible for Editor in 0.51 ms, found 3 plugins.
Preloading 0 native plugins for Editor in 0.00 ms.
Unloading 27 Unused Serialized files (Serialized files now loaded: 0)
Unloading 6911 unused Assets / (5.7 MB). Loaded Objects now: 7871.
Memory consumption went from 157.1 MB to 151.3 MB.
Total: 5.884583 ms (FindLiveObjects: 0.288000 ms CreateObjectMapping: 0.212125 ms MarkObjects: 3.897834 ms  DeleteObjects: 1.486333 ms)

Prepare: number of updated asset objects reloaded= 0
========================================================================
Received Prepare
WARNING: Shader Unsupported: 'Universal Render Pipeline/VR/SpatialMapping/Wireframe' - All subshaders removed
WARNING: Shader Did you use #pragma only_renderers and omit this platform?
WARNING: Shader If subshaders removal was intentional, you may have forgotten turning Fallback off?
WARNING: Shader Unsupported: 'Universal Render Pipeline/VR/SpatialMapping/Wireframe' - All subshaders removed
WARNING: Shader Did you use #pragma only_renderers and omit this platform?
WARNING: Shader If subshaders removal was intentional, you may have forgotten turning Fallback off?
Refreshing native plugins compatible for Editor in 0.68 ms, found 3 plugins.
Preloading 0 native plugins for Editor in 0.00 ms.
Unloading 27 Unused Serialized files (Serialized files now loaded: 0)
Unloading 6900 unused Assets / (5.8 MB). Loaded Objects now: 7871.
Memory consumption went from 147.3 MB to 141.6 MB.
Total: 15.021209 ms (FindLiveObjects: 0.424125 ms CreateObjectMapping: 0.228250 ms MarkObjects: 12.695500 ms  DeleteObjects: 1.673042 ms)

Prepare: number of updated asset objects reloaded= 0
========================================================================
Received Prepare
Begin MonoManager ReloadAssembly
[Licensing::Client] Successfully resolved entitlement details
Thread 0x16f183000 may have been prematurely finalized
- Loaded All Assemblies, in  0.467 seconds
Refreshing native plugins compatible for Editor in 0.40 ms, found 3 plugins.
Native extension for OSXStandalone target not found
Native extension for WebGL target not found
[Package Manager] Failed to launch server process. Reason: Unity was launched with the -noUpm command-line argument
[Package Manager] Unable to send message (not connected to server process).
[Package Manager] Cannot connect to Unity Package Manager local server
Mono: successfully reloaded assembly
- Finished resetting the current domain, in  0.470 seconds
Domain Reload Profiling: 940ms
	BeginReloadAssembly (135ms)
		ExecutionOrderSort (0ms)
		DisableScriptedObjects (11ms)
		BackupInstance (0ms)
		ReleaseScriptingObjects (0ms)
		CreateAndSetChildDomain (41ms)
	RebuildCommonClasses (22ms)
	RebuildNativeTypeToScriptingClass (9ms)
	initialDomainReloadingComplete (14ms)
	LoadAllAssembliesAndSetupDomain (289ms)
		LoadAssemblies (207ms)
		RebuildTransferFunctionScriptingTraits (0ms)
		AnalyzeDomain (124ms)
			TypeCache.Refresh (11ms)
				TypeCache.ScanAssembly (0ms)
			BuildScriptInfoCaches (105ms)
			ResolveRequiredComponents (6ms)
	FinalizeReload (470ms)
		ReleaseScriptCaches (0ms)
		RebuildScriptCaches (0ms)
		SetupLoadedEditorAssemblies (390ms)
			LogAssemblyErrors (0ms)
			InitializePlatformSupportModulesInManaged (1ms)
			SetLoadedEditorAssemblies (2ms)
			BeforeProcessingInitializeOnLoad (83ms)
			ProcessInitializeOnLoadAttributes (272ms)
			ProcessInitializeOnLoadMethodAttributes (29ms)
			AfterProcessingInitializeOnLoad (1ms)
			EditorAssembliesLoaded (0ms)
		ExecutionOrderSort2 (0ms)
		AwakeInstancesAfterBackupRestoration (6ms)
WARNING: Shader Unsupported: 'Universal Render Pipeline/VR/SpatialMapping/Wireframe' - All subshaders removed
WARNING: Shader Did you use #pragma only_renderers and omit this platform?
WARNING: Shader If subshaders removal was intentional, you may have forgotten turning Fallback off?
WARNING: Shader Unsupported: 'Universal Render Pipeline/VR/SpatialMapping/Wireframe' - All subshaders removed
WARNING: Shader Did you use #pragma only_renderers and omit this platform?
WARNING: Shader If subshaders removal was intentional, you may have forgotten turning Fallback off?
Refreshing native plugins compatible for Editor in 0.66 ms, found 3 plugins.
Preloading 0 native plugins for Editor in 0.00 ms.
Unloading 27 Unused Serialized files (Serialized files now loaded: 0)
Unloading 6911 unused Assets / (5.7 MB). Loaded Objects now: 7874.
Memory consumption went from 156.9 MB to 151.2 MB.
Total: 5.955375 ms (FindLiveObjects: 0.304167 ms CreateObjectMapping: 0.218542 ms MarkObjects: 3.911292 ms  DeleteObjects: 1.520958 ms)

Prepare: number of updated asset objects reloaded= 0
========================================================================
Received Prepare
WARNING: Shader Unsupported: 'Universal Render Pipeline/VR/SpatialMapping/Wireframe' - All subshaders removed
WARNING: Shader Did you use #pragma only_renderers and omit this platform?
WARNING: Shader If subshaders removal was intentional, you may have forgotten turning Fallback off?
WARNING: Shader Unsupported: 'Universal Render Pipeline/VR/SpatialMapping/Wireframe' - All subshaders removed
WARNING: Shader Did you use #pragma only_renderers and omit this platform?
WARNING: Shader If subshaders removal was intentional, you may have forgotten turning Fallback off?
Refreshing native plugins compatible for Editor in 3.43 ms, found 3 plugins.
Preloading 0 native plugins for Editor in 0.00 ms.
Unloading 27 Unused Serialized files (Serialized files now loaded: 0)
Unloading 27 unused Assets / (3.3 MB). Loaded Objects now: 7874.
Memory consumption went from 143.4 MB to 140.1 MB.
Total: 5.040125 ms (FindLiveObjects: 0.225291 ms CreateObjectMapping: 0.114792 ms MarkObjects: 4.344167 ms  DeleteObjects: 0.355583 ms)

Prepare: number of updated asset objects reloaded= 228
========================================================================
Received Prepare
WARNING: Shader Unsupported: 'Universal Render Pipeline/VR/SpatialMapping/Wireframe' - All subshaders removed
WARNING: Shader Did you use #pragma only_renderers and omit this platform?
WARNING: Shader If subshaders removal was intentional, you may have forgotten turning Fallback off?
WARNING: Shader Unsupported: 'Universal Render Pipeline/VR/SpatialMapping/Wireframe' - All subshaders removed
WARNING: Shader Did you use #pragma only_renderers and omit this platform?
WARNING: Shader If subshaders removal was intentional, you may have forgotten turning Fallback off?
Refreshing native plugins compatible for Editor in 0.48 ms, found 3 plugins.
Preloading 0 native plugins for Editor in 0.00 ms.
Unloading 27 Unused Serialized files (Serialized files now loaded: 0)
Unloading 27 unused Assets / (3.3 MB). Loaded Objects now: 7874.
Memory consumption went from 143.3 MB to 140.0 MB.
Total: 4.734750 ms (FindLiveObjects: 0.230416 ms CreateObjectMapping: 0.110917 ms MarkObjects: 4.071083 ms  DeleteObjects: 0.322084 ms)

Prepare: number of updated asset objects reloaded= 0
========================================================================
Received Prepare
Begin MonoManager ReloadAssembly
[Licensing::Client] Successfully resolved entitlement details
Thread 0x16f183000 may have been prematurely finalized
- Loaded All Assemblies, in  0.604 seconds
Refreshing native plugins compatible for Editor in 2.65 ms, found 3 plugins.
Native extension for OSXStandalone target not found
Native extension for WebGL target not found
[Package Manager] Failed to launch server process. Reason: Unity was launched with the -noUpm command-line argument
[Package Manager] Unable to send message (not connected to server process).
[Package Manager] Cannot connect to Unity Package Manager local server
Mono: successfully reloaded assembly
- Finished resetting the current domain, in  0.484 seconds
Domain Reload Profiling: 1090ms
	BeginReloadAssembly (181ms)
		ExecutionOrderSort (0ms)
		DisableScriptedObjects (19ms)
		BackupInstance (0ms)
		ReleaseScriptingObjects (0ms)
		CreateAndSetChildDomain (53ms)
	RebuildCommonClasses (23ms)
	RebuildNativeTypeToScriptingClass (9ms)
	initialDomainReloadingComplete (18ms)
	LoadAllAssembliesAndSetupDomain (375ms)
		LoadAssemblies (266ms)
		RebuildTransferFunctionScriptingTraits (0ms)
		AnalyzeDomain (169ms)
			TypeCache.Refresh (95ms)
				TypeCache.ScanAssembly (80ms)
			BuildScriptInfoCaches (65ms)
			ResolveRequiredComponents (6ms)
	FinalizeReload (484ms)
		ReleaseScriptCaches (0ms)
		RebuildScriptCaches (0ms)
		SetupLoadedEditorAssemblies (400ms)
			LogAssemblyErrors (0ms)
			InitializePlatformSupportModulesInManaged (1ms)
			SetLoadedEditorAssemblies (2ms)
			BeforeProcessingInitializeOnLoad (90ms)
			ProcessInitializeOnLoadAttributes (275ms)
			ProcessInitializeOnLoadMethodAttributes (30ms)
			AfterProcessingInitializeOnLoad (1ms)
			EditorAssembliesLoaded (0ms)
		ExecutionOrderSort2 (0ms)
		AwakeInstancesAfterBackupRestoration (6ms)
WARNING: Shader Unsupported: 'Universal Render Pipeline/VR/SpatialMapping/Wireframe' - All subshaders removed
WARNING: Shader Did you use #pragma only_renderers and omit this platform?
WARNING: Shader If subshaders removal was intentional, you may have forgotten turning Fallback off?
WARNING: Shader Unsupported: 'Universal Render Pipeline/VR/SpatialMapping/Wireframe' - All subshaders removed
WARNING: Shader Did you use #pragma only_renderers and omit this platform?
WARNING: Shader If subshaders removal was intentional, you may have forgotten turning Fallback off?
Refreshing native plugins compatible for Editor in 0.70 ms, found 3 plugins.
Preloading 0 native plugins for Editor in 0.00 ms.
Unloading 27 Unused Serialized files (Serialized files now loaded: 0)
Unloading 6911 unused Assets / (6.1 MB). Loaded Objects now: 7877.
Memory consumption went from 157.0 MB to 150.8 MB.
Total: 7.575083 ms (FindLiveObjects: 0.424292 ms CreateObjectMapping: 0.326000 ms MarkObjects: 4.982541 ms  DeleteObjects: 1.841625 ms)

Prepare: number of updated asset objects reloaded= 0
========================================================================
Received Import Request.
  Time since last request: 1522.509727 seconds.
  path: Assets/UniversalRenderPipelineGlobalSettings.asset
  artifactKey: Guid(93b439a37f63240aca3dd4e01d978a9f) Importer(815301076,1909f56bfc062723c751e8b465ee728b)
Start importing Assets/UniversalRenderPipelineGlobalSettings.asset using Guid(93b439a37f63240aca3dd4e01d978a9f) Importer(815301076,1909f56bfc062723c751e8b465ee728b) (PreviewImporter) -> (artifact id: '1f0b83c17bb210bf34ae188536b8f111') in 0.011132334 seconds
Number of updated asset objects reloaded before import = 0Number of asset objects unloaded after import = 0

========================================================================
Received Import Request.
  Time since last request: 2.047281 seconds.
  path: Assets/Resources
  artifactKey: Guid(62e670f23e87f47a38c0fbe30ccddcb5) Importer(815301076,1909f56bfc062723c751e8b465ee728b)
Start importing Assets/Resources using Guid(62e670f23e87f47a38c0fbe30ccddcb5) Importer(815301076,1909f56bfc062723c751e8b465ee728b) (PreviewImporter) -> (artifact id: 'ca871afe5a1040b5381e50aa63e34e1a') in 0.000301792 seconds
Number of updated asset objects reloaded before import = 0Number of asset objects unloaded after import = 0

========================================================================
Received Import Request.
  Time since last request: 5.677445 seconds.
  path: Assets/scripts/Player.cs
  artifactKey: Guid(497c821ed79954623a655b2d7ac9b8a3) Importer(2089858483,192608db42251d675da83286b1cce702)
Start importing Assets/scripts/Player.cs using Guid(497c821ed79954623a655b2d7ac9b8a3) Importer(2089858483,192608db42251d675da83286b1cce702) (ScriptedImporter) -> (artifact id: '02ef765493eb049cb767a26248ace5f1') in 0.099720041 seconds
Number of updated asset objects reloaded before import = 0Number of asset objects unloaded after import = 0

========================================================================
Received Import Request.
  Time since last request: 0.000030 seconds.
  path: Assets/TextMesh Pro/Resources/Fonts & Materials/LiberationSans SDF - Fallback.asset
  artifactKey: Guid(2e498d1c8094910479dc3e1b768306a4) Importer(2089858483,192608db42251d675da83286b1cce702)
Start importing Assets/TextMesh Pro/Resources/Fonts & Materials/LiberationSans SDF - Fallback.asset using Guid(2e498d1c8094910479dc3e1b768306a4) Importer(2089858483,192608db42251d675da83286b1cce702) (ScriptedImporter) -> (artifact id: 'bd989300a2090bc4b186df27e26156b6') in 0.037664375 seconds
Number of updated asset objects reloaded before import = 0Number of asset objects unloaded after import = 5

========================================================================
Received Import Request.
  Time since last request: 0.000025 seconds.
  path: Assets/UniversalRenderPipelineGlobalSettings.asset
  artifactKey: Guid(93b439a37f63240aca3dd4e01d978a9f) Importer(2089858483,192608db42251d675da83286b1cce702)
Start importing Assets/UniversalRenderPipelineGlobalSettings.asset using Guid(93b439a37f63240aca3dd4e01d978a9f) Importer(2089858483,192608db42251d675da83286b1cce702) (ScriptedImporter) -> (artifact id: '9740b3972a2050af47a405bd60e02847') in 0.049691416 seconds
Number of updated asset objects reloaded before import = 0Number of asset objects unloaded after import = 0

========================================================================
Received Import Request.
  Time since last request: 5.260844 seconds.
  path: Assets/Scenes/menu.unity
  artifactKey: Guid(64272842f2d344961ac755ce460723f2) Importer(815301076,1909f56bfc062723c751e8b465ee728b)
Start importing Assets/Scenes/menu.unity using Guid(64272842f2d344961ac755ce460723f2) Importer(815301076,1909f56bfc062723c751e8b465ee728b) (PreviewImporter) -> (artifact id: 'cdbce28ff24b0442ccd5c833fd8b03ef') in 0.000375583 seconds
Number of updated asset objects reloaded before import = 0Number of asset objects unloaded after import = 0

========================================================================
Received Import Request.
  Time since last request: 21.089685 seconds.
  path: Assets/Scenes/SampleScene.unity
  artifactKey: Guid(8c9cfa26abfee488c85f1582747f6a02) Importer(815301076,1909f56bfc062723c751e8b465ee728b)
Start importing Assets/Scenes/SampleScene.unity using Guid(8c9cfa26abfee488c85f1582747f6a02) Importer(815301076,1909f56bfc062723c751e8b465ee728b) (PreviewImporter) -> (artifact id: '59eb87c38024554d3fad34e15d0100cd') in 0.000759583 seconds
Number of updated asset objects reloaded before import = 0Number of asset objects unloaded after import = 0

========================================================================
Received Prepare
Begin MonoManager ReloadAssembly
[Licensing::Client] Successfully resolved entitlement details
Thread 0x16f183000 may have been prematurely finalized
- Loaded All Assemblies, in  0.596 seconds
Refreshing native plugins compatible for Editor in 0.38 ms, found 3 plugins.
Native extension for OSXStandalone target not found
Native extension for WebGL target not found
[Package Manager] Failed to launch server process. Reason: Unity was launched with the -noUpm command-line argument
[Package Manager] Unable to send message (not connected to server process).
[Package Manager] Cannot connect to Unity Package Manager local server
Mono: successfully reloaded assembly
- Finished resetting the current domain, in  0.495 seconds
Domain Reload Profiling: 1095ms
	BeginReloadAssembly (194ms)
		ExecutionOrderSort (0ms)
		DisableScriptedObjects (19ms)
		BackupInstance (0ms)
		ReleaseScriptingObjects (2ms)
		CreateAndSetChildDomain (77ms)
	RebuildCommonClasses (29ms)
	RebuildNativeTypeToScriptingClass (14ms)
	initialDomainReloadingComplete (29ms)
	LoadAllAssembliesAndSetupDomain (333ms)
		LoadAssemblies (236ms)
		RebuildTransferFunctionScriptingTraits (0ms)
		AnalyzeDomain (137ms)
			TypeCache.Refresh (11ms)
				TypeCache.ScanAssembly (0ms)
			BuildScriptInfoCaches (118ms)
			ResolveRequiredComponents (6ms)
	FinalizeReload (496ms)
		ReleaseScriptCaches (0ms)
		RebuildScriptCaches (0ms)
		SetupLoadedEditorAssemblies (408ms)
			LogAssemblyErrors (0ms)
			InitializePlatformSupportModulesInManaged (2ms)
			SetLoadedEditorAssemblies (2ms)
			BeforeProcessingInitializeOnLoad (81ms)
			ProcessInitializeOnLoadAttributes (289ms)
			ProcessInitializeOnLoadMethodAttributes (32ms)
			AfterProcessingInitializeOnLoad (1ms)
			EditorAssembliesLoaded (0ms)
		ExecutionOrderSort2 (0ms)
		AwakeInstancesAfterBackupRestoration (6ms)
WARNING: Shader Unsupported: 'Universal Render Pipeline/VR/SpatialMapping/Wireframe' - All subshaders removed
WARNING: Shader Did you use #pragma only_renderers and omit this platform?
WARNING: Shader If subshaders removal was intentional, you may have forgotten turning Fallback off?
WARNING: Shader Unsupported: 'Universal Render Pipeline/VR/SpatialMapping/Wireframe' - All subshaders removed
WARNING: Shader Did you use #pragma only_renderers and omit this platform?
WARNING: Shader If subshaders removal was intentional, you may have forgotten turning Fallback off?
Refreshing native plugins compatible for Editor in 0.49 ms, found 3 plugins.
Preloading 0 native plugins for Editor in 0.00 ms.
Unloading 27 Unused Serialized files (Serialized files now loaded: 0)
Unloading 6912 unused Assets / (6.0 MB). Loaded Objects now: 7880.
Memory consumption went from 157.0 MB to 151.0 MB.
Total: 6.260125 ms (FindLiveObjects: 0.333583 ms CreateObjectMapping: 0.209750 ms MarkObjects: 4.270583 ms  DeleteObjects: 1.445791 ms)

Prepare: number of updated asset objects reloaded= 0
========================================================================
Received Prepare
Begin MonoManager ReloadAssembly
Thread 0x16f183000 may have been prematurely finalized
- Loaded All Assemblies, in  0.435 seconds
Refreshing native plugins compatible for Editor in 0.43 ms, found 3 plugins.
Native extension for OSXStandalone target not found
Native extension for WebGL target not found
[Package Manager] Failed to launch server process. Reason: Unity was launched with the -noUpm command-line argument
[Package Manager] Unable to send message (not connected to server process).
[Package Manager] Cannot connect to Unity Package Manager local server
Mono: successfully reloaded assembly
- Finished resetting the current domain, in  0.508 seconds
Domain Reload Profiling: 946ms
	BeginReloadAssembly (103ms)
		ExecutionOrderSort (0ms)
		DisableScriptedObjects (8ms)
		BackupInstance (0ms)
		ReleaseScriptingObjects (0ms)
		CreateAndSetChildDomain (28ms)
	RebuildCommonClasses (23ms)
	RebuildNativeTypeToScriptingClass (9ms)
	initialDomainReloadingComplete (12ms)
	LoadAllAssembliesAndSetupDomain (291ms)
		LoadAssemblies (186ms)
		RebuildTransferFunctionScriptingTraits (0ms)
		AnalyzeDomain (133ms)
			TypeCache.Refresh (12ms)
				TypeCache.ScanAssembly (0ms)
			BuildScriptInfoCaches (112ms)
			ResolveRequiredComponents (7ms)
	FinalizeReload (508ms)
		ReleaseScriptCaches (0ms)
		RebuildScriptCaches (0ms)
		SetupLoadedEditorAssemblies (418ms)
			LogAssemblyErrors (0ms)
			InitializePlatformSupportModulesInManaged (2ms)
			SetLoadedEditorAssemblies (2ms)
			BeforeProcessingInitializeOnLoad (84ms)
			ProcessInitializeOnLoadAttributes (298ms)
			ProcessInitializeOnLoadMethodAttributes (31ms)
			AfterProcessingInitializeOnLoad (1ms)
			EditorAssembliesLoaded (0ms)
		ExecutionOrderSort2 (0ms)
		AwakeInstancesAfterBackupRestoration (7ms)
WARNING: Shader Unsupported: 'Universal Render Pipeline/VR/SpatialMapping/Wireframe' - All subshaders removed
WARNING: Shader Did you use #pragma only_renderers and omit this platform?
WARNING: Shader If subshaders removal was intentional, you may have forgotten turning Fallback off?
WARNING: Shader Unsupported: 'Universal Render Pipeline/VR/SpatialMapping/Wireframe' - All subshaders removed
WARNING: Shader Did you use #pragma only_renderers and omit this platform?
WARNING: Shader If subshaders removal was intentional, you may have forgotten turning Fallback off?
Refreshing native plugins compatible for Editor in 0.48 ms, found 3 plugins.
Preloading 0 native plugins for Editor in 0.00 ms.
Unloading 27 Unused Serialized files (Serialized files now loaded: 0)
Unloading 6911 unused Assets / (5.9 MB). Loaded Objects now: 7883.
Memory consumption went from 156.9 MB to 151.0 MB.
Total: 6.310500 ms (FindLiveObjects: 0.377209 ms CreateObjectMapping: 0.224791 ms MarkObjects: 4.234167 ms  DeleteObjects: 1.473791 ms)

Prepare: number of updated asset objects reloaded= 0
========================================================================
Received Import Request.
  Time since last request: 1269.383819 seconds.
  path: Assets/scripts/menu.cs
  artifactKey: Guid(017688ee0ec0b43e3a2d991e60a405c8) Importer(2089858483,192608db42251d675da83286b1cce702)
Start importing Assets/scripts/menu.cs using Guid(017688ee0ec0b43e3a2d991e60a405c8) Importer(2089858483,192608db42251d675da83286b1cce702) (ScriptedImporter) -> (artifact id: '2b554005ea40a8337f203c40b94f3444') in 0.131218667 seconds
Number of updated asset objects reloaded before import = 0Number of asset objects unloaded after import = 0

========================================================================
Received Prepare
Begin MonoManager ReloadAssembly
[Licensing::Client] Successfully resolved entitlement details
Thread 0x16f183000 may have been prematurely finalized
- Loaded All Assemblies, in  0.469 seconds
Refreshing native plugins compatible for Editor in 0.54 ms, found 3 plugins.
Native extension for OSXStandalone target not found
Native extension for WebGL target not found
[Package Manager] Failed to launch server process. Reason: Unity was launched with the -noUpm command-line argument
[Package Manager] Unable to send message (not connected to server process).
[Package Manager] Cannot connect to Unity Package Manager local server
Mono: successfully reloaded assembly
- Finished resetting the current domain, in  0.507 seconds
Domain Reload Profiling: 979ms
	BeginReloadAssembly (133ms)
		ExecutionOrderSort (0ms)
		DisableScriptedObjects (8ms)
		BackupInstance (0ms)
		ReleaseScriptingObjects (0ms)
		CreateAndSetChildDomain (46ms)
	RebuildCommonClasses (23ms)
	RebuildNativeTypeToScriptingClass (9ms)
	initialDomainReloadingComplete (14ms)
	LoadAllAssembliesAndSetupDomain (293ms)
		LoadAssemblies (197ms)
		RebuildTransferFunctionScriptingTraits (0ms)
		AnalyzeDomain (137ms)
			TypeCache.Refresh (9ms)
				TypeCache.ScanAssembly (0ms)
			BuildScriptInfoCaches (118ms)
			ResolveRequiredComponents (7ms)
	FinalizeReload (507ms)
		ReleaseScriptCaches (0ms)
		RebuildScriptCaches (0ms)
		SetupLoadedEditorAssemblies (416ms)
			LogAssemblyErrors (0ms)
			InitializePlatformSupportModulesInManaged (1ms)
			SetLoadedEditorAssemblies (2ms)
			BeforeProcessingInitializeOnLoad (88ms)
			ProcessInitializeOnLoadAttributes (291ms)
			ProcessInitializeOnLoadMethodAttributes (32ms)
			AfterProcessingInitializeOnLoad (0ms)
			EditorAssembliesLoaded (0ms)
		ExecutionOrderSort2 (0ms)
		AwakeInstancesAfterBackupRestoration (6ms)
WARNING: Shader Unsupported: 'Universal Render Pipeline/VR/SpatialMapping/Wireframe' - All subshaders removed
WARNING: Shader Did you use #pragma only_renderers and omit this platform?
WARNING: Shader If subshaders removal was intentional, you may have forgotten turning Fallback off?
WARNING: Shader Unsupported: 'Universal Render Pipeline/VR/SpatialMapping/Wireframe' - All subshaders removed
WARNING: Shader Did you use #pragma only_renderers and omit this platform?
WARNING: Shader If subshaders removal was intentional, you may have forgotten turning Fallback off?
Refreshing native plugins compatible for Editor in 0.48 ms, found 3 plugins.
Preloading 0 native plugins for Editor in 0.00 ms.
Unloading 27 Unused Serialized files (Serialized files now loaded: 0)
Unloading 6911 unused Assets / (6.0 MB). Loaded Objects now: 7886.
Memory consumption went from 156.9 MB to 151.0 MB.
Total: 6.318250 ms (FindLiveObjects: 0.330375 ms CreateObjectMapping: 0.219834 ms MarkObjects: 4.249625 ms  DeleteObjects: 1.518083 ms)

Prepare: number of updated asset objects reloaded= 0
========================================================================
Received Import Request.
  Time since last request: 449.575763 seconds.
  path: Assets/Scenes/menu.unity
  artifactKey: Guid(64272842f2d344961ac755ce460723f2) Importer(815301076,1909f56bfc062723c751e8b465ee728b)
Start importing Assets/Scenes/menu.unity using Guid(64272842f2d344961ac755ce460723f2) Importer(815301076,1909f56bfc062723c751e8b465ee728b) (PreviewImporter) -> (artifact id: '4a9d5269b9e3a6f9edf4e24f1942ffde') in 0.001199416 seconds
Number of updated asset objects reloaded before import = 0Number of asset objects unloaded after import = 0

========================================================================
Received Prepare
Begin MonoManager ReloadAssembly
[Licensing::Client] Successfully resolved entitlement details
Thread 0x16f183000 may have been prematurely finalized
- Loaded All Assemblies, in  0.502 seconds
Refreshing native plugins compatible for Editor in 0.36 ms, found 3 plugins.
Native extension for OSXStandalone target not found
Native extension for WebGL target not found
[Package Manager] Failed to launch server process. Reason: Unity was launched with the -noUpm command-line argument
[Package Manager] Unable to send message (not connected to server process).
[Package Manager] Cannot connect to Unity Package Manager local server
Mono: successfully reloaded assembly
- Finished resetting the current domain, in  0.497 seconds
Domain Reload Profiling: 1003ms
	BeginReloadAssembly (173ms)
		ExecutionOrderSort (0ms)
		DisableScriptedObjects (16ms)
		BackupInstance (0ms)
		ReleaseScriptingObjects (1ms)
		CreateAndSetChildDomain (57ms)
	RebuildCommonClasses (23ms)
	RebuildNativeTypeToScriptingClass (9ms)
	initialDomainReloadingComplete (16ms)
	LoadAllAssembliesAndSetupDomain (284ms)
		LoadAssemblies (199ms)
		RebuildTransferFunctionScriptingTraits (0ms)
		AnalyzeDomain (130ms)
			TypeCache.Refresh (8ms)
				TypeCache.ScanAssembly (0ms)
			BuildScriptInfoCaches (112ms)
			ResolveRequiredComponents (7ms)
	FinalizeReload (498ms)
		ReleaseScriptCaches (0ms)
		RebuildScriptCaches (0ms)
		SetupLoadedEditorAssemblies (409ms)
			LogAssemblyErrors (0ms)
			InitializePlatformSupportModulesInManaged (1ms)
			SetLoadedEditorAssemblies (2ms)
			BeforeProcessingInitializeOnLoad (85ms)
			ProcessInitializeOnLoadAttributes (288ms)
			ProcessInitializeOnLoadMethodAttributes (31ms)
			AfterProcessingInitializeOnLoad (1ms)
			EditorAssembliesLoaded (0ms)
		ExecutionOrderSort2 (0ms)
		AwakeInstancesAfterBackupRestoration (7ms)
WARNING: Shader Unsupported: 'Universal Render Pipeline/VR/SpatialMapping/Wireframe' - All subshaders removed
WARNING: Shader Did you use #pragma only_renderers and omit this platform?
WARNING: Shader If subshaders removal was intentional, you may have forgotten turning Fallback off?
WARNING: Shader Unsupported: 'Universal Render Pipeline/VR/SpatialMapping/Wireframe' - All subshaders removed
WARNING: Shader Did you use #pragma only_renderers and omit this platform?
WARNING: Shader If subshaders removal was intentional, you may have forgotten turning Fallback off?
Refreshing native plugins compatible for Editor in 0.59 ms, found 3 plugins.
Preloading 0 native plugins for Editor in 0.00 ms.
Unloading 27 Unused Serialized files (Serialized files now loaded: 0)
Unloading 6911 unused Assets / (6.4 MB). Loaded Objects now: 7889.
Memory consumption went from 156.9 MB to 150.5 MB.
Total: 7.413583 ms (FindLiveObjects: 0.349459 ms CreateObjectMapping: 0.282333 ms MarkObjects: 4.597000 ms  DeleteObjects: 2.184458 ms)

Prepare: number of updated asset objects reloaded= 0
========================================================================
Received Prepare
Begin MonoManager ReloadAssembly
Thread 0x16f183000 may have been prematurely finalized
- Loaded All Assemblies, in  0.399 seconds
Refreshing native plugins compatible for Editor in 0.39 ms, found 3 plugins.
Native extension for OSXStandalone target not found
Native extension for WebGL target not found
[Package Manager] Failed to launch server process. Reason: Unity was launched with the -noUpm command-line argument
[Package Manager] Unable to send message (not connected to server process).
[Package Manager] Cannot connect to Unity Package Manager local server
Mono: successfully reloaded assembly
- Finished resetting the current domain, in  0.485 seconds
Domain Reload Profiling: 888ms
	BeginReloadAssembly (103ms)
		ExecutionOrderSort (0ms)
		DisableScriptedObjects (7ms)
		BackupInstance (0ms)
		ReleaseScriptingObjects (0ms)
		CreateAndSetChildDomain (28ms)
	RebuildCommonClasses (24ms)
	RebuildNativeTypeToScriptingClass (9ms)
	initialDomainReloadingComplete (13ms)
	LoadAllAssembliesAndSetupDomain (253ms)
		LoadAssemblies (159ms)
		RebuildTransferFunctionScriptingTraits (0ms)
		AnalyzeDomain (124ms)
			TypeCache.Refresh (7ms)
				TypeCache.ScanAssembly (0ms)
			BuildScriptInfoCaches (108ms)
			ResolveRequiredComponents (6ms)
	FinalizeReload (486ms)
		ReleaseScriptCaches (0ms)
		RebuildScriptCaches (0ms)
		SetupLoadedEditorAssemblies (399ms)
			LogAssemblyErrors (0ms)
			InitializePlatformSupportModulesInManaged (1ms)
			SetLoadedEditorAssemblies (2ms)
			BeforeProcessingInitializeOnLoad (79ms)
			ProcessInitializeOnLoadAttributes (284ms)
			ProcessInitializeOnLoadMethodAttributes (31ms)
			AfterProcessingInitializeOnLoad (1ms)
			EditorAssembliesLoaded (0ms)
		ExecutionOrderSort2 (0ms)
		AwakeInstancesAfterBackupRestoration (7ms)
WARNING: Shader Unsupported: 'Universal Render Pipeline/VR/SpatialMapping/Wireframe' - All subshaders removed
WARNING: Shader Did you use #pragma only_renderers and omit this platform?
WARNING: Shader If subshaders removal was intentional, you may have forgotten turning Fallback off?
WARNING: Shader Unsupported: 'Universal Render Pipeline/VR/SpatialMapping/Wireframe' - All subshaders removed
WARNING: Shader Did you use #pragma only_renderers and omit this platform?
WARNING: Shader If subshaders removal was intentional, you may have forgotten turning Fallback off?
Refreshing native plugins compatible for Editor in 0.49 ms, found 3 plugins.
Preloading 0 native plugins for Editor in 0.00 ms.
Unloading 27 Unused Serialized files (Serialized files now loaded: 0)
Unloading 6911 unused Assets / (5.9 MB). Loaded Objects now: 7892.
Memory consumption went from 156.8 MB to 150.9 MB.
Total: 6.476000 ms (FindLiveObjects: 0.380792 ms CreateObjectMapping: 0.222583 ms MarkObjects: 4.399959 ms  DeleteObjects: 1.472125 ms)

Prepare: number of updated asset objects reloaded= 0
========================================================================
Received Prepare
Begin MonoManager ReloadAssembly
[Licensing::Client] Successfully resolved entitlement details
Thread 0x16f183000 may have been prematurely finalized
- Loaded All Assemblies, in  0.383 seconds
Refreshing native plugins compatible for Editor in 0.53 ms, found 3 plugins.
Native extension for OSXStandalone target not found
Native extension for WebGL target not found
[Package Manager] Failed to launch server process. Reason: Unity was launched with the -noUpm command-line argument
[Package Manager] Unable to send message (not connected to server process).
[Package Manager] Cannot connect to Unity Package Manager local server
Mono: successfully reloaded assembly
- Finished resetting the current domain, in  0.479 seconds
Domain Reload Profiling: 865ms
	BeginReloadAssembly (102ms)
		ExecutionOrderSort (0ms)
		DisableScriptedObjects (7ms)
		BackupInstance (0ms)
		ReleaseScriptingObjects (0ms)
		CreateAndSetChildDomain (27ms)
	RebuildCommonClasses (22ms)
	RebuildNativeTypeToScriptingClass (9ms)
	initialDomainReloadingComplete (12ms)
	LoadAllAssembliesAndSetupDomain (240ms)
		LoadAssemblies (151ms)
		RebuildTransferFunctionScriptingTraits (0ms)
		AnalyzeDomain (119ms)
			TypeCache.Refresh (6ms)
				TypeCache.ScanAssembly (0ms)
			BuildScriptInfoCaches (103ms)
			ResolveRequiredComponents (6ms)
	FinalizeReload (480ms)
		ReleaseScriptCaches (0ms)
		RebuildScriptCaches (0ms)
		SetupLoadedEditorAssemblies (391ms)
			LogAssemblyErrors (0ms)
			InitializePlatformSupportModulesInManaged (1ms)
			SetLoadedEditorAssemblies (2ms)
			BeforeProcessingInitializeOnLoad (86ms)
			ProcessInitializeOnLoadAttributes (269ms)
			ProcessInitializeOnLoadMethodAttributes (32ms)
			AfterProcessingInitializeOnLoad (1ms)
			EditorAssembliesLoaded (0ms)
		ExecutionOrderSort2 (0ms)
		AwakeInstancesAfterBackupRestoration (6ms)
WARNING: Shader Unsupported: 'Universal Render Pipeline/VR/SpatialMapping/Wireframe' - All subshaders removed
WARNING: Shader Did you use #pragma only_renderers and omit this platform?
WARNING: Shader If subshaders removal was intentional, you may have forgotten turning Fallback off?
WARNING: Shader Unsupported: 'Universal Render Pipeline/VR/SpatialMapping/Wireframe' - All subshaders removed
WARNING: Shader Did you use #pragma only_renderers and omit this platform?
WARNING: Shader If subshaders removal was intentional, you may have forgotten turning Fallback off?
Refreshing native plugins compatible for Editor in 0.65 ms, found 3 plugins.
Preloading 0 native plugins for Editor in 0.00 ms.
Unloading 27 Unused Serialized files (Serialized files now loaded: 0)
Unloading 6911 unused Assets / (6.0 MB). Loaded Objects now: 7895.
Memory consumption went from 156.8 MB to 150.9 MB.
Total: 6.286708 ms (FindLiveObjects: 0.398792 ms CreateObjectMapping: 0.266917 ms MarkObjects: 3.936833 ms  DeleteObjects: 1.683833 ms)

Prepare: number of updated asset objects reloaded= 0
========================================================================
Received Prepare
Begin MonoManager ReloadAssembly
Thread 0x16f183000 may have been prematurely finalized
- Loaded All Assemblies, in  0.409 seconds
Refreshing native plugins compatible for Editor in 0.40 ms, found 3 plugins.
Native extension for OSXStandalone target not found
Native extension for WebGL target not found
[Package Manager] Failed to launch server process. Reason: Unity was launched with the -noUpm command-line argument
[Package Manager] Unable to send message (not connected to server process).
[Package Manager] Cannot connect to Unity Package Manager local server
Mono: successfully reloaded assembly
- Finished resetting the current domain, in  0.473 seconds
Domain Reload Profiling: 885ms
	BeginReloadAssembly (102ms)
		ExecutionOrderSort (0ms)
		DisableScriptedObjects (7ms)
		BackupInstance (0ms)
		ReleaseScriptingObjects (0ms)
		CreateAndSetChildDomain (25ms)
	RebuildCommonClasses (23ms)
	RebuildNativeTypeToScriptingClass (9ms)
	initialDomainReloadingComplete (13ms)
	LoadAllAssembliesAndSetupDomain (264ms)
		LoadAssemblies (177ms)
		RebuildTransferFunctionScriptingTraits (0ms)
		AnalyzeDomain (119ms)
			TypeCache.Refresh (9ms)
				TypeCache.ScanAssembly (0ms)
			BuildScriptInfoCaches (102ms)
			ResolveRequiredComponents (6ms)
	FinalizeReload (473ms)
		ReleaseScriptCaches (0ms)
		RebuildScriptCaches (0ms)
		SetupLoadedEditorAssemblies (392ms)
			LogAssemblyErrors (0ms)
			InitializePlatformSupportModulesInManaged (1ms)
			SetLoadedEditorAssemblies (2ms)
			BeforeProcessingInitializeOnLoad (83ms)
			ProcessInitializeOnLoadAttributes (274ms)
			ProcessInitializeOnLoadMethodAttributes (31ms)
			AfterProcessingInitializeOnLoad (1ms)
			EditorAssembliesLoaded (0ms)
		ExecutionOrderSort2 (0ms)
		AwakeInstancesAfterBackupRestoration (6ms)
WARNING: Shader Unsupported: 'Universal Render Pipeline/VR/SpatialMapping/Wireframe' - All subshaders removed
WARNING: Shader Did you use #pragma only_renderers and omit this platform?
WARNING: Shader If subshaders removal was intentional, you may have forgotten turning Fallback off?
WARNING: Shader Unsupported: 'Universal Render Pipeline/VR/SpatialMapping/Wireframe' - All subshaders removed
WARNING: Shader Did you use #pragma only_renderers and omit this platform?
WARNING: Shader If subshaders removal was intentional, you may have forgotten turning Fallback off?
Refreshing native plugins compatible for Editor in 0.49 ms, found 3 plugins.
Preloading 0 native plugins for Editor in 0.00 ms.
Unloading 27 Unused Serialized files (Serialized files now loaded: 0)
Unloading 6911 unused Assets / (6.0 MB). Loaded Objects now: 7898.
Memory consumption went from 156.8 MB to 150.8 MB.
Total: 6.585459 ms (FindLiveObjects: 0.387709 ms CreateObjectMapping: 0.249000 ms MarkObjects: 4.413625 ms  DeleteObjects: 1.534625 ms)

Prepare: number of updated asset objects reloaded= 0
========================================================================
Received Prepare
Begin MonoManager ReloadAssembly
[Licensing::Client] Successfully resolved entitlement details
Thread 0x16f183000 may have been prematurely finalized
- Loaded All Assemblies, in  0.418 seconds
Refreshing native plugins compatible for Editor in 0.48 ms, found 3 plugins.
Native extension for OSXStandalone target not found
Native extension for WebGL target not found
[Package Manager] Failed to launch server process. Reason: Unity was launched with the -noUpm command-line argument
[Package Manager] Unable to send message (not connected to server process).
[Package Manager] Cannot connect to Unity Package Manager local server
Mono: successfully reloaded assembly
- Finished resetting the current domain, in  0.472 seconds
Domain Reload Profiling: 893ms
	BeginReloadAssembly (104ms)
		ExecutionOrderSort (0ms)
		DisableScriptedObjects (7ms)
		BackupInstance (0ms)
		ReleaseScriptingObjects (0ms)
		CreateAndSetChildDomain (28ms)
	RebuildCommonClasses (22ms)
	RebuildNativeTypeToScriptingClass (9ms)
	initialDomainReloadingComplete (12ms)
	LoadAllAssembliesAndSetupDomain (275ms)
		LoadAssemblies (187ms)
		RebuildTransferFunctionScriptingTraits (0ms)
		AnalyzeDomain (117ms)
			TypeCache.Refresh (8ms)
				TypeCache.ScanAssembly (0ms)
			BuildScriptInfoCaches (101ms)
			ResolveRequiredComponents (6ms)
	FinalizeReload (472ms)
		ReleaseScriptCaches (0ms)
		RebuildScriptCaches (0ms)
		SetupLoadedEditorAssemblies (391ms)
			LogAssemblyErrors (0ms)
			InitializePlatformSupportModulesInManaged (1ms)
			SetLoadedEditorAssemblies (2ms)
			BeforeProcessingInitializeOnLoad (85ms)
			ProcessInitializeOnLoadAttributes (269ms)
			ProcessInitializeOnLoadMethodAttributes (30ms)
			AfterProcessingInitializeOnLoad (3ms)
			EditorAssembliesLoaded (0ms)
		ExecutionOrderSort2 (0ms)
		AwakeInstancesAfterBackupRestoration (6ms)
WARNING: Shader Unsupported: 'Universal Render Pipeline/VR/SpatialMapping/Wireframe' - All subshaders removed
WARNING: Shader Did you use #pragma only_renderers and omit this platform?
WARNING: Shader If subshaders removal was intentional, you may have forgotten turning Fallback off?
WARNING: Shader Unsupported: 'Universal Render Pipeline/VR/SpatialMapping/Wireframe' - All subshaders removed
WARNING: Shader Did you use #pragma only_renderers and omit this platform?
WARNING: Shader If subshaders removal was intentional, you may have forgotten turning Fallback off?
Refreshing native plugins compatible for Editor in 0.48 ms, found 3 plugins.
Preloading 0 native plugins for Editor in 0.00 ms.
Unloading 27 Unused Serialized files (Serialized files now loaded: 0)
Unloading 6911 unused Assets / (6.2 MB). Loaded Objects now: 7901.
Memory consumption went from 156.9 MB to 150.8 MB.
Total: 6.359500 ms (FindLiveObjects: 0.316958 ms CreateObjectMapping: 0.220208 ms MarkObjects: 4.136500 ms  DeleteObjects: 1.685334 ms)

Prepare: number of updated asset objects reloaded= 0
========================================================================
Received Import Request.
  Time since last request: 1126.858684 seconds.
  path: Assets/Scenes/SampleScene.unity
  artifactKey: Guid(8c9cfa26abfee488c85f1582747f6a02) Importer(2089858483,192608db42251d675da83286b1cce702)
Start importing Assets/Scenes/SampleScene.unity using Guid(8c9cfa26abfee488c85f1582747f6a02) Importer(2089858483,192608db42251d675da83286b1cce702) (ScriptedImporter) -> (artifact id: '47cdb56a4284e6e7d53cb5afbe260953') in 0.091860875 seconds
Number of updated asset objects reloaded before import = 0Number of asset objects unloaded after import = 1

========================================================================
Received Prepare
Begin MonoManager ReloadAssembly
[Licensing::Client] Successfully resolved entitlement details
Thread 0x16f183000 may have been prematurely finalized
- Loaded All Assemblies, in  0.456 seconds
Refreshing native plugins compatible for Editor in 0.40 ms, found 3 plugins.
Native extension for OSXStandalone target not found
Native extension for WebGL target not found
[Package Manager] Failed to launch server process. Reason: Unity was launched with the -noUpm command-line argument
[Package Manager] Unable to send message (not connected to server process).
[Package Manager] Cannot connect to Unity Package Manager local server
Mono: successfully reloaded assembly
- Finished resetting the current domain, in  0.486 seconds
Domain Reload Profiling: 945ms
	BeginReloadAssembly (133ms)
		ExecutionOrderSort (0ms)
		DisableScriptedObjects (10ms)
		BackupInstance (0ms)
		ReleaseScriptingObjects (0ms)
		CreateAndSetChildDomain (46ms)
	RebuildCommonClasses (21ms)
	RebuildNativeTypeToScriptingClass (8ms)
	initialDomainReloadingComplete (19ms)
	LoadAllAssembliesAndSetupDomain (278ms)
		LoadAssemblies (190ms)
		RebuildTransferFunctionScriptingTraits (0ms)
		AnalyzeDomain (126ms)
			TypeCache.Refresh (9ms)
				TypeCache.ScanAssembly (0ms)
			BuildScriptInfoCaches (108ms)
			ResolveRequiredComponents (6ms)
	FinalizeReload (486ms)
		ReleaseScriptCaches (0ms)
		RebuildScriptCaches (0ms)
		SetupLoadedEditorAssemblies (399ms)
			LogAssemblyErrors (0ms)
			InitializePlatformSupportModulesInManaged (1ms)
			SetLoadedEditorAssemblies (2ms)
			BeforeProcessingInitializeOnLoad (85ms)
			ProcessInitializeOnLoadAttributes (280ms)
			ProcessInitializeOnLoadMethodAttributes (30ms)
			AfterProcessingInitializeOnLoad (1ms)
			EditorAssembliesLoaded (0ms)
		ExecutionOrderSort2 (0ms)
		AwakeInstancesAfterBackupRestoration (8ms)
WARNING: Shader Unsupported: 'Universal Render Pipeline/VR/SpatialMapping/Wireframe' - All subshaders removed
WARNING: Shader Did you use #pragma only_renderers and omit this platform?
WARNING: Shader If subshaders removal was intentional, you may have forgotten turning Fallback off?
WARNING: Shader Unsupported: 'Universal Render Pipeline/VR/SpatialMapping/Wireframe' - All subshaders removed
WARNING: Shader Did you use #pragma only_renderers and omit this platform?
WARNING: Shader If subshaders removal was intentional, you may have forgotten turning Fallback off?
Refreshing native plugins compatible for Editor in 0.50 ms, found 3 plugins.
Preloading 0 native plugins for Editor in 0.00 ms.
Unloading 27 Unused Serialized files (Serialized files now loaded: 0)
Unloading 6911 unused Assets / (6.3 MB). Loaded Objects now: 7904.
Memory consumption went from 157.0 MB to 150.7 MB.
Total: 6.392083 ms (FindLiveObjects: 0.311250 ms CreateObjectMapping: 0.223833 ms MarkObjects: 4.228167 ms  DeleteObjects: 1.628417 ms)

Prepare: number of updated asset objects reloaded= 0
========================================================================
Received Prepare
Begin MonoManager ReloadAssembly
Thread 0x16f183000 may have been prematurely finalized
- Loaded All Assemblies, in  0.402 seconds
Refreshing native plugins compatible for Editor in 0.42 ms, found 3 plugins.
Native extension for OSXStandalone target not found
Native extension for WebGL target not found
[Package Manager] Failed to launch server process. Reason: Unity was launched with the -noUpm command-line argument
[Package Manager] Unable to send message (not connected to server process).
[Package Manager] Cannot connect to Unity Package Manager local server
Mono: successfully reloaded assembly
- Finished resetting the current domain, in  0.476 seconds
Domain Reload Profiling: 881ms
	BeginReloadAssembly (100ms)
		ExecutionOrderSort (0ms)
		DisableScriptedObjects (7ms)
		BackupInstance (0ms)
		ReleaseScriptingObjects (0ms)
		CreateAndSetChildDomain (28ms)
	RebuildCommonClasses (21ms)
	RebuildNativeTypeToScriptingClass (8ms)
	initialDomainReloadingComplete (12ms)
	LoadAllAssembliesAndSetupDomain (264ms)
		LoadAssemblies (178ms)
		RebuildTransferFunctionScriptingTraits (0ms)
		AnalyzeDomain (114ms)
			TypeCache.Refresh (8ms)
				TypeCache.ScanAssembly (0ms)
			BuildScriptInfoCaches (99ms)
			ResolveRequiredComponents (6ms)
	FinalizeReload (476ms)
		ReleaseScriptCaches (0ms)
		RebuildScriptCaches (0ms)
		SetupLoadedEditorAssemblies (397ms)
			LogAssemblyErrors (0ms)
			InitializePlatformSupportModulesInManaged (1ms)
			SetLoadedEditorAssemblies (2ms)
			BeforeProcessingInitializeOnLoad (85ms)
			ProcessInitializeOnLoadAttributes (277ms)
			ProcessInitializeOnLoadMethodAttributes (31ms)
			AfterProcessingInitializeOnLoad (1ms)
			EditorAssembliesLoaded (0ms)
		ExecutionOrderSort2 (0ms)
		AwakeInstancesAfterBackupRestoration (6ms)
WARNING: Shader Unsupported: 'Universal Render Pipeline/VR/SpatialMapping/Wireframe' - All subshaders removed
WARNING: Shader Did you use #pragma only_renderers and omit this platform?
WARNING: Shader If subshaders removal was intentional, you may have forgotten turning Fallback off?
WARNING: Shader Unsupported: 'Universal Render Pipeline/VR/SpatialMapping/Wireframe' - All subshaders removed
WARNING: Shader Did you use #pragma only_renderers and omit this platform?
WARNING: Shader If subshaders removal was intentional, you may have forgotten turning Fallback off?
Refreshing native plugins compatible for Editor in 0.48 ms, found 3 plugins.
Preloading 0 native plugins for Editor in 0.00 ms.
Unloading 27 Unused Serialized files (Serialized files now loaded: 0)
Unloading 6911 unused Assets / (6.0 MB). Loaded Objects now: 7907.
Memory consumption went from 156.9 MB to 150.9 MB.
Total: 6.275291 ms (FindLiveObjects: 0.355625 ms CreateObjectMapping: 0.229208 ms MarkObjects: 4.200834 ms  DeleteObjects: 1.489084 ms)

Prepare: number of updated asset objects reloaded= 0
========================================================================
Received Prepare
Begin MonoManager ReloadAssembly
Thread 0x16f183000 may have been prematurely finalized
- Loaded All Assemblies, in  0.388 seconds
Refreshing native plugins compatible for Editor in 0.39 ms, found 3 plugins.
Native extension for OSXStandalone target not found
Native extension for WebGL target not found
[Package Manager] Failed to launch server process. Reason: Unity was launched with the -noUpm command-line argument
[Package Manager] Unable to send message (not connected to server process).
[Package Manager] Cannot connect to Unity Package Manager local server
Mono: successfully reloaded assembly
- Finished resetting the current domain, in  0.472 seconds
Domain Reload Profiling: 862ms
	BeginReloadAssembly (98ms)
		ExecutionOrderSort (0ms)
		DisableScriptedObjects (7ms)
		BackupInstance (0ms)
		ReleaseScriptingObjects (0ms)
		CreateAndSetChildDomain (28ms)
	RebuildCommonClasses (21ms)
	RebuildNativeTypeToScriptingClass (8ms)
	initialDomainReloadingComplete (12ms)
	LoadAllAssembliesAndSetupDomain (251ms)
		LoadAssemblies (165ms)
		RebuildTransferFunctionScriptingTraits (0ms)
		AnalyzeDomain (114ms)
			TypeCache.Refresh (6ms)
				TypeCache.ScanAssembly (0ms)
			BuildScriptInfoCaches (98ms)
			ResolveRequiredComponents (6ms)
	FinalizeReload (472ms)
		ReleaseScriptCaches (0ms)
		RebuildScriptCaches (0ms)
		SetupLoadedEditorAssemblies (391ms)
			LogAssemblyErrors (0ms)
			InitializePlatformSupportModulesInManaged (1ms)
			SetLoadedEditorAssemblies (2ms)
			BeforeProcessingInitializeOnLoad (86ms)
			ProcessInitializeOnLoadAttributes (271ms)
			ProcessInitializeOnLoadMethodAttributes (31ms)
			AfterProcessingInitializeOnLoad (1ms)
			EditorAssembliesLoaded (0ms)
		ExecutionOrderSort2 (0ms)
		AwakeInstancesAfterBackupRestoration (8ms)
WARNING: Shader Unsupported: 'Universal Render Pipeline/VR/SpatialMapping/Wireframe' - All subshaders removed
WARNING: Shader Did you use #pragma only_renderers and omit this platform?
WARNING: Shader If subshaders removal was intentional, you may have forgotten turning Fallback off?
WARNING: Shader Unsupported: 'Universal Render Pipeline/VR/SpatialMapping/Wireframe' - All subshaders removed
WARNING: Shader Did you use #pragma only_renderers and omit this platform?
WARNING: Shader If subshaders removal was intentional, you may have forgotten turning Fallback off?
Refreshing native plugins compatible for Editor in 0.43 ms, found 3 plugins.
Preloading 0 native plugins for Editor in 0.00 ms.
Unloading 27 Unused Serialized files (Serialized files now loaded: 0)
Unloading 6911 unused Assets / (5.6 MB). Loaded Objects now: 7910.
Memory consumption went from 156.9 MB to 151.3 MB.
Total: 6.116042 ms (FindLiveObjects: 0.301291 ms CreateObjectMapping: 0.215209 ms MarkObjects: 3.934416 ms  DeleteObjects: 1.664875 ms)

Prepare: number of updated asset objects reloaded= 0
========================================================================
Received Prepare
Begin MonoManager ReloadAssembly
[Licensing::Client] Successfully resolved entitlement details
Thread 0x16f183000 may have been prematurely finalized
- Loaded All Assemblies, in  0.479 seconds
Refreshing native plugins compatible for Editor in 0.39 ms, found 3 plugins.
Native extension for OSXStandalone target not found
Native extension for WebGL target not found
[Package Manager] Failed to launch server process. Reason: Unity was launched with the -noUpm command-line argument
[Package Manager] Unable to send message (not connected to server process).
[Package Manager] Cannot connect to Unity Package Manager local server
Mono: successfully reloaded assembly
- Finished resetting the current domain, in  0.464 seconds
Domain Reload Profiling: 946ms
	BeginReloadAssembly (158ms)
		ExecutionOrderSort (0ms)
		DisableScriptedObjects (13ms)
		BackupInstance (0ms)
		ReleaseScriptingObjects (1ms)
		CreateAndSetChildDomain (52ms)
	RebuildCommonClasses (23ms)
	RebuildNativeTypeToScriptingClass (9ms)
	initialDomainReloadingComplete (14ms)
	LoadAllAssembliesAndSetupDomain (278ms)
		LoadAssemblies (209ms)
		RebuildTransferFunctionScriptingTraits (0ms)
		AnalyzeDomain (116ms)
			TypeCache.Refresh (8ms)
				TypeCache.ScanAssembly (0ms)
			BuildScriptInfoCaches (99ms)
			ResolveRequiredComponents (6ms)
	FinalizeReload (464ms)
		ReleaseScriptCaches (0ms)
		RebuildScriptCaches (0ms)
		SetupLoadedEditorAssemblies (384ms)
			LogAssemblyErrors (0ms)
			InitializePlatformSupportModulesInManaged (1ms)
			SetLoadedEditorAssemblies (2ms)
			BeforeProcessingInitializeOnLoad (86ms)
			ProcessInitializeOnLoadAttributes (264ms)
			ProcessInitializeOnLoadMethodAttributes (29ms)
			AfterProcessingInitializeOnLoad (1ms)
			EditorAssembliesLoaded (0ms)
		ExecutionOrderSort2 (0ms)
		AwakeInstancesAfterBackupRestoration (6ms)
WARNING: Shader Unsupported: 'Universal Render Pipeline/VR/SpatialMapping/Wireframe' - All subshaders removed
WARNING: Shader Did you use #pragma only_renderers and omit this platform?
WARNING: Shader If subshaders removal was intentional, you may have forgotten turning Fallback off?
WARNING: Shader Unsupported: 'Universal Render Pipeline/VR/SpatialMapping/Wireframe' - All subshaders removed
WARNING: Shader Did you use #pragma only_renderers and omit this platform?
WARNING: Shader If subshaders removal was intentional, you may have forgotten turning Fallback off?
Refreshing native plugins compatible for Editor in 0.46 ms, found 3 plugins.
Preloading 0 native plugins for Editor in 0.00 ms.
Unloading 27 Unused Serialized files (Serialized files now loaded: 0)
Unloading 6911 unused Assets / (6.0 MB). Loaded Objects now: 7913.
Memory consumption went from 156.9 MB to 150.9 MB.
Total: 6.314541 ms (FindLiveObjects: 0.362292 ms CreateObjectMapping: 0.228292 ms MarkObjects: 4.254833 ms  DeleteObjects: 1.468791 ms)

Prepare: number of updated asset objects reloaded= 0
========================================================================
Received Prepare
Begin MonoManager ReloadAssembly
[Licensing::Client] Successfully resolved entitlement details
Thread 0x16f183000 may have been prematurely finalized
- Loaded All Assemblies, in  0.388 seconds
Refreshing native plugins compatible for Editor in 0.39 ms, found 3 plugins.
Native extension for OSXStandalone target not found
Native extension for WebGL target not found
[Package Manager] Failed to launch server process. Reason: Unity was launched with the -noUpm command-line argument
[Package Manager] Unable to send message (not connected to server process).
[Package Manager] Cannot connect to Unity Package Manager local server
Mono: successfully reloaded assembly
- Finished resetting the current domain, in  0.463 seconds
Domain Reload Profiling: 854ms
	BeginReloadAssembly (100ms)
		ExecutionOrderSort (0ms)
		DisableScriptedObjects (7ms)
		BackupInstance (0ms)
		ReleaseScriptingObjects (0ms)
		CreateAndSetChildDomain (30ms)
	RebuildCommonClasses (21ms)
	RebuildNativeTypeToScriptingClass (8ms)
	initialDomainReloadingComplete (11ms)
	LoadAllAssembliesAndSetupDomain (249ms)
		LoadAssemblies (165ms)
		RebuildTransferFunctionScriptingTraits (0ms)
		AnalyzeDomain (113ms)
			TypeCache.Refresh (7ms)
				TypeCache.ScanAssembly (0ms)
			BuildScriptInfoCaches (98ms)
			ResolveRequiredComponents (6ms)
	FinalizeReload (463ms)
		ReleaseScriptCaches (0ms)
		RebuildScriptCaches (0ms)
		SetupLoadedEditorAssemblies (382ms)
			LogAssemblyErrors (0ms)
			InitializePlatformSupportModulesInManaged (1ms)
			SetLoadedEditorAssemblies (2ms)
			BeforeProcessingInitializeOnLoad (87ms)
			ProcessInitializeOnLoadAttributes (263ms)
			ProcessInitializeOnLoadMethodAttributes (28ms)
			AfterProcessingInitializeOnLoad (1ms)
			EditorAssembliesLoaded (0ms)
		ExecutionOrderSort2 (0ms)
		AwakeInstancesAfterBackupRestoration (8ms)
WARNING: Shader Unsupported: 'Universal Render Pipeline/VR/SpatialMapping/Wireframe' - All subshaders removed
WARNING: Shader Did you use #pragma only_renderers and omit this platform?
WARNING: Shader If subshaders removal was intentional, you may have forgotten turning Fallback off?
WARNING: Shader Unsupported: 'Universal Render Pipeline/VR/SpatialMapping/Wireframe' - All subshaders removed
WARNING: Shader Did you use #pragma only_renderers and omit this platform?
WARNING: Shader If subshaders removal was intentional, you may have forgotten turning Fallback off?
Refreshing native plugins compatible for Editor in 0.50 ms, found 3 plugins.
Preloading 0 native plugins for Editor in 0.00 ms.
Unloading 27 Unused Serialized files (Serialized files now loaded: 0)
Unloading 6911 unused Assets / (5.7 MB). Loaded Objects now: 7916.
Memory consumption went from 157.0 MB to 151.3 MB.
Total: 5.922583 ms (FindLiveObjects: 0.298875 ms CreateObjectMapping: 0.211625 ms MarkObjects: 3.878542 ms  DeleteObjects: 1.533291 ms)

Prepare: number of updated asset objects reloaded= 0
========================================================================
Received Prepare
Begin MonoManager ReloadAssembly
Thread 0x16f183000 may have been prematurely finalized
- Loaded All Assemblies, in  0.407 seconds
Refreshing native plugins compatible for Editor in 0.39 ms, found 3 plugins.
Native extension for OSXStandalone target not found
Native extension for WebGL target not found
[Package Manager] Failed to launch server process. Reason: Unity was launched with the -noUpm command-line argument
[Package Manager] Unable to send message (not connected to server process).
[Package Manager] Cannot connect to Unity Package Manager local server
Mono: successfully reloaded assembly
- Finished resetting the current domain, in  0.466 seconds
Domain Reload Profiling: 876ms
	BeginReloadAssembly (105ms)
		ExecutionOrderSort (0ms)
		DisableScriptedObjects (7ms)
		BackupInstance (0ms)
		ReleaseScriptingObjects (0ms)
		CreateAndSetChildDomain (29ms)
	RebuildCommonClasses (23ms)
	RebuildNativeTypeToScriptingClass (9ms)
	initialDomainReloadingComplete (12ms)
	LoadAllAssembliesAndSetupDomain (260ms)
		LoadAssemblies (173ms)
		RebuildTransferFunctionScriptingTraits (0ms)
		AnalyzeDomain (120ms)
			TypeCache.Refresh (7ms)
				TypeCache.ScanAssembly (0ms)
			BuildScriptInfoCaches (105ms)
			ResolveRequiredComponents (6ms)
	FinalizeReload (466ms)
		ReleaseScriptCaches (0ms)
		RebuildScriptCaches (0ms)
		SetupLoadedEditorAssemblies (383ms)
			LogAssemblyErrors (0ms)
			InitializePlatformSupportModulesInManaged (1ms)
			SetLoadedEditorAssemblies (2ms)
			BeforeProcessingInitializeOnLoad (84ms)
			ProcessInitializeOnLoadAttributes (262ms)
			ProcessInitializeOnLoadMethodAttributes (32ms)
			AfterProcessingInitializeOnLoad (1ms)
			EditorAssembliesLoaded (0ms)
		ExecutionOrderSort2 (0ms)
		AwakeInstancesAfterBackupRestoration (6ms)
WARNING: Shader Unsupported: 'Universal Render Pipeline/VR/SpatialMapping/Wireframe' - All subshaders removed
WARNING: Shader Did you use #pragma only_renderers and omit this platform?
WARNING: Shader If subshaders removal was intentional, you may have forgotten turning Fallback off?
WARNING: Shader Unsupported: 'Universal Render Pipeline/VR/SpatialMapping/Wireframe' - All subshaders removed
WARNING: Shader Did you use #pragma only_renderers and omit this platform?
WARNING: Shader If subshaders removal was intentional, you may have forgotten turning Fallback off?
Refreshing native plugins compatible for Editor in 0.55 ms, found 3 plugins.
Preloading 0 native plugins for Editor in 0.00 ms.
Unloading 27 Unused Serialized files (Serialized files now loaded: 0)
Unloading 6911 unused Assets / (5.9 MB). Loaded Objects now: 7919.
Memory consumption went from 157.1 MB to 151.2 MB.
Total: 6.256875 ms (FindLiveObjects: 0.351833 ms CreateObjectMapping: 0.221125 ms MarkObjects: 4.230417 ms  DeleteObjects: 1.453125 ms)

Prepare: number of updated asset objects reloaded= 0
========================================================================
Received Prepare
Begin MonoManager ReloadAssembly
[Licensing::Client] Successfully resolved entitlement details
Thread 0x16f183000 may have been prematurely finalized
- Loaded All Assemblies, in  0.412 seconds
Refreshing native plugins compatible for Editor in 0.43 ms, found 3 plugins.
Native extension for OSXStandalone target not found
Native extension for WebGL target not found
[Package Manager] Failed to launch server process. Reason: Unity was launched with the -noUpm command-line argument
[Package Manager] Unable to send message (not connected to server process).
[Package Manager] Cannot connect to Unity Package Manager local server
Mono: successfully reloaded assembly
- Finished resetting the current domain, in  0.485 seconds
Domain Reload Profiling: 900ms
	BeginReloadAssembly (103ms)
		ExecutionOrderSort (0ms)
		DisableScriptedObjects (8ms)
		BackupInstance (0ms)
		ReleaseScriptingObjects (0ms)
		CreateAndSetChildDomain (29ms)
	RebuildCommonClasses (21ms)
	RebuildNativeTypeToScriptingClass (9ms)
	initialDomainReloadingComplete (12ms)
	LoadAllAssembliesAndSetupDomain (270ms)
		LoadAssemblies (172ms)
		RebuildTransferFunctionScriptingTraits (0ms)
		AnalyzeDomain (126ms)
			TypeCache.Refresh (10ms)
				TypeCache.ScanAssembly (0ms)
			BuildScriptInfoCaches (106ms)
			ResolveRequiredComponents (6ms)
	FinalizeReload (485ms)
		ReleaseScriptCaches (0ms)
		RebuildScriptCaches (0ms)
		SetupLoadedEditorAssemblies (400ms)
			LogAssemblyErrors (0ms)
			InitializePlatformSupportModulesInManaged (4ms)
			SetLoadedEditorAssemblies (2ms)
			BeforeProcessingInitializeOnLoad (86ms)
			ProcessInitializeOnLoadAttributes (277ms)
			ProcessInitializeOnLoadMethodAttributes (30ms)
			AfterProcessingInitializeOnLoad (1ms)
			EditorAssembliesLoaded (0ms)
		ExecutionOrderSort2 (0ms)
		AwakeInstancesAfterBackupRestoration (6ms)
WARNING: Shader Unsupported: 'Universal Render Pipeline/VR/SpatialMapping/Wireframe' - All subshaders removed
WARNING: Shader Did you use #pragma only_renderers and omit this platform?
WARNING: Shader If subshaders removal was intentional, you may have forgotten turning Fallback off?
WARNING: Shader Unsupported: 'Universal Render Pipeline/VR/SpatialMapping/Wireframe' - All subshaders removed
WARNING: Shader Did you use #pragma only_renderers and omit this platform?
WARNING: Shader If subshaders removal was intentional, you may have forgotten turning Fallback off?
Refreshing native plugins compatible for Editor in 0.48 ms, found 3 plugins.
Preloading 0 native plugins for Editor in 0.00 ms.
Unloading 27 Unused Serialized files (Serialized files now loaded: 0)
Unloading 6911 unused Assets / (6.0 MB). Loaded Objects now: 7922.
Memory consumption went from 157.1 MB to 151.1 MB.
Total: 6.287458 ms (FindLiveObjects: 0.354583 ms CreateObjectMapping: 0.220667 ms MarkObjects: 4.239958 ms  DeleteObjects: 1.472000 ms)

Prepare: number of updated asset objects reloaded= 0
========================================================================
Received Prepare
Begin MonoManager ReloadAssembly
Thread 0x16f183000 may have been prematurely finalized
- Loaded All Assemblies, in  0.405 seconds
Refreshing native plugins compatible for Editor in 0.40 ms, found 3 plugins.
Native extension for OSXStandalone target not found
Native extension for WebGL target not found
[Package Manager] Failed to launch server process. Reason: Unity was launched with the -noUpm command-line argument
[Package Manager] Unable to send message (not connected to server process).
[Package Manager] Cannot connect to Unity Package Manager local server
Mono: successfully reloaded assembly
- Finished resetting the current domain, in  0.475 seconds
Domain Reload Profiling: 882ms
	BeginReloadAssembly (101ms)
		ExecutionOrderSort (0ms)
		DisableScriptedObjects (7ms)
		BackupInstance (0ms)
		ReleaseScriptingObjects (0ms)
		CreateAndSetChildDomain (30ms)
	RebuildCommonClasses (21ms)
	RebuildNativeTypeToScriptingClass (9ms)
	initialDomainReloadingComplete (13ms)
	LoadAllAssembliesAndSetupDomain (264ms)
		LoadAssemblies (170ms)
		RebuildTransferFunctionScriptingTraits (0ms)
		AnalyzeDomain (123ms)
			TypeCache.Refresh (7ms)
				TypeCache.ScanAssembly (0ms)
			BuildScriptInfoCaches (107ms)
			ResolveRequiredComponents (6ms)
	FinalizeReload (475ms)
		ReleaseScriptCaches (0ms)
		RebuildScriptCaches (0ms)
		SetupLoadedEditorAssemblies (389ms)
			LogAssemblyErrors (0ms)
			InitializePlatformSupportModulesInManaged (1ms)
			SetLoadedEditorAssemblies (2ms)
			BeforeProcessingInitializeOnLoad (86ms)
			ProcessInitializeOnLoadAttributes (269ms)
			ProcessInitializeOnLoadMethodAttributes (30ms)
			AfterProcessingInitializeOnLoad (1ms)
			EditorAssembliesLoaded (0ms)
		ExecutionOrderSort2 (0ms)
		AwakeInstancesAfterBackupRestoration (8ms)
WARNING: Shader Unsupported: 'Universal Render Pipeline/VR/SpatialMapping/Wireframe' - All subshaders removed
WARNING: Shader Did you use #pragma only_renderers and omit this platform?
WARNING: Shader If subshaders removal was intentional, you may have forgotten turning Fallback off?
WARNING: Shader Unsupported: 'Universal Render Pipeline/VR/SpatialMapping/Wireframe' - All subshaders removed
WARNING: Shader Did you use #pragma only_renderers and omit this platform?
WARNING: Shader If subshaders removal was intentional, you may have forgotten turning Fallback off?
Refreshing native plugins compatible for Editor in 0.50 ms, found 3 plugins.
Preloading 0 native plugins for Editor in 0.00 ms.
Unloading 27 Unused Serialized files (Serialized files now loaded: 0)
Unloading 6911 unused Assets / (5.8 MB). Loaded Objects now: 7925.
Memory consumption went from 157.1 MB to 151.3 MB.
Total: 6.252834 ms (FindLiveObjects: 0.317333 ms CreateObjectMapping: 0.227916 ms MarkObjects: 4.136709 ms  DeleteObjects: 1.570500 ms)

Prepare: number of updated asset objects reloaded= 0
========================================================================
Received Prepare
Begin MonoManager ReloadAssembly
[Licensing::Client] Successfully resolved entitlement details
Thread 0x16f183000 may have been prematurely finalized
- Loaded All Assemblies, in  0.451 seconds
Refreshing native plugins compatible for Editor in 0.39 ms, found 3 plugins.
Native extension for OSXStandalone target not found
Native extension for WebGL target not found
[Package Manager] Failed to launch server process. Reason: Unity was launched with the -noUpm command-line argument
[Package Manager] Unable to send message (not connected to server process).
[Package Manager] Cannot connect to Unity Package Manager local server
Mono: successfully reloaded assembly
- Finished resetting the current domain, in  0.470 seconds
Domain Reload Profiling: 925ms
	BeginReloadAssembly (121ms)
		ExecutionOrderSort (0ms)
		DisableScriptedObjects (7ms)
		BackupInstance (0ms)
		ReleaseScriptingObjects (0ms)
		CreateAndSetChildDomain (28ms)
	RebuildCommonClasses (23ms)
	RebuildNativeTypeToScriptingClass (9ms)
	initialDomainReloadingComplete (17ms)
	LoadAllAssembliesAndSetupDomain (285ms)
		LoadAssemblies (209ms)
		RebuildTransferFunctionScriptingTraits (0ms)
		AnalyzeDomain (123ms)
			TypeCache.Refresh (9ms)
				TypeCache.ScanAssembly (0ms)
			BuildScriptInfoCaches (104ms)
			ResolveRequiredComponents (6ms)
	FinalizeReload (470ms)
		ReleaseScriptCaches (0ms)
		RebuildScriptCaches (0ms)
		SetupLoadedEditorAssemblies (388ms)
			LogAssemblyErrors (0ms)
			InitializePlatformSupportModulesInManaged (1ms)
			SetLoadedEditorAssemblies (2ms)
			BeforeProcessingInitializeOnLoad (84ms)
			ProcessInitializeOnLoadAttributes (271ms)
			ProcessInitializeOnLoadMethodAttributes (29ms)
			AfterProcessingInitializeOnLoad (1ms)
			EditorAssembliesLoaded (0ms)
		ExecutionOrderSort2 (0ms)
		AwakeInstancesAfterBackupRestoration (8ms)
WARNING: Shader Unsupported: 'Universal Render Pipeline/VR/SpatialMapping/Wireframe' - All subshaders removed
WARNING: Shader Did you use #pragma only_renderers and omit this platform?
WARNING: Shader If subshaders removal was intentional, you may have forgotten turning Fallback off?
WARNING: Shader Unsupported: 'Universal Render Pipeline/VR/SpatialMapping/Wireframe' - All subshaders removed
WARNING: Shader Did you use #pragma only_renderers and omit this platform?
WARNING: Shader If subshaders removal was intentional, you may have forgotten turning Fallback off?
Refreshing native plugins compatible for Editor in 3.08 ms, found 3 plugins.
Preloading 0 native plugins for Editor in 0.00 ms.
Unloading 27 Unused Serialized files (Serialized files now loaded: 0)
Unloading 6911 unused Assets / (6.2 MB). Loaded Objects now: 7928.
Memory consumption went from 157.1 MB to 150.9 MB.
Total: 7.249375 ms (FindLiveObjects: 0.461875 ms CreateObjectMapping: 0.299875 ms MarkObjects: 4.845083 ms  DeleteObjects: 1.642125 ms)

Prepare: number of updated asset objects reloaded= 0
========================================================================
Received Prepare
Begin MonoManager ReloadAssembly
[Licensing::Client] Successfully resolved entitlement details
Thread 0x16f183000 may have been prematurely finalized
- Loaded All Assemblies, in  0.448 seconds
Refreshing native plugins compatible for Editor in 0.42 ms, found 3 plugins.
Native extension for OSXStandalone target not found
Native extension for WebGL target not found
[Package Manager] Failed to launch server process. Reason: Unity was launched with the -noUpm command-line argument
[Package Manager] Unable to send message (not connected to server process).
[Package Manager] Cannot connect to Unity Package Manager local server
Mono: successfully reloaded assembly
- Finished resetting the current domain, in  0.470 seconds
Domain Reload Profiling: 920ms
	BeginReloadAssembly (105ms)
		ExecutionOrderSort (0ms)
		DisableScriptedObjects (7ms)
		BackupInstance (0ms)
		ReleaseScriptingObjects (0ms)
		CreateAndSetChildDomain (29ms)
	RebuildCommonClasses (23ms)
	RebuildNativeTypeToScriptingClass (9ms)
	initialDomainReloadingComplete (12ms)
	LoadAllAssembliesAndSetupDomain (301ms)
		LoadAssemblies (216ms)
		RebuildTransferFunctionScriptingTraits (0ms)
		AnalyzeDomain (117ms)
			TypeCache.Refresh (8ms)
				TypeCache.ScanAssembly (0ms)
			BuildScriptInfoCaches (101ms)
			ResolveRequiredComponents (6ms)
	FinalizeReload (470ms)
		ReleaseScriptCaches (0ms)
		RebuildScriptCaches (0ms)
		SetupLoadedEditorAssemblies (387ms)
			LogAssemblyErrors (0ms)
			InitializePlatformSupportModulesInManaged (1ms)
			SetLoadedEditorAssemblies (2ms)
			BeforeProcessingInitializeOnLoad (85ms)
			ProcessInitializeOnLoadAttributes (266ms)
			ProcessInitializeOnLoadMethodAttributes (31ms)
			AfterProcessingInitializeOnLoad (1ms)
			EditorAssembliesLoaded (0ms)
		ExecutionOrderSort2 (0ms)
		AwakeInstancesAfterBackupRestoration (6ms)
WARNING: Shader Unsupported: 'Universal Render Pipeline/VR/SpatialMapping/Wireframe' - All subshaders removed
WARNING: Shader Did you use #pragma only_renderers and omit this platform?
WARNING: Shader If subshaders removal was intentional, you may have forgotten turning Fallback off?
WARNING: Shader Unsupported: 'Universal Render Pipeline/VR/SpatialMapping/Wireframe' - All subshaders removed
WARNING: Shader Did you use #pragma only_renderers and omit this platform?
WARNING: Shader If subshaders removal was intentional, you may have forgotten turning Fallback off?
Refreshing native plugins compatible for Editor in 0.46 ms, found 3 plugins.
Preloading 0 native plugins for Editor in 0.00 ms.
Unloading 27 Unused Serialized files (Serialized files now loaded: 0)
Unloading 6911 unused Assets / (6.0 MB). Loaded Objects now: 7931.
Memory consumption went from 157.2 MB to 151.2 MB.
Total: 6.384416 ms (FindLiveObjects: 0.376750 ms CreateObjectMapping: 0.234750 ms MarkObjects: 4.283708 ms  DeleteObjects: 1.488875 ms)

Prepare: number of updated asset objects reloaded= 0
========================================================================
Received Prepare
Begin MonoManager ReloadAssembly
[Licensing::Client] Successfully resolved entitlement details
Thread 0x16f183000 may have been prematurely finalized
- Loaded All Assemblies, in  0.387 seconds
Refreshing native plugins compatible for Editor in 0.38 ms, found 3 plugins.
Native extension for OSXStandalone target not found
Native extension for WebGL target not found
[Package Manager] Failed to launch server process. Reason: Unity was launched with the -noUpm command-line argument
[Package Manager] Unable to send message (not connected to server process).
[Package Manager] Cannot connect to Unity Package Manager local server
Mono: successfully reloaded assembly
- Finished resetting the current domain, in  0.461 seconds
Domain Reload Profiling: 851ms
	BeginReloadAssembly (99ms)
		ExecutionOrderSort (0ms)
		DisableScriptedObjects (7ms)
		BackupInstance (0ms)
		ReleaseScriptingObjects (0ms)
		CreateAndSetChildDomain (29ms)
	RebuildCommonClasses (21ms)
	RebuildNativeTypeToScriptingClass (8ms)
	initialDomainReloadingComplete (12ms)
	LoadAllAssembliesAndSetupDomain (250ms)
		LoadAssemblies (166ms)
		RebuildTransferFunctionScriptingTraits (0ms)
		AnalyzeDomain (112ms)
			TypeCache.Refresh (7ms)
				TypeCache.ScanAssembly (0ms)
			BuildScriptInfoCaches (97ms)
			ResolveRequiredComponents (6ms)
	FinalizeReload (461ms)
		ReleaseScriptCaches (0ms)
		RebuildScriptCaches (0ms)
		SetupLoadedEditorAssemblies (382ms)
			LogAssemblyErrors (0ms)
			InitializePlatformSupportModulesInManaged (1ms)
			SetLoadedEditorAssemblies (2ms)
			BeforeProcessingInitializeOnLoad (84ms)
			ProcessInitializeOnLoadAttributes (262ms)
			ProcessInitializeOnLoadMethodAttributes (31ms)
			AfterProcessingInitializeOnLoad (1ms)
			EditorAssembliesLoaded (0ms)
		ExecutionOrderSort2 (0ms)
		AwakeInstancesAfterBackupRestoration (6ms)
WARNING: Shader Unsupported: 'Universal Render Pipeline/VR/SpatialMapping/Wireframe' - All subshaders removed
WARNING: Shader Did you use #pragma only_renderers and omit this platform?
WARNING: Shader If subshaders removal was intentional, you may have forgotten turning Fallback off?
WARNING: Shader Unsupported: 'Universal Render Pipeline/VR/SpatialMapping/Wireframe' - All subshaders removed
WARNING: Shader Did you use #pragma only_renderers and omit this platform?
WARNING: Shader If subshaders removal was intentional, you may have forgotten turning Fallback off?
Refreshing native plugins compatible for Editor in 0.48 ms, found 3 plugins.
Preloading 0 native plugins for Editor in 0.00 ms.
Unloading 27 Unused Serialized files (Serialized files now loaded: 0)
Unloading 6911 unused Assets / (6.0 MB). Loaded Objects now: 7934.
Memory consumption went from 157.3 MB to 151.3 MB.
Total: 6.286750 ms (FindLiveObjects: 0.384334 ms CreateObjectMapping: 0.223916 ms MarkObjects: 4.154209 ms  DeleteObjects: 1.523916 ms)

Prepare: number of updated asset objects reloaded= 0
========================================================================
Received Prepare
Begin MonoManager ReloadAssembly
Thread 0x16f183000 may have been prematurely finalized
- Loaded All Assemblies, in  0.388 seconds
Refreshing native plugins compatible for Editor in 0.38 ms, found 3 plugins.
Native extension for OSXStandalone target not found
Native extension for WebGL target not found
[Package Manager] Failed to launch server process. Reason: Unity was launched with the -noUpm command-line argument
[Package Manager] Unable to send message (not connected to server process).
[Package Manager] Cannot connect to Unity Package Manager local server
Mono: successfully reloaded assembly
- Finished resetting the current domain, in  0.481 seconds
Domain Reload Profiling: 872ms
	BeginReloadAssembly (99ms)
		ExecutionOrderSort (0ms)
		DisableScriptedObjects (7ms)
		BackupInstance (0ms)
		ReleaseScriptingObjects (0ms)
		CreateAndSetChildDomain (29ms)
	RebuildCommonClasses (21ms)
	RebuildNativeTypeToScriptingClass (8ms)
	initialDomainReloadingComplete (12ms)
	LoadAllAssembliesAndSetupDomain (250ms)
		LoadAssemblies (164ms)
		RebuildTransferFunctionScriptingTraits (0ms)
		AnalyzeDomain (114ms)
			TypeCache.Refresh (8ms)
				TypeCache.ScanAssembly (0ms)
			BuildScriptInfoCaches (98ms)
			ResolveRequiredComponents (6ms)
	FinalizeReload (481ms)
		ReleaseScriptCaches (0ms)
		RebuildScriptCaches (0ms)
		SetupLoadedEditorAssemblies (399ms)
			LogAssemblyErrors (0ms)
			InitializePlatformSupportModulesInManaged (1ms)
			SetLoadedEditorAssemblies (2ms)
			BeforeProcessingInitializeOnLoad (85ms)
			ProcessInitializeOnLoadAttributes (280ms)
			ProcessInitializeOnLoadMethodAttributes (30ms)
			AfterProcessingInitializeOnLoad (1ms)
			EditorAssembliesLoaded (0ms)
		ExecutionOrderSort2 (0ms)
		AwakeInstancesAfterBackupRestoration (8ms)
WARNING: Shader Unsupported: 'Universal Render Pipeline/VR/SpatialMapping/Wireframe' - All subshaders removed
WARNING: Shader Did you use #pragma only_renderers and omit this platform?
WARNING: Shader If subshaders removal was intentional, you may have forgotten turning Fallback off?
WARNING: Shader Unsupported: 'Universal Render Pipeline/VR/SpatialMapping/Wireframe' - All subshaders removed
WARNING: Shader Did you use #pragma only_renderers and omit this platform?
WARNING: Shader If subshaders removal was intentional, you may have forgotten turning Fallback off?
Refreshing native plugins compatible for Editor in 0.51 ms, found 3 plugins.
Preloading 0 native plugins for Editor in 0.00 ms.
Unloading 27 Unused Serialized files (Serialized files now loaded: 0)
Unloading 6911 unused Assets / (6.3 MB). Loaded Objects now: 7937.
Memory consumption went from 157.3 MB to 151.0 MB.
Total: 6.435416 ms (FindLiveObjects: 0.325666 ms CreateObjectMapping: 0.226292 ms MarkObjects: 4.184333 ms  DeleteObjects: 1.698500 ms)

Prepare: number of updated asset objects reloaded= 0
========================================================================
Received Prepare
Begin MonoManager ReloadAssembly
[Licensing::Client] Successfully resolved entitlement details
Thread 0x16f183000 may have been prematurely finalized
- Loaded All Assemblies, in  0.410 seconds
Refreshing native plugins compatible for Editor in 0.41 ms, found 3 plugins.
Native extension for OSXStandalone target not found
Native extension for WebGL target not found
[Package Manager] Failed to launch server process. Reason: Unity was launched with the -noUpm command-line argument
[Package Manager] Unable to send message (not connected to server process).
[Package Manager] Cannot connect to Unity Package Manager local server
Mono: successfully reloaded assembly
- Finished resetting the current domain, in  0.467 seconds
Domain Reload Profiling: 879ms
	BeginReloadAssembly (102ms)
		ExecutionOrderSort (0ms)
		DisableScriptedObjects (7ms)
		BackupInstance (0ms)
		ReleaseScriptingObjects (0ms)
		CreateAndSetChildDomain (27ms)
	RebuildCommonClasses (21ms)
	RebuildNativeTypeToScriptingClass (8ms)
	initialDomainReloadingComplete (12ms)
	LoadAllAssembliesAndSetupDomain (269ms)
		LoadAssemblies (178ms)
		RebuildTransferFunctionScriptingTraits (0ms)
		AnalyzeDomain (123ms)
			TypeCache.Refresh (8ms)
				TypeCache.ScanAssembly (0ms)
			BuildScriptInfoCaches (107ms)
			ResolveRequiredComponents (6ms)
	FinalizeReload (467ms)
		ReleaseScriptCaches (0ms)
		RebuildScriptCaches (0ms)
		SetupLoadedEditorAssemblies (383ms)
			LogAssemblyErrors (0ms)
			InitializePlatformSupportModulesInManaged (1ms)
			SetLoadedEditorAssemblies (2ms)
			BeforeProcessingInitializeOnLoad (85ms)
			ProcessInitializeOnLoadAttributes (261ms)
			ProcessInitializeOnLoadMethodAttributes (32ms)
			AfterProcessingInitializeOnLoad (1ms)
			EditorAssembliesLoaded (0ms)
		ExecutionOrderSort2 (0ms)
		AwakeInstancesAfterBackupRestoration (6ms)
WARNING: Shader Unsupported: 'Universal Render Pipeline/VR/SpatialMapping/Wireframe' - All subshaders removed
WARNING: Shader Did you use #pragma only_renderers and omit this platform?
WARNING: Shader If subshaders removal was intentional, you may have forgotten turning Fallback off?
WARNING: Shader Unsupported: 'Universal Render Pipeline/VR/SpatialMapping/Wireframe' - All subshaders removed
WARNING: Shader Did you use #pragma only_renderers and omit this platform?
WARNING: Shader If subshaders removal was intentional, you may have forgotten turning Fallback off?
Refreshing native plugins compatible for Editor in 0.58 ms, found 3 plugins.
Preloading 0 native plugins for Editor in 0.00 ms.
Unloading 27 Unused Serialized files (Serialized files now loaded: 0)
Unloading 6911 unused Assets / (5.9 MB). Loaded Objects now: 7940.
Memory consumption went from 157.4 MB to 151.5 MB.
Total: 6.172416 ms (FindLiveObjects: 0.321667 ms CreateObjectMapping: 0.219208 ms MarkObjects: 4.052000 ms  DeleteObjects: 1.579250 ms)

Prepare: number of updated asset objects reloaded= 0
========================================================================
Received Prepare
Begin MonoManager ReloadAssembly
Thread 0x16f183000 may have been prematurely finalized
- Loaded All Assemblies, in  0.388 seconds
Refreshing native plugins compatible for Editor in 0.39 ms, found 3 plugins.
Native extension for OSXStandalone target not found
Native extension for WebGL target not found
[Package Manager] Failed to launch server process. Reason: Unity was launched with the -noUpm command-line argument
[Package Manager] Unable to send message (not connected to server process).
[Package Manager] Cannot connect to Unity Package Manager local server
Mono: successfully reloaded assembly
- Finished resetting the current domain, in  0.458 seconds
Domain Reload Profiling: 848ms
	BeginReloadAssembly (100ms)
		ExecutionOrderSort (0ms)
		DisableScriptedObjects (7ms)
		BackupInstance (0ms)
		ReleaseScriptingObjects (0ms)
		CreateAndSetChildDomain (29ms)
	RebuildCommonClasses (21ms)
	RebuildNativeTypeToScriptingClass (8ms)
	initialDomainReloadingComplete (12ms)
	LoadAllAssembliesAndSetupDomain (248ms)
		LoadAssemblies (164ms)
		RebuildTransferFunctionScriptingTraits (0ms)
		AnalyzeDomain (114ms)
			TypeCache.Refresh (7ms)
				TypeCache.ScanAssembly (0ms)
			BuildScriptInfoCaches (98ms)
			ResolveRequiredComponents (6ms)
	FinalizeReload (458ms)
		ReleaseScriptCaches (0ms)
		RebuildScriptCaches (0ms)
		SetupLoadedEditorAssemblies (375ms)
			LogAssemblyErrors (0ms)
			InitializePlatformSupportModulesInManaged (1ms)
			SetLoadedEditorAssemblies (2ms)
			BeforeProcessingInitializeOnLoad (83ms)
			ProcessInitializeOnLoadAttributes (260ms)
			ProcessInitializeOnLoadMethodAttributes (28ms)
			AfterProcessingInitializeOnLoad (1ms)
			EditorAssembliesLoaded (0ms)
		ExecutionOrderSort2 (0ms)
		AwakeInstancesAfterBackupRestoration (6ms)
WARNING: Shader Unsupported: 'Universal Render Pipeline/VR/SpatialMapping/Wireframe' - All subshaders removed
WARNING: Shader Did you use #pragma only_renderers and omit this platform?
WARNING: Shader If subshaders removal was intentional, you may have forgotten turning Fallback off?
WARNING: Shader Unsupported: 'Universal Render Pipeline/VR/SpatialMapping/Wireframe' - All subshaders removed
WARNING: Shader Did you use #pragma only_renderers and omit this platform?
WARNING: Shader If subshaders removal was intentional, you may have forgotten turning Fallback off?
Refreshing native plugins compatible for Editor in 0.43 ms, found 3 plugins.
Preloading 0 native plugins for Editor in 0.00 ms.
Unloading 27 Unused Serialized files (Serialized files now loaded: 0)
Unloading 6911 unused Assets / (5.8 MB). Loaded Objects now: 7943.
Memory consumption went from 157.3 MB to 151.5 MB.
Total: 6.013166 ms (FindLiveObjects: 0.303500 ms CreateObjectMapping: 0.216709 ms MarkObjects: 3.893750 ms  DeleteObjects: 1.598916 ms)

Prepare: number of updated asset objects reloaded= 0
========================================================================
Received Prepare
Begin MonoManager ReloadAssembly
[Licensing::Client] Successfully resolved entitlement details
Thread 0x16f183000 may have been prematurely finalized
- Loaded All Assemblies, in  0.467 seconds
Refreshing native plugins compatible for Editor in 0.39 ms, found 3 plugins.
Native extension for OSXStandalone target not found
Native extension for WebGL target not found
[Package Manager] Failed to launch server process. Reason: Unity was launched with the -noUpm command-line argument
[Package Manager] Unable to send message (not connected to server process).
[Package Manager] Cannot connect to Unity Package Manager local server
Mono: successfully reloaded assembly
- Finished resetting the current domain, in  0.476 seconds
Domain Reload Profiling: 946ms
	BeginReloadAssembly (144ms)
		ExecutionOrderSort (0ms)
		DisableScriptedObjects (13ms)
		BackupInstance (0ms)
		ReleaseScriptingObjects (0ms)
		CreateAndSetChildDomain (54ms)
	RebuildCommonClasses (21ms)
	RebuildNativeTypeToScriptingClass (8ms)
	initialDomainReloadingComplete (12ms)
	LoadAllAssembliesAndSetupDomain (284ms)
		LoadAssemblies (197ms)
		RebuildTransferFunctionScriptingTraits (0ms)
		AnalyzeDomain (121ms)
			TypeCache.Refresh (10ms)
				TypeCache.ScanAssembly (0ms)
			BuildScriptInfoCaches (103ms)
			ResolveRequiredComponents (6ms)
	FinalizeReload (477ms)
		ReleaseScriptCaches (0ms)
		RebuildScriptCaches (0ms)
		SetupLoadedEditorAssemblies (392ms)
			LogAssemblyErrors (0ms)
			InitializePlatformSupportModulesInManaged (1ms)
			SetLoadedEditorAssemblies (2ms)
			BeforeProcessingInitializeOnLoad (85ms)
			ProcessInitializeOnLoadAttributes (273ms)
			ProcessInitializeOnLoadMethodAttributes (30ms)
			AfterProcessingInitializeOnLoad (1ms)
			EditorAssembliesLoaded (0ms)
		ExecutionOrderSort2 (0ms)
		AwakeInstancesAfterBackupRestoration (7ms)
WARNING: Shader Unsupported: 'Universal Render Pipeline/VR/SpatialMapping/Wireframe' - All subshaders removed
WARNING: Shader Did you use #pragma only_renderers and omit this platform?
WARNING: Shader If subshaders removal was intentional, you may have forgotten turning Fallback off?
WARNING: Shader Unsupported: 'Universal Render Pipeline/VR/SpatialMapping/Wireframe' - All subshaders removed
WARNING: Shader Did you use #pragma only_renderers and omit this platform?
WARNING: Shader If subshaders removal was intentional, you may have forgotten turning Fallback off?
Refreshing native plugins compatible for Editor in 0.45 ms, found 3 plugins.
Preloading 0 native plugins for Editor in 0.00 ms.
Unloading 27 Unused Serialized files (Serialized files now loaded: 0)
Unloading 6911 unused Assets / (5.8 MB). Loaded Objects now: 7946.
Memory consumption went from 157.4 MB to 151.6 MB.
Total: 6.069666 ms (FindLiveObjects: 0.314292 ms CreateObjectMapping: 0.220667 ms MarkObjects: 3.987541 ms  DeleteObjects: 1.546875 ms)

Prepare: number of updated asset objects reloaded= 0
========================================================================
Received Prepare
Begin MonoManager ReloadAssembly
Thread 0x16f183000 may have been prematurely finalized
- Loaded All Assemblies, in  0.421 seconds
Refreshing native plugins compatible for Editor in 0.38 ms, found 3 plugins.
Native extension for OSXStandalone target not found
Native extension for WebGL target not found
[Package Manager] Failed to launch server process. Reason: Unity was launched with the -noUpm command-line argument
[Package Manager] Unable to send message (not connected to server process).
[Package Manager] Cannot connect to Unity Package Manager local server
Mono: successfully reloaded assembly
- Finished resetting the current domain, in  0.465 seconds
Domain Reload Profiling: 889ms
	BeginReloadAssembly (105ms)
		ExecutionOrderSort (0ms)
		DisableScriptedObjects (7ms)
		BackupInstance (0ms)
		ReleaseScriptingObjects (0ms)
		CreateAndSetChildDomain (28ms)
	RebuildCommonClasses (21ms)
	RebuildNativeTypeToScriptingClass (9ms)
	initialDomainReloadingComplete (13ms)
	LoadAllAssembliesAndSetupDomain (276ms)
		LoadAssemblies (186ms)
		RebuildTransferFunctionScriptingTraits (0ms)
		AnalyzeDomain (122ms)
			TypeCache.Refresh (8ms)
				TypeCache.ScanAssembly (0ms)
			BuildScriptInfoCaches (105ms)
			ResolveRequiredComponents (6ms)
	FinalizeReload (465ms)
		ReleaseScriptCaches (0ms)
		RebuildScriptCaches (0ms)
		SetupLoadedEditorAssemblies (383ms)
			LogAssemblyErrors (0ms)
			InitializePlatformSupportModulesInManaged (1ms)
			SetLoadedEditorAssemblies (2ms)
			BeforeProcessingInitializeOnLoad (85ms)
			ProcessInitializeOnLoadAttributes (263ms)
			ProcessInitializeOnLoadMethodAttributes (31ms)
			AfterProcessingInitializeOnLoad (1ms)
			EditorAssembliesLoaded (0ms)
		ExecutionOrderSort2 (0ms)
		AwakeInstancesAfterBackupRestoration (6ms)
WARNING: Shader Unsupported: 'Universal Render Pipeline/VR/SpatialMapping/Wireframe' - All subshaders removed
WARNING: Shader Did you use #pragma only_renderers and omit this platform?
WARNING: Shader If subshaders removal was intentional, you may have forgotten turning Fallback off?
WARNING: Shader Unsupported: 'Universal Render Pipeline/VR/SpatialMapping/Wireframe' - All subshaders removed
WARNING: Shader Did you use #pragma only_renderers and omit this platform?
WARNING: Shader If subshaders removal was intentional, you may have forgotten turning Fallback off?
Refreshing native plugins compatible for Editor in 0.45 ms, found 3 plugins.
Preloading 0 native plugins for Editor in 0.00 ms.
Unloading 27 Unused Serialized files (Serialized files now loaded: 0)
Unloading 6911 unused Assets / (5.7 MB). Loaded Objects now: 7949.
Memory consumption went from 157.5 MB to 151.8 MB.
Total: 6.011375 ms (FindLiveObjects: 0.314917 ms CreateObjectMapping: 0.213125 ms MarkObjects: 3.956708 ms  DeleteObjects: 1.526250 ms)

Prepare: number of updated asset objects reloaded= 0
========================================================================
Received Import Request.
  Time since last request: 1432.891240 seconds.
  path: Assets/Scenes/SampleScene.unity
  artifactKey: Guid(8c9cfa26abfee488c85f1582747f6a02) Importer(815301076,1909f56bfc062723c751e8b465ee728b)
Start importing Assets/Scenes/SampleScene.unity using Guid(8c9cfa26abfee488c85f1582747f6a02) Importer(815301076,1909f56bfc062723c751e8b465ee728b) (PreviewImporter) -> (artifact id: '713e5c80736edd938aff161eb5485778') in 0.001280416 seconds
Number of updated asset objects reloaded before import = 0Number of asset objects unloaded after import = 0

========================================================================
Received Prepare
Begin MonoManager ReloadAssembly
Thread 0x16f183000 may have been prematurely finalized
- Loaded All Assemblies, in  0.449 seconds
Refreshing native plugins compatible for Editor in 0.39 ms, found 3 plugins.
Native extension for OSXStandalone target not found
Native extension for WebGL target not found
[Package Manager] Failed to launch server process. Reason: Unity was launched with the -noUpm command-line argument
[Package Manager] Unable to send message (not connected to server process).
[Package Manager] Cannot connect to Unity Package Manager local server
Mono: successfully reloaded assembly
- Finished resetting the current domain, in  0.485 seconds
Domain Reload Profiling: 937ms
	BeginReloadAssembly (107ms)
		ExecutionOrderSort (0ms)
		DisableScriptedObjects (7ms)
		BackupInstance (0ms)
		ReleaseScriptingObjects (0ms)
		CreateAndSetChildDomain (28ms)
	RebuildCommonClasses (21ms)
	RebuildNativeTypeToScriptingClass (8ms)
	initialDomainReloadingComplete (13ms)
	LoadAllAssembliesAndSetupDomain (303ms)
		LoadAssemblies (218ms)
		RebuildTransferFunctionScriptingTraits (0ms)
		AnalyzeDomain (120ms)
			TypeCache.Refresh (8ms)
				TypeCache.ScanAssembly (0ms)
			BuildScriptInfoCaches (104ms)
			ResolveRequiredComponents (6ms)
	FinalizeReload (485ms)
		ReleaseScriptCaches (0ms)
		RebuildScriptCaches (0ms)
		SetupLoadedEditorAssemblies (403ms)
			LogAssemblyErrors (0ms)
			InitializePlatformSupportModulesInManaged (1ms)
			SetLoadedEditorAssemblies (2ms)
			BeforeProcessingInitializeOnLoad (86ms)
			ProcessInitializeOnLoadAttributes (281ms)
			ProcessInitializeOnLoadMethodAttributes (30ms)
			AfterProcessingInitializeOnLoad (1ms)
			EditorAssembliesLoaded (0ms)
		ExecutionOrderSort2 (0ms)
		AwakeInstancesAfterBackupRestoration (6ms)
WARNING: Shader Unsupported: 'Universal Render Pipeline/VR/SpatialMapping/Wireframe' - All subshaders removed
WARNING: Shader Did you use #pragma only_renderers and omit this platform?
WARNING: Shader If subshaders removal was intentional, you may have forgotten turning Fallback off?
WARNING: Shader Unsupported: 'Universal Render Pipeline/VR/SpatialMapping/Wireframe' - All subshaders removed
WARNING: Shader Did you use #pragma only_renderers and omit this platform?
WARNING: Shader If subshaders removal was intentional, you may have forgotten turning Fallback off?
Refreshing native plugins compatible for Editor in 0.47 ms, found 3 plugins.
Preloading 0 native plugins for Editor in 0.00 ms.
Unloading 27 Unused Serialized files (Serialized files now loaded: 0)
Unloading 6911 unused Assets / (6.2 MB). Loaded Objects now: 7952.
Memory consumption went from 157.5 MB to 151.3 MB.
Total: 6.097125 ms (FindLiveObjects: 0.325042 ms CreateObjectMapping: 0.220750 ms MarkObjects: 3.964958 ms  DeleteObjects: 1.585833 ms)

Prepare: number of updated asset objects reloaded= 0
========================================================================
Received Prepare
Begin MonoManager ReloadAssembly
[Licensing::Client] Successfully resolved entitlement details
Thread 0x16f183000 may have been prematurely finalized
- Loaded All Assemblies, in  0.436 seconds
Refreshing native plugins compatible for Editor in 0.37 ms, found 3 plugins.
Native extension for OSXStandalone target not found
Native extension for WebGL target not found
[Package Manager] Failed to launch server process. Reason: Unity was launched with the -noUpm command-line argument
[Package Manager] Unable to send message (not connected to server process).
[Package Manager] Cannot connect to Unity Package Manager local server
Mono: successfully reloaded assembly
- Finished resetting the current domain, in  0.467 seconds
Domain Reload Profiling: 906ms
	BeginReloadAssembly (101ms)
		ExecutionOrderSort (0ms)
		DisableScriptedObjects (7ms)
		BackupInstance (0ms)
		ReleaseScriptingObjects (0ms)
		CreateAndSetChildDomain (26ms)
	RebuildCommonClasses (23ms)
	RebuildNativeTypeToScriptingClass (9ms)
	initialDomainReloadingComplete (12ms)
	LoadAllAssembliesAndSetupDomain (294ms)
		LoadAssemblies (195ms)
		RebuildTransferFunctionScriptingTraits (0ms)
		AnalyzeDomain (128ms)
			TypeCache.Refresh (10ms)
				TypeCache.ScanAssembly (0ms)
			BuildScriptInfoCaches (109ms)
			ResolveRequiredComponents (7ms)
	FinalizeReload (467ms)
		ReleaseScriptCaches (0ms)
		RebuildScriptCaches (0ms)
		SetupLoadedEditorAssemblies (385ms)
			LogAssemblyErrors (0ms)
			InitializePlatformSupportModulesInManaged (1ms)
			SetLoadedEditorAssemblies (2ms)
			BeforeProcessingInitializeOnLoad (85ms)
			ProcessInitializeOnLoadAttributes (266ms)
			ProcessInitializeOnLoadMethodAttributes (30ms)
			AfterProcessingInitializeOnLoad (1ms)
			EditorAssembliesLoaded (0ms)
		ExecutionOrderSort2 (0ms)
		AwakeInstancesAfterBackupRestoration (7ms)
WARNING: Shader Unsupported: 'Universal Render Pipeline/VR/SpatialMapping/Wireframe' - All subshaders removed
WARNING: Shader Did you use #pragma only_renderers and omit this platform?
WARNING: Shader If subshaders removal was intentional, you may have forgotten turning Fallback off?
WARNING: Shader Unsupported: 'Universal Render Pipeline/VR/SpatialMapping/Wireframe' - All subshaders removed
WARNING: Shader Did you use #pragma only_renderers and omit this platform?
WARNING: Shader If subshaders removal was intentional, you may have forgotten turning Fallback off?
Refreshing native plugins compatible for Editor in 0.46 ms, found 3 plugins.
Preloading 0 native plugins for Editor in 0.00 ms.
Unloading 27 Unused Serialized files (Serialized files now loaded: 0)
Unloading 6911 unused Assets / (6.0 MB). Loaded Objects now: 7955.
Memory consumption went from 157.4 MB to 151.4 MB.
Total: 6.305583 ms (FindLiveObjects: 0.336958 ms CreateObjectMapping: 0.224500 ms MarkObjects: 4.245875 ms  DeleteObjects: 1.497667 ms)

Prepare: number of updated asset objects reloaded= 0
========================================================================
Received Prepare
Begin MonoManager ReloadAssembly
[Licensing::Client] Successfully resolved entitlement details
Thread 0x16f183000 may have been prematurely finalized
- Loaded All Assemblies, in  0.470 seconds
Refreshing native plugins compatible for Editor in 0.41 ms, found 3 plugins.
Native extension for OSXStandalone target not found
Native extension for WebGL target not found
[Package Manager] Failed to launch server process. Reason: Unity was launched with the -noUpm command-line argument
[Package Manager] Unable to send message (not connected to server process).
[Package Manager] Cannot connect to Unity Package Manager local server
Mono: successfully reloaded assembly
- Finished resetting the current domain, in  0.508 seconds
Domain Reload Profiling: 981ms
	BeginReloadAssembly (144ms)
		ExecutionOrderSort (0ms)
		DisableScriptedObjects (14ms)
		BackupInstance (0ms)
		ReleaseScriptingObjects (0ms)
		CreateAndSetChildDomain (47ms)
	RebuildCommonClasses (23ms)
	RebuildNativeTypeToScriptingClass (9ms)
	initialDomainReloadingComplete (14ms)
	LoadAllAssembliesAndSetupDomain (283ms)
		LoadAssemblies (192ms)
		RebuildTransferFunctionScriptingTraits (0ms)
		AnalyzeDomain (130ms)
			TypeCache.Refresh (8ms)
				TypeCache.ScanAssembly (0ms)
			BuildScriptInfoCaches (112ms)
			ResolveRequiredComponents (7ms)
	FinalizeReload (508ms)
		ReleaseScriptCaches (0ms)
		RebuildScriptCaches (0ms)
		SetupLoadedEditorAssemblies (418ms)
			LogAssemblyErrors (0ms)
			InitializePlatformSupportModulesInManaged (1ms)
			SetLoadedEditorAssemblies (2ms)
			BeforeProcessingInitializeOnLoad (88ms)
			ProcessInitializeOnLoadAttributes (290ms)
			ProcessInitializeOnLoadMethodAttributes (35ms)
			AfterProcessingInitializeOnLoad (0ms)
			EditorAssembliesLoaded (0ms)
		ExecutionOrderSort2 (0ms)
		AwakeInstancesAfterBackupRestoration (6ms)
WARNING: Shader Unsupported: 'Universal Render Pipeline/VR/SpatialMapping/Wireframe' - All subshaders removed
WARNING: Shader Did you use #pragma only_renderers and omit this platform?
WARNING: Shader If subshaders removal was intentional, you may have forgotten turning Fallback off?
WARNING: Shader Unsupported: 'Universal Render Pipeline/VR/SpatialMapping/Wireframe' - All subshaders removed
WARNING: Shader Did you use #pragma only_renderers and omit this platform?
WARNING: Shader If subshaders removal was intentional, you may have forgotten turning Fallback off?
Refreshing native plugins compatible for Editor in 0.46 ms, found 3 plugins.
Preloading 0 native plugins for Editor in 0.00 ms.
Unloading 27 Unused Serialized files (Serialized files now loaded: 0)
Unloading 6911 unused Assets / (5.9 MB). Loaded Objects now: 7958.
Memory consumption went from 157.5 MB to 151.6 MB.
Total: 6.195542 ms (FindLiveObjects: 0.355333 ms CreateObjectMapping: 0.225167 ms MarkObjects: 4.202458 ms  DeleteObjects: 1.412167 ms)

Prepare: number of updated asset objects reloaded= 0
========================================================================
Received Prepare
Begin MonoManager ReloadAssembly
[Licensing::Client] Successfully resolved entitlement details
Thread 0x16f183000 may have been prematurely finalized
- Loaded All Assemblies, in  0.407 seconds
Refreshing native plugins compatible for Editor in 0.42 ms, found 3 plugins.
Native extension for OSXStandalone target not found
Native extension for WebGL target not found
[Package Manager] Failed to launch server process. Reason: Unity was launched with the -noUpm command-line argument
[Package Manager] Unable to send message (not connected to server process).
[Package Manager] Cannot connect to Unity Package Manager local server
Mono: successfully reloaded assembly
- Finished resetting the current domain, in  0.504 seconds
Domain Reload Profiling: 915ms
	BeginReloadAssembly (107ms)
		ExecutionOrderSort (0ms)
		DisableScriptedObjects (8ms)
		BackupInstance (0ms)
		ReleaseScriptingObjects (0ms)
		CreateAndSetChildDomain (28ms)
	RebuildCommonClasses (23ms)
	RebuildNativeTypeToScriptingClass (9ms)
	initialDomainReloadingComplete (13ms)
	LoadAllAssembliesAndSetupDomain (259ms)
		LoadAssemblies (165ms)
		RebuildTransferFunctionScriptingTraits (0ms)
		AnalyzeDomain (126ms)
			TypeCache.Refresh (7ms)
				TypeCache.ScanAssembly (0ms)
			BuildScriptInfoCaches (111ms)
			ResolveRequiredComponents (7ms)
	FinalizeReload (504ms)
		ReleaseScriptCaches (0ms)
		RebuildScriptCaches (0ms)
		SetupLoadedEditorAssemblies (412ms)
			LogAssemblyErrors (0ms)
			InitializePlatformSupportModulesInManaged (2ms)
			SetLoadedEditorAssemblies (2ms)
			BeforeProcessingInitializeOnLoad (86ms)
			ProcessInitializeOnLoadAttributes (289ms)
			ProcessInitializeOnLoadMethodAttributes (32ms)
			AfterProcessingInitializeOnLoad (1ms)
			EditorAssembliesLoaded (0ms)
		ExecutionOrderSort2 (0ms)
		AwakeInstancesAfterBackupRestoration (7ms)
WARNING: Shader Unsupported: 'Universal Render Pipeline/VR/SpatialMapping/Wireframe' - All subshaders removed
WARNING: Shader Did you use #pragma only_renderers and omit this platform?
WARNING: Shader If subshaders removal was intentional, you may have forgotten turning Fallback off?
WARNING: Shader Unsupported: 'Universal Render Pipeline/VR/SpatialMapping/Wireframe' - All subshaders removed
WARNING: Shader Did you use #pragma only_renderers and omit this platform?
WARNING: Shader If subshaders removal was intentional, you may have forgotten turning Fallback off?
Refreshing native plugins compatible for Editor in 0.61 ms, found 3 plugins.
Preloading 0 native plugins for Editor in 0.00 ms.
Unloading 27 Unused Serialized files (Serialized files now loaded: 0)
Unloading 6911 unused Assets / (5.9 MB). Loaded Objects now: 7961.
Memory consumption went from 157.5 MB to 151.6 MB.
Total: 6.540792 ms (FindLiveObjects: 0.422709 ms CreateObjectMapping: 0.226083 ms MarkObjects: 4.249417 ms  DeleteObjects: 1.642167 ms)

Prepare: number of updated asset objects reloaded= 0
========================================================================
Received Prepare
Begin MonoManager ReloadAssembly
Thread 0x16f183000 may have been prematurely finalized
- Loaded All Assemblies, in  0.398 seconds
Refreshing native plugins compatible for Editor in 0.35 ms, found 3 plugins.
Native extension for OSXStandalone target not found
Native extension for WebGL target not found
[Package Manager] Failed to launch server process. Reason: Unity was launched with the -noUpm command-line argument
[Package Manager] Unable to send message (not connected to server process).
[Package Manager] Cannot connect to Unity Package Manager local server
Mono: successfully reloaded assembly
- Finished resetting the current domain, in  0.504 seconds
Domain Reload Profiling: 905ms
	BeginReloadAssembly (105ms)
		ExecutionOrderSort (0ms)
		DisableScriptedObjects (7ms)
		BackupInstance (0ms)
		ReleaseScriptingObjects (0ms)
		CreateAndSetChildDomain (29ms)
	RebuildCommonClasses (23ms)
	RebuildNativeTypeToScriptingClass (9ms)
	initialDomainReloadingComplete (13ms)
	LoadAllAssembliesAndSetupDomain (251ms)
		LoadAssemblies (158ms)
		RebuildTransferFunctionScriptingTraits (0ms)
		AnalyzeDomain (122ms)
			TypeCache.Refresh (6ms)
				TypeCache.ScanAssembly (0ms)
			BuildScriptInfoCaches (107ms)
			ResolveRequiredComponents (6ms)
	FinalizeReload (504ms)
		ReleaseScriptCaches (0ms)
		RebuildScriptCaches (0ms)
		SetupLoadedEditorAssemblies (413ms)
			LogAssemblyErrors (0ms)
			InitializePlatformSupportModulesInManaged (1ms)
			SetLoadedEditorAssemblies (2ms)
			BeforeProcessingInitializeOnLoad (86ms)
			ProcessInitializeOnLoadAttributes (290ms)
			ProcessInitializeOnLoadMethodAttributes (33ms)
			AfterProcessingInitializeOnLoad (1ms)
			EditorAssembliesLoaded (0ms)
		ExecutionOrderSort2 (0ms)
		AwakeInstancesAfterBackupRestoration (7ms)
WARNING: Shader Unsupported: 'Universal Render Pipeline/VR/SpatialMapping/Wireframe' - All subshaders removed
WARNING: Shader Did you use #pragma only_renderers and omit this platform?
WARNING: Shader If subshaders removal was intentional, you may have forgotten turning Fallback off?
WARNING: Shader Unsupported: 'Universal Render Pipeline/VR/SpatialMapping/Wireframe' - All subshaders removed
WARNING: Shader Did you use #pragma only_renderers and omit this platform?
WARNING: Shader If subshaders removal was intentional, you may have forgotten turning Fallback off?
Refreshing native plugins compatible for Editor in 0.47 ms, found 3 plugins.
Preloading 0 native plugins for Editor in 0.00 ms.
Unloading 27 Unused Serialized files (Serialized files now loaded: 0)
Unloading 6911 unused Assets / (5.7 MB). Loaded Objects now: 7964.
Memory consumption went from 157.6 MB to 151.9 MB.
Total: 6.529208 ms (FindLiveObjects: 0.404208 ms CreateObjectMapping: 0.216459 ms MarkObjects: 4.312333 ms  DeleteObjects: 1.595958 ms)

Prepare: number of updated asset objects reloaded= 0
========================================================================
Received Prepare
Begin MonoManager ReloadAssembly
[Licensing::Client] Successfully resolved entitlement details
Thread 0x16f183000 may have been prematurely finalized
- Loaded All Assemblies, in  0.394 seconds
Refreshing native plugins compatible for Editor in 0.41 ms, found 3 plugins.
Native extension for OSXStandalone target not found
Native extension for WebGL target not found
[Package Manager] Failed to launch server process. Reason: Unity was launched with the -noUpm command-line argument
[Package Manager] Unable to send message (not connected to server process).
[Package Manager] Cannot connect to Unity Package Manager local server
Mono: successfully reloaded assembly
- Finished resetting the current domain, in  0.508 seconds
Domain Reload Profiling: 905ms
	BeginReloadAssembly (102ms)
		ExecutionOrderSort (0ms)
		DisableScriptedObjects (8ms)
		BackupInstance (0ms)
		ReleaseScriptingObjects (0ms)
		CreateAndSetChildDomain (28ms)
	RebuildCommonClasses (24ms)
	RebuildNativeTypeToScriptingClass (9ms)
	initialDomainReloadingComplete (13ms)
	LoadAllAssembliesAndSetupDomain (249ms)
		LoadAssemblies (157ms)
		RebuildTransferFunctionScriptingTraits (0ms)
		AnalyzeDomain (122ms)
			TypeCache.Refresh (7ms)
				TypeCache.ScanAssembly (0ms)
			BuildScriptInfoCaches (106ms)
			ResolveRequiredComponents (6ms)
	FinalizeReload (508ms)
		ReleaseScriptCaches (0ms)
		RebuildScriptCaches (0ms)
		SetupLoadedEditorAssemblies (417ms)
			LogAssemblyErrors (0ms)
			InitializePlatformSupportModulesInManaged (2ms)
			SetLoadedEditorAssemblies (2ms)
			BeforeProcessingInitializeOnLoad (89ms)
			ProcessInitializeOnLoadAttributes (289ms)
			ProcessInitializeOnLoadMethodAttributes (33ms)
			AfterProcessingInitializeOnLoad (1ms)
			EditorAssembliesLoaded (0ms)
		ExecutionOrderSort2 (0ms)
		AwakeInstancesAfterBackupRestoration (7ms)
WARNING: Shader Unsupported: 'Universal Render Pipeline/VR/SpatialMapping/Wireframe' - All subshaders removed
WARNING: Shader Did you use #pragma only_renderers and omit this platform?
WARNING: Shader If subshaders removal was intentional, you may have forgotten turning Fallback off?
WARNING: Shader Unsupported: 'Universal Render Pipeline/VR/SpatialMapping/Wireframe' - All subshaders removed
WARNING: Shader Did you use #pragma only_renderers and omit this platform?
WARNING: Shader If subshaders removal was intentional, you may have forgotten turning Fallback off?
Refreshing native plugins compatible for Editor in 0.47 ms, found 3 plugins.
Preloading 0 native plugins for Editor in 0.00 ms.
Unloading 27 Unused Serialized files (Serialized files now loaded: 0)
Unloading 6911 unused Assets / (6.0 MB). Loaded Objects now: 7967.
Memory consumption went from 157.6 MB to 151.6 MB.
Total: 6.585209 ms (FindLiveObjects: 0.395250 ms CreateObjectMapping: 0.219125 ms MarkObjects: 4.356834 ms  DeleteObjects: 1.613417 ms)

Prepare: number of updated asset objects reloaded= 0
========================================================================
Received Prepare
Begin MonoManager ReloadAssembly
[Licensing::Client] Successfully resolved entitlement details
Thread 0x16f183000 may have been prematurely finalized
- Loaded All Assemblies, in  0.396 seconds
Refreshing native plugins compatible for Editor in 0.39 ms, found 3 plugins.
Native extension for OSXStandalone target not found
Native extension for WebGL target not found
[Package Manager] Failed to launch server process. Reason: Unity was launched with the -noUpm command-line argument
[Package Manager] Unable to send message (not connected to server process).
[Package Manager] Cannot connect to Unity Package Manager local server
Mono: successfully reloaded assembly
- Finished resetting the current domain, in  0.505 seconds
Domain Reload Profiling: 904ms
	BeginReloadAssembly (107ms)
		ExecutionOrderSort (0ms)
		DisableScriptedObjects (7ms)
		BackupInstance (0ms)
		ReleaseScriptingObjects (0ms)
		CreateAndSetChildDomain (32ms)
	RebuildCommonClasses (23ms)
	RebuildNativeTypeToScriptingClass (9ms)
	initialDomainReloadingComplete (13ms)
	LoadAllAssembliesAndSetupDomain (248ms)
		LoadAssemblies (155ms)
		RebuildTransferFunctionScriptingTraits (0ms)
		AnalyzeDomain (121ms)
			TypeCache.Refresh (6ms)
				TypeCache.ScanAssembly (0ms)
			BuildScriptInfoCaches (106ms)
			ResolveRequiredComponents (7ms)
	FinalizeReload (505ms)
		ReleaseScriptCaches (0ms)
		RebuildScriptCaches (0ms)
		SetupLoadedEditorAssemblies (413ms)
			LogAssemblyErrors (0ms)
			InitializePlatformSupportModulesInManaged (1ms)
			SetLoadedEditorAssemblies (2ms)
			BeforeProcessingInitializeOnLoad (86ms)
			ProcessInitializeOnLoadAttributes (288ms)
			ProcessInitializeOnLoadMethodAttributes (34ms)
			AfterProcessingInitializeOnLoad (1ms)
			EditorAssembliesLoaded (0ms)
		ExecutionOrderSort2 (0ms)
		AwakeInstancesAfterBackupRestoration (7ms)
WARNING: Shader Unsupported: 'Universal Render Pipeline/VR/SpatialMapping/Wireframe' - All subshaders removed
WARNING: Shader Did you use #pragma only_renderers and omit this platform?
WARNING: Shader If subshaders removal was intentional, you may have forgotten turning Fallback off?
WARNING: Shader Unsupported: 'Universal Render Pipeline/VR/SpatialMapping/Wireframe' - All subshaders removed
WARNING: Shader Did you use #pragma only_renderers and omit this platform?
WARNING: Shader If subshaders removal was intentional, you may have forgotten turning Fallback off?
Refreshing native plugins compatible for Editor in 0.47 ms, found 3 plugins.
Preloading 0 native plugins for Editor in 0.00 ms.
Unloading 27 Unused Serialized files (Serialized files now loaded: 0)
Unloading 6911 unused Assets / (5.9 MB). Loaded Objects now: 7970.
Memory consumption went from 157.7 MB to 151.8 MB.
Total: 6.227000 ms (FindLiveObjects: 0.378625 ms CreateObjectMapping: 0.218916 ms MarkObjects: 4.165584 ms  DeleteObjects: 1.463417 ms)

Prepare: number of updated asset objects reloaded= 0
========================================================================
Received Import Request.
  Time since last request: 1894.902117 seconds.
  path: Assets/PREFABS/Asteroid 5 (1).prefab
  artifactKey: Guid(942215dd6b5554d14b9fcb6547706495) Importer(815301076,1909f56bfc062723c751e8b465ee728b)
Start importing Assets/PREFABS/Asteroid 5 (1).prefab using Guid(942215dd6b5554d14b9fcb6547706495) Importer(815301076,1909f56bfc062723c751e8b465ee728b) (PreviewImporter) -> (artifact id: '8a5669bc54ef5313a2cd9c4fbea77ce9') in 0.351910541 seconds
Number of updated asset objects reloaded before import = 0Number of asset objects unloaded after import = 18

