Unity Editor version:    6000.2.7f2 (2b518236b676)
Branch:                  6000.2/respin/6000.2.7f1-2eb0c79396db
Build type:              Release
Batch mode:              YES
macOS version:           Version 26.1 (Build 25B78)
Darwin version:          25.1.0
Architecture:            arm64
Running under Rosetta:   NO
Available memory:        16384 MB
Date:                    2026-01-22T10:33:54Z
[Licensing::Module] Trying to connect to existing licensing client channel...
[Licensing::IpcConnector] Successfully connected to: "LicenseClient-ahmedfarukkaynar" at "2026-01-22T10:33:54.739196Z"

COMMAND LINE ARGUMENTS:
/Applications/Unity/Hub/Editor/6000.2.7f2/Unity.app/Contents/MacOS/Unity
-adb2
-batchMode
-noUpm
-name
AssetImportWorker2
-projectPath
/Users/ahmedfarukkaynar/Desktop/Unıtyproject/space wars
-logFile
Logs/AssetImportWorker2.log
-srvPort
49196
-licensingIpc
LicenseClient-ahmedfarukkaynar
-job-worker-count
5
-background-job-worker-count
8
-gc-helper-count
1
-name AssetImport
Successfully changed project path to: /Users/ahmedfarukkaynar/Desktop/Unıtyproject/space wars
/Users/ahmedfarukkaynar/Desktop/Unıtyproject/space wars
[UnityMemory] Configuration Parameters - Can be set up in boot.config
    "memorysetup-allocator-temp-initial-block-size-main=262144"
    "memorysetup-allocator-temp-initial-block-size-worker=262144"
    "memorysetup-bucket-allocator-granularity=16"
    "memorysetup-bucket-allocator-bucket-count=8"
    "memorysetup-bucket-allocator-block-size=33554432"
    "memorysetup-bucket-allocator-block-count=8"
    "memorysetup-main-allocator-block-size=16777216"
    "memorysetup-thread-allocator-block-size=16777216"
    "memorysetup-gfx-main-allocator-block-size=16777216"
    "memorysetup-gfx-thread-allocator-block-size=16777216"
    "memorysetup-cache-allocator-block-size=4194304"
    "memorysetup-typetree-allocator-block-size=2097152"
    "memorysetup-profiler-bucket-allocator-granularity=16"
    "memorysetup-profiler-bucket-allocator-bucket-count=8"
    "memorysetup-profiler-bucket-allocator-block-size=33554432"
    "memorysetup-profiler-bucket-allocator-block-count=8"
    "memorysetup-profiler-allocator-block-size=16777216"
    "memorysetup-profiler-editor-allocator-block-size=1048576"
    "memorysetup-temp-allocator-size-main=16777216"
    "memorysetup-job-temp-allocator-block-size=2097152"
    "memorysetup-job-temp-allocator-block-size-background=1048576"
    "memorysetup-job-temp-allocator-reduction-small-platforms=262144"
    "memorysetup-temp-allocator-size-background-worker=32768"
    "memorysetup-temp-allocator-size-job-worker=262144"
    "memorysetup-temp-allocator-size-preload-manager=33554432"
    "memorysetup-temp-allocator-size-nav-mesh-worker=65536"
    "memorysetup-temp-allocator-size-audio-worker=65536"
    "memorysetup-temp-allocator-size-cloud-worker=32768"
    "memorysetup-temp-allocator-size-gi-baking-worker=262144"
    "memorysetup-temp-allocator-size-gi-baking-worker=262144"
    "memorysetup-temp-allocator-size-gi-baking-worker=262144"
    "memorysetup-temp-allocator-size-gi-baking-worker=262144"
    "memorysetup-temp-allocator-size-gi-baking-worker=262144"
    "memorysetup-temp-allocator-size-gfx=262144"
Player connection [8498667648]  Target information:

Player connection [8498667648]  * "[IP] 192.168.1.106 [Port] 0 [Flags] 2 [Guid] 608458266 [EditorId] 608458266 [Version] 1048832 [Id] OSXEditor(0,Mac.hgw.local) [Debug] 1 [PackageName] OSXEditor [ProjectName] Editor" 

Player connection [8498667648] Host joined multi-casting on [225.0.0.222:54997]...
Player connection [8498667648] Host joined alternative multi-casting on [225.0.0.222:34997]...
JobSystem: Creating JobQueue using job-worker-count value 5
Input System module state changed to: Initialized.
[Physics::Module] Initialized fallback backend.
[Physics::Module] Id: 0xdecafbad
Library Redirect Path: Library/
[Physics::Module] Selected backend.
[Physics::Module] Name: PhysX
[Physics::Module] Id: 0xf2b8ea05
[Physics::Module] SDK Version: 4.1.2
[Physics::Module] Integration Version: 1.0.0
[Physics::Module] Threading Mode: Multi-Threaded
Refreshing native plugins compatible for Editor in 5.54 ms, found 3 plugins.
Preloading 0 native plugins for Editor in 0.00 ms.
Initialize engine version: 6000.2.7f2 (2b518236b676)
[Subsystems] Discovering subsystems at path /Applications/Unity/Hub/Editor/6000.2.7f2/Unity.app/Contents/Resources/UnitySubsystems
[Subsystems] Discovering subsystems at path /Users/ahmedfarukkaynar/Desktop/Unıtyproject/space wars/Assets
GfxDevice: creating device client; kGfxThreadingModeNonThreaded
 preferred device: Apple M2 Pro (high power)
Metal devices available: 1
0: Apple M2 Pro (high power)
Using device Apple M2 Pro (high power)
Initializing Metal device caps: Apple M2 Pro
Mac GPU Family: 2
Apple GPU Family: 8
MSL Version: 3.0
Has Float MSAA: 1
Has Float Filtering: 1
ReadWrite Texture Tier: 2
[Licensing::Client] Code 10 while verifying Licensing Client signature (process Id: 1373, path: "/Applications/Unity Hub.app/Contents/Frameworks/UnityLicensingClient_V1.app/Contents/MacOS/Unity.Licensing.Client")
[Licensing::Module] LicensingClient has failed validation; ignoring
[Licensing::Client] Handshaking with LicensingClient:
  Version:                 1.17.4+4293ba1
  Session Id:              40ae84b1443f499d92be8588c8698b1d
  Correlation Id:          671ac9c40150bbebbe585196ef611e17
  External correlation Id: 2978268412102660423
  Machine Id:              yjKNtyzvPjuCHZcsagFkEf4z7BE=
[Licensing::Module] Successfully connected to LicensingClient on channel: "LicenseClient-ahmedfarukkaynar" (connect: 0.00s, validation: 0.00s, handshake: 0.33s)
[Licensing::IpcConnector] Successfully connected to: "LicenseClient-ahmedfarukkaynar-notifications" at "2026-01-22T10:33:55.07481Z"
[Licensing::Module] Licensing Background thread has ended after 0.34s
Initialize mono
Mono path[0] = '/Applications/Unity/Hub/Editor/6000.2.7f2/Unity.app/Contents/Managed'
Mono path[1] = '/Applications/Unity/Hub/Editor/6000.2.7f2/Unity.app/Contents/MonoBleedingEdge/lib/mono/unityjit-macos'
Mono config path = '/Applications/Unity/Hub/Editor/6000.2.7f2/Unity.app/Contents/MonoBleedingEdge/etc'
Using monoOptions --debugger-agent=transport=dt_socket,embedding=1,server=y,suspend=n,address=127.0.0.1:56959
Begin MonoManager ReloadAssembly
Registering precompiled unity dll's ...
Register platform support module: /Applications/Unity/Hub/Editor/6000.2.7f2/PlaybackEngines/WebGLSupport/UnityEditor.WebGL.Extensions.dll
Register platform support module: /Applications/Unity/Hub/Editor/6000.2.7f2/Unity.app/Contents/PlaybackEngines/MacStandaloneSupport/UnityEditor.OSXStandalone.Extensions.dll
Registered in 0.001232 seconds.
- Loaded All Assemblies, in  0.278 seconds
Native extension for OSXStandalone target not found
Native extension for WebGL target not found
Mono: successfully reloaded assembly
- Finished resetting the current domain, in  0.227 seconds
Domain Reload Profiling: 506ms
	BeginReloadAssembly (106ms)
		ExecutionOrderSort (0ms)
		DisableScriptedObjects (0ms)
		BackupInstance (0ms)
		ReleaseScriptingObjects (0ms)
		CreateAndSetChildDomain (0ms)
	RebuildCommonClasses (24ms)
	RebuildNativeTypeToScriptingClass (9ms)
	initialDomainReloadingComplete (28ms)
	LoadAllAssembliesAndSetupDomain (111ms)
		LoadAssemblies (106ms)
		RebuildTransferFunctionScriptingTraits (0ms)
		AnalyzeDomain (108ms)
			TypeCache.Refresh (107ms)
				TypeCache.ScanAssembly (96ms)
			BuildScriptInfoCaches (0ms)
			ResolveRequiredComponents (0ms)
	FinalizeReload (227ms)
		ReleaseScriptCaches (0ms)
		RebuildScriptCaches (0ms)
		SetupLoadedEditorAssemblies (196ms)
			LogAssemblyErrors (0ms)
			InitializePlatformSupportModulesInManaged (35ms)
			SetLoadedEditorAssemblies (3ms)
			BeforeProcessingInitializeOnLoad (46ms)
			ProcessInitializeOnLoadAttributes (78ms)
			ProcessInitializeOnLoadMethodAttributes (34ms)
			AfterProcessingInitializeOnLoad (0ms)
			EditorAssembliesLoaded (0ms)
		ExecutionOrderSort2 (0ms)
		AwakeInstancesAfterBackupRestoration (0ms)
========================================================================
Worker process is ready to serve import requests
Import Worker Mode flag is 0x00
Begin MonoManager ReloadAssembly
[Licensing::Client] Successfully resolved entitlement details
[Licensing::Module] License group:
  Id: 18968339009536-UnityPersXXXX
  Product: Unity Personal
  Type: Assigned
  Expiration: Unlimited
- Loaded All Assemblies, in  0.497 seconds
Refreshing native plugins compatible for Editor in 0.44 ms, found 3 plugins.
Native extension for OSXStandalone target not found
Native extension for WebGL target not found
Package Manager log level set to [2]
[Package Manager] Failed to launch server process. Reason: Unity was launched with the -noUpm command-line argument
[Package Manager] Unable to send message (not connected to server process).
[Package Manager] Cannot connect to Unity Package Manager local server
Mono: successfully reloaded assembly
- Finished resetting the current domain, in  0.543 seconds
Domain Reload Profiling: 1040ms
	BeginReloadAssembly (83ms)
		ExecutionOrderSort (0ms)
		DisableScriptedObjects (3ms)
		BackupInstance (0ms)
		ReleaseScriptingObjects (0ms)
		CreateAndSetChildDomain (14ms)
	RebuildCommonClasses (24ms)
	RebuildNativeTypeToScriptingClass (9ms)
	initialDomainReloadingComplete (22ms)
	LoadAllAssembliesAndSetupDomain (359ms)
		LoadAssemblies (224ms)
		RebuildTransferFunctionScriptingTraits (0ms)
		AnalyzeDomain (173ms)
			TypeCache.Refresh (132ms)
				TypeCache.ScanAssembly (118ms)
			BuildScriptInfoCaches (32ms)
			ResolveRequiredComponents (7ms)
	FinalizeReload (543ms)
		ReleaseScriptCaches (0ms)
		RebuildScriptCaches (0ms)
		SetupLoadedEditorAssemblies (460ms)
			LogAssemblyErrors (0ms)
			InitializePlatformSupportModulesInManaged (1ms)
			SetLoadedEditorAssemblies (4ms)
			BeforeProcessingInitializeOnLoad (86ms)
			ProcessInitializeOnLoadAttributes (308ms)
			ProcessInitializeOnLoadMethodAttributes (61ms)
			AfterProcessingInitializeOnLoad (1ms)
			EditorAssembliesLoaded (0ms)
		ExecutionOrderSort2 (0ms)
		AwakeInstancesAfterBackupRestoration (2ms)
WARNING: Shader Unsupported: 'Universal Render Pipeline/VR/SpatialMapping/Wireframe' - All subshaders removed
WARNING: Shader Did you use #pragma only_renderers and omit this platform?
WARNING: Shader If subshaders removal was intentional, you may have forgotten turning Fallback off?
WARNING: Shader Unsupported: 'Universal Render Pipeline/VR/SpatialMapping/Wireframe' - All subshaders removed
WARNING: Shader Did you use #pragma only_renderers and omit this platform?
WARNING: Shader If subshaders removal was intentional, you may have forgotten turning Fallback off?
Launching external process: /Applications/Unity/Hub/Editor/6000.2.7f2/Unity.app/Contents/Tools/UnityShaderCompiler
Launched and connected shader compiler UnityShaderCompiler after 0.04 seconds
Refreshing native plugins compatible for Editor in 0.45 ms, found 3 plugins.
Preloading 0 native plugins for Editor in 0.00 ms.
Unloading 15 Unused Serialized files (Serialized files now loaded: 0)
Unloading 6805 unused Assets / (4.4 MB). Loaded Objects now: 7532.
Memory consumption went from 140.9 MB to 136.6 MB.
Total: 6.506000 ms (FindLiveObjects: 0.400542 ms CreateObjectMapping: 0.233209 ms MarkObjects: 4.560000 ms  DeleteObjects: 1.311750 ms)

========================================================================
Received Import Request.
  Time since last request: 16711.311010 seconds.
  path: Assets/game-minecraft-gaming-background-music-402451.mp3
  artifactKey: Guid(655850eca46bd4493b3b2da1abc24f83) Importer(815301076,1909f56bfc062723c751e8b465ee728b)
Start importing Assets/game-minecraft-gaming-background-music-402451.mp3 using Guid(655850eca46bd4493b3b2da1abc24f83) Importer(815301076,1909f56bfc062723c751e8b465ee728b) (PreviewImporter) -> (artifact id: 'b9df3e1103af9f6dcd653264fef13a71') in 0.108928083 seconds
Number of updated asset objects reloaded before import = 0Number of asset objects unloaded after import = 2

========================================================================
Received Import Request.
  Time since last request: 0.807398 seconds.
  path: Assets/game-minecraft-gaming-background-music-402451.mp3
  artifactKey: Guid(655850eca46bd4493b3b2da1abc24f83) Importer(2089858483,192608db42251d675da83286b1cce702)
Start importing Assets/game-minecraft-gaming-background-music-402451.mp3 using Guid(655850eca46bd4493b3b2da1abc24f83) Importer(2089858483,192608db42251d675da83286b1cce702) (ScriptedImporter) -> (artifact id: 'f0e7a4567d8a7d56154a8d2ed16577fb') in 0.115288791 seconds
Number of updated asset objects reloaded before import = 0Number of asset objects unloaded after import = 1

========================================================================
Received Prepare
Begin MonoManager ReloadAssembly
[Licensing::Client] Successfully resolved entitlement details
Thread 0x16eb87000 may have been prematurely finalized
- Loaded All Assemblies, in  0.481 seconds
Refreshing native plugins compatible for Editor in 0.40 ms, found 3 plugins.
Native extension for OSXStandalone target not found
Native extension for WebGL target not found
[Package Manager] Failed to launch server process. Reason: Unity was launched with the -noUpm command-line argument
[Package Manager] Unable to send message (not connected to server process).
[Package Manager] Cannot connect to Unity Package Manager local server
Mono: successfully reloaded assembly
- Finished resetting the current domain, in  0.489 seconds
Domain Reload Profiling: 972ms
	BeginReloadAssembly (135ms)
		ExecutionOrderSort (0ms)
		DisableScriptedObjects (8ms)
		BackupInstance (0ms)
		ReleaseScriptingObjects (0ms)
		CreateAndSetChildDomain (43ms)
	RebuildCommonClasses (24ms)
	RebuildNativeTypeToScriptingClass (9ms)
	initialDomainReloadingComplete (18ms)
	LoadAllAssembliesAndSetupDomain (298ms)
		LoadAssemblies (209ms)
		RebuildTransferFunctionScriptingTraits (0ms)
		AnalyzeDomain (132ms)
			TypeCache.Refresh (8ms)
				TypeCache.ScanAssembly (0ms)
			BuildScriptInfoCaches (115ms)
			ResolveRequiredComponents (7ms)
	FinalizeReload (489ms)
		ReleaseScriptCaches (0ms)
		RebuildScriptCaches (0ms)
		SetupLoadedEditorAssemblies (399ms)
			LogAssemblyErrors (0ms)
			InitializePlatformSupportModulesInManaged (1ms)
			SetLoadedEditorAssemblies (4ms)
			BeforeProcessingInitializeOnLoad (83ms)
			ProcessInitializeOnLoadAttributes (280ms)
			ProcessInitializeOnLoadMethodAttributes (30ms)
			AfterProcessingInitializeOnLoad (1ms)
			EditorAssembliesLoaded (0ms)
		ExecutionOrderSort2 (0ms)
		AwakeInstancesAfterBackupRestoration (7ms)
WARNING: Shader Unsupported: 'Universal Render Pipeline/VR/SpatialMapping/Wireframe' - All subshaders removed
WARNING: Shader Did you use #pragma only_renderers and omit this platform?
WARNING: Shader If subshaders removal was intentional, you may have forgotten turning Fallback off?
WARNING: Shader Unsupported: 'Universal Render Pipeline/VR/SpatialMapping/Wireframe' - All subshaders removed
WARNING: Shader Did you use #pragma only_renderers and omit this platform?
WARNING: Shader If subshaders removal was intentional, you may have forgotten turning Fallback off?
Refreshing native plugins compatible for Editor in 0.81 ms, found 3 plugins.
Preloading 0 native plugins for Editor in 0.00 ms.
Unloading 15 Unused Serialized files (Serialized files now loaded: 0)
Unloading 6803 unused Assets / (4.5 MB). Loaded Objects now: 7548.
Memory consumption went from 154.9 MB to 150.4 MB.
Total: 6.964750 ms (FindLiveObjects: 0.395959 ms CreateObjectMapping: 0.262916 ms MarkObjects: 4.626375 ms  DeleteObjects: 1.679250 ms)

Prepare: number of updated asset objects reloaded= 0
========================================================================
Received Prepare
Begin MonoManager ReloadAssembly
Thread 0x16b8f7000 may have been prematurely finalized
- Loaded All Assemblies, in  0.436 seconds
Refreshing native plugins compatible for Editor in 0.41 ms, found 3 plugins.
Native extension for OSXStandalone target not found
Native extension for WebGL target not found
[Package Manager] Failed to launch server process. Reason: Unity was launched with the -noUpm command-line argument
[Package Manager] Unable to send message (not connected to server process).
[Package Manager] Cannot connect to Unity Package Manager local server
Mono: successfully reloaded assembly
- Finished resetting the current domain, in  0.494 seconds
Domain Reload Profiling: 933ms
	BeginReloadAssembly (104ms)
		ExecutionOrderSort (0ms)
		DisableScriptedObjects (8ms)
		BackupInstance (0ms)
		ReleaseScriptingObjects (0ms)
		CreateAndSetChildDomain (25ms)
	RebuildCommonClasses (23ms)
	RebuildNativeTypeToScriptingClass (9ms)
	initialDomainReloadingComplete (12ms)
	LoadAllAssembliesAndSetupDomain (290ms)
		LoadAssemblies (203ms)
		RebuildTransferFunctionScriptingTraits (0ms)
		AnalyzeDomain (122ms)
			TypeCache.Refresh (9ms)
				TypeCache.ScanAssembly (0ms)
			BuildScriptInfoCaches (104ms)
			ResolveRequiredComponents (6ms)
	FinalizeReload (494ms)
		ReleaseScriptCaches (0ms)
		RebuildScriptCaches (0ms)
		SetupLoadedEditorAssemblies (409ms)
			LogAssemblyErrors (0ms)
			InitializePlatformSupportModulesInManaged (1ms)
			SetLoadedEditorAssemblies (4ms)
			BeforeProcessingInitializeOnLoad (88ms)
			ProcessInitializeOnLoadAttributes (283ms)
			ProcessInitializeOnLoadMethodAttributes (32ms)
			AfterProcessingInitializeOnLoad (1ms)
			EditorAssembliesLoaded (0ms)
		ExecutionOrderSort2 (0ms)
		AwakeInstancesAfterBackupRestoration (7ms)
WARNING: Shader Unsupported: 'Universal Render Pipeline/VR/SpatialMapping/Wireframe' - All subshaders removed
WARNING: Shader Did you use #pragma only_renderers and omit this platform?
WARNING: Shader If subshaders removal was intentional, you may have forgotten turning Fallback off?
WARNING: Shader Unsupported: 'Universal Render Pipeline/VR/SpatialMapping/Wireframe' - All subshaders removed
WARNING: Shader Did you use #pragma only_renderers and omit this platform?
WARNING: Shader If subshaders removal was intentional, you may have forgotten turning Fallback off?
Refreshing native plugins compatible for Editor in 0.56 ms, found 3 plugins.
Preloading 0 native plugins for Editor in 0.00 ms.
Unloading 15 Unused Serialized files (Serialized files now loaded: 0)
Unloading 6803 unused Assets / (4.2 MB). Loaded Objects now: 7551.
Memory consumption went from 154.8 MB to 150.6 MB.
Total: 6.548209 ms (FindLiveObjects: 0.420167 ms CreateObjectMapping: 0.260083 ms MarkObjects: 4.331709 ms  DeleteObjects: 1.536083 ms)

Prepare: number of updated asset objects reloaded= 0
========================================================================
Received Prepare
Begin MonoManager ReloadAssembly
[Licensing::Client] Successfully resolved entitlement details
Thread 0x16b8f7000 may have been prematurely finalized
- Loaded All Assemblies, in  0.417 seconds
Refreshing native plugins compatible for Editor in 0.39 ms, found 3 plugins.
Native extension for OSXStandalone target not found
Native extension for WebGL target not found
[Package Manager] Failed to launch server process. Reason: Unity was launched with the -noUpm command-line argument
[Package Manager] Unable to send message (not connected to server process).
[Package Manager] Cannot connect to Unity Package Manager local server
Mono: successfully reloaded assembly
- Finished resetting the current domain, in  0.508 seconds
Domain Reload Profiling: 928ms
	BeginReloadAssembly (101ms)
		ExecutionOrderSort (0ms)
		DisableScriptedObjects (8ms)
		BackupInstance (0ms)
		ReleaseScriptingObjects (0ms)
		CreateAndSetChildDomain (27ms)
	RebuildCommonClasses (23ms)
	RebuildNativeTypeToScriptingClass (9ms)
	initialDomainReloadingComplete (13ms)
	LoadAllAssembliesAndSetupDomain (274ms)
		LoadAssemblies (180ms)
		RebuildTransferFunctionScriptingTraits (0ms)
		AnalyzeDomain (123ms)
			TypeCache.Refresh (9ms)
				TypeCache.ScanAssembly (0ms)
			BuildScriptInfoCaches (106ms)
			ResolveRequiredComponents (6ms)
	FinalizeReload (508ms)
		ReleaseScriptCaches (0ms)
		RebuildScriptCaches (0ms)
		SetupLoadedEditorAssemblies (423ms)
			LogAssemblyErrors (0ms)
			InitializePlatformSupportModulesInManaged (1ms)
			SetLoadedEditorAssemblies (4ms)
			BeforeProcessingInitializeOnLoad (90ms)
			ProcessInitializeOnLoadAttributes (292ms)
			ProcessInitializeOnLoadMethodAttributes (35ms)
			AfterProcessingInitializeOnLoad (1ms)
			EditorAssembliesLoaded (0ms)
		ExecutionOrderSort2 (0ms)
		AwakeInstancesAfterBackupRestoration (6ms)
WARNING: Shader Unsupported: 'Universal Render Pipeline/VR/SpatialMapping/Wireframe' - All subshaders removed
WARNING: Shader Did you use #pragma only_renderers and omit this platform?
WARNING: Shader If subshaders removal was intentional, you may have forgotten turning Fallback off?
WARNING: Shader Unsupported: 'Universal Render Pipeline/VR/SpatialMapping/Wireframe' - All subshaders removed
WARNING: Shader Did you use #pragma only_renderers and omit this platform?
WARNING: Shader If subshaders removal was intentional, you may have forgotten turning Fallback off?
Refreshing native plugins compatible for Editor in 0.67 ms, found 3 plugins.
Preloading 0 native plugins for Editor in 0.00 ms.
Unloading 15 Unused Serialized files (Serialized files now loaded: 0)
Unloading 6803 unused Assets / (4.2 MB). Loaded Objects now: 7554.
Memory consumption went from 154.8 MB to 150.7 MB.
Total: 6.562875 ms (FindLiveObjects: 0.402000 ms CreateObjectMapping: 0.282875 ms MarkObjects: 4.328500 ms  DeleteObjects: 1.549125 ms)

Prepare: number of updated asset objects reloaded= 0
========================================================================
Received Prepare
Begin MonoManager ReloadAssembly
Thread 0x16b8f7000 may have been prematurely finalized
- Loaded All Assemblies, in  0.431 seconds
Refreshing native plugins compatible for Editor in 0.42 ms, found 3 plugins.
Native extension for OSXStandalone target not found
Native extension for WebGL target not found
[Package Manager] Failed to launch server process. Reason: Unity was launched with the -noUpm command-line argument
[Package Manager] Unable to send message (not connected to server process).
[Package Manager] Cannot connect to Unity Package Manager local server
Mono: successfully reloaded assembly
- Finished resetting the current domain, in  0.493 seconds
Domain Reload Profiling: 926ms
	BeginReloadAssembly (114ms)
		ExecutionOrderSort (0ms)
		DisableScriptedObjects (9ms)
		BackupInstance (0ms)
		ReleaseScriptingObjects (0ms)
		CreateAndSetChildDomain (31ms)
	RebuildCommonClasses (24ms)
	RebuildNativeTypeToScriptingClass (9ms)
	initialDomainReloadingComplete (14ms)
	LoadAllAssembliesAndSetupDomain (272ms)
		LoadAssemblies (183ms)
		RebuildTransferFunctionScriptingTraits (0ms)
		AnalyzeDomain (124ms)
			TypeCache.Refresh (10ms)
				TypeCache.ScanAssembly (0ms)
			BuildScriptInfoCaches (106ms)
			ResolveRequiredComponents (6ms)
	FinalizeReload (493ms)
		ReleaseScriptCaches (0ms)
		RebuildScriptCaches (0ms)
		SetupLoadedEditorAssemblies (406ms)
			LogAssemblyErrors (0ms)
			InitializePlatformSupportModulesInManaged (1ms)
			SetLoadedEditorAssemblies (4ms)
			BeforeProcessingInitializeOnLoad (91ms)
			ProcessInitializeOnLoadAttributes (275ms)
			ProcessInitializeOnLoadMethodAttributes (33ms)
			AfterProcessingInitializeOnLoad (1ms)
			EditorAssembliesLoaded (0ms)
		ExecutionOrderSort2 (0ms)
		AwakeInstancesAfterBackupRestoration (8ms)
WARNING: Shader Unsupported: 'Universal Render Pipeline/VR/SpatialMapping/Wireframe' - All subshaders removed
WARNING: Shader Did you use #pragma only_renderers and omit this platform?
WARNING: Shader If subshaders removal was intentional, you may have forgotten turning Fallback off?
WARNING: Shader Unsupported: 'Universal Render Pipeline/VR/SpatialMapping/Wireframe' - All subshaders removed
WARNING: Shader Did you use #pragma only_renderers and omit this platform?
WARNING: Shader If subshaders removal was intentional, you may have forgotten turning Fallback off?
Refreshing native plugins compatible for Editor in 0.79 ms, found 3 plugins.
Preloading 0 native plugins for Editor in 0.00 ms.
Unloading 15 Unused Serialized files (Serialized files now loaded: 0)
Unloading 6803 unused Assets / (3.9 MB). Loaded Objects now: 7557.
Memory consumption went from 154.9 MB to 151.0 MB.
Total: 6.663166 ms (FindLiveObjects: 0.401916 ms CreateObjectMapping: 0.233375 ms MarkObjects: 4.572625 ms  DeleteObjects: 1.454708 ms)

Prepare: number of updated asset objects reloaded= 0
========================================================================
Received Import Request.
  Time since last request: 226.033718 seconds.
  path: Assets/PREFABS/Asteroid 5 (1).prefab
  artifactKey: Guid(942215dd6b5554d14b9fcb6547706495) Importer(815301076,1909f56bfc062723c751e8b465ee728b)
Start importing Assets/PREFABS/Asteroid 5 (1).prefab using Guid(942215dd6b5554d14b9fcb6547706495) Importer(815301076,1909f56bfc062723c751e8b465ee728b) (PreviewImporter) -> (artifact id: '03ee96841da1009fb91213f41647d866') in 0.239430584 seconds
Number of updated asset objects reloaded before import = 0Number of asset objects unloaded after import = 18

========================================================================
Received Import Request.
  Time since last request: 20.297650 seconds.
  path: Assets/PREFABS/Asteroid 5 (1).prefab
  artifactKey: Guid(942215dd6b5554d14b9fcb6547706495) Importer(815301076,1909f56bfc062723c751e8b465ee728b)
Start importing Assets/PREFABS/Asteroid 5 (1).prefab using Guid(942215dd6b5554d14b9fcb6547706495) Importer(815301076,1909f56bfc062723c751e8b465ee728b) (PreviewImporter) -> (artifact id: '9bf185fc2fc69507a9329a66f8f78b6a') in 0.005914667 seconds
Number of updated asset objects reloaded before import = 0Number of asset objects unloaded after import = 17

========================================================================
Received Prepare
Begin MonoManager ReloadAssembly
[Licensing::Client] Successfully resolved entitlement details
Thread 0x16b8f7000 may have been prematurely finalized
- Loaded All Assemblies, in  0.413 seconds
Refreshing native plugins compatible for Editor in 0.40 ms, found 3 plugins.
Native extension for OSXStandalone target not found
Native extension for WebGL target not found
[Package Manager] Failed to launch server process. Reason: Unity was launched with the -noUpm command-line argument
[Package Manager] Unable to send message (not connected to server process).
[Package Manager] Cannot connect to Unity Package Manager local server
Mono: successfully reloaded assembly
- Finished resetting the current domain, in  0.486 seconds
Domain Reload Profiling: 902ms
	BeginReloadAssembly (112ms)
		ExecutionOrderSort (0ms)
		DisableScriptedObjects (14ms)
		BackupInstance (0ms)
		ReleaseScriptingObjects (0ms)
		CreateAndSetChildDomain (30ms)
	RebuildCommonClasses (22ms)
	RebuildNativeTypeToScriptingClass (9ms)
	initialDomainReloadingComplete (12ms)
	LoadAllAssembliesAndSetupDomain (261ms)
		LoadAssemblies (176ms)
		RebuildTransferFunctionScriptingTraits (0ms)
		AnalyzeDomain (115ms)
			TypeCache.Refresh (9ms)
				TypeCache.ScanAssembly (0ms)
			BuildScriptInfoCaches (97ms)
			ResolveRequiredComponents (6ms)
	FinalizeReload (486ms)
		ReleaseScriptCaches (0ms)
		RebuildScriptCaches (0ms)
		SetupLoadedEditorAssemblies (406ms)
			LogAssemblyErrors (0ms)
			InitializePlatformSupportModulesInManaged (1ms)
			SetLoadedEditorAssemblies (3ms)
			BeforeProcessingInitializeOnLoad (89ms)
			ProcessInitializeOnLoadAttributes (279ms)
			ProcessInitializeOnLoadMethodAttributes (33ms)
			AfterProcessingInitializeOnLoad (1ms)
			EditorAssembliesLoaded (0ms)
		ExecutionOrderSort2 (0ms)
		AwakeInstancesAfterBackupRestoration (8ms)
WARNING: Shader Unsupported: 'Universal Render Pipeline/VR/SpatialMapping/Wireframe' - All subshaders removed
WARNING: Shader Did you use #pragma only_renderers and omit this platform?
WARNING: Shader If subshaders removal was intentional, you may have forgotten turning Fallback off?
WARNING: Shader Unsupported: 'Universal Render Pipeline/VR/SpatialMapping/Wireframe' - All subshaders removed
WARNING: Shader Did you use #pragma only_renderers and omit this platform?
WARNING: Shader If subshaders removal was intentional, you may have forgotten turning Fallback off?
Refreshing native plugins compatible for Editor in 0.85 ms, found 3 plugins.
Preloading 0 native plugins for Editor in 0.00 ms.
Unloading 15 Unused Serialized files (Serialized files now loaded: 0)
Unloading 6803 unused Assets / (4.2 MB). Loaded Objects now: 7582.
Memory consumption went from 156.2 MB to 151.9 MB.
Total: 6.451666 ms (FindLiveObjects: 0.339250 ms CreateObjectMapping: 0.251958 ms MarkObjects: 4.266791 ms  DeleteObjects: 1.593375 ms)

Prepare: number of updated asset objects reloaded= 0
========================================================================
Received Prepare
WARNING: Shader Unsupported: 'Universal Render Pipeline/VR/SpatialMapping/Wireframe' - All subshaders removed
WARNING: Shader Did you use #pragma only_renderers and omit this platform?
WARNING: Shader If subshaders removal was intentional, you may have forgotten turning Fallback off?
WARNING: Shader Unsupported: 'Universal Render Pipeline/VR/SpatialMapping/Wireframe' - All subshaders removed
WARNING: Shader Did you use #pragma only_renderers and omit this platform?
WARNING: Shader If subshaders removal was intentional, you may have forgotten turning Fallback off?
Refreshing native plugins compatible for Editor in 0.68 ms, found 3 plugins.
Preloading 0 native plugins for Editor in 0.00 ms.
Unloading 15 Unused Serialized files (Serialized files now loaded: 0)
Unloading 6792 unused Assets / (4.1 MB). Loaded Objects now: 7582.
Memory consumption went from 146.6 MB to 142.4 MB.
Total: 9.624208 ms (FindLiveObjects: 0.425375 ms CreateObjectMapping: 0.257000 ms MarkObjects: 7.477958 ms  DeleteObjects: 1.463750 ms)

Prepare: number of updated asset objects reloaded= 0
========================================================================
Received Import Request.
  Time since last request: 154.601400 seconds.
  path: Assets/PREFABS/Asteroid 5 (1).prefab
  artifactKey: Guid(942215dd6b5554d14b9fcb6547706495) Importer(815301076,1909f56bfc062723c751e8b465ee728b)
Start importing Assets/PREFABS/Asteroid 5 (1).prefab using Guid(942215dd6b5554d14b9fcb6547706495) Importer(815301076,1909f56bfc062723c751e8b465ee728b) (PreviewImporter) -> (artifact id: '89239af3683a780743afb65e9bb57e2d') in 0.213577 seconds
Number of updated asset objects reloaded before import = 0Number of asset objects unloaded after import = 17

========================================================================
Received Prepare
Begin MonoManager ReloadAssembly
[Licensing::Client] Successfully resolved entitlement details
Thread 0x16b8f7000 may have been prematurely finalized
- Loaded All Assemblies, in  0.425 seconds
Refreshing native plugins compatible for Editor in 0.34 ms, found 3 plugins.
Native extension for OSXStandalone target not found
Native extension for WebGL target not found
[Package Manager] Failed to launch server process. Reason: Unity was launched with the -noUpm command-line argument
[Package Manager] Unable to send message (not connected to server process).
[Package Manager] Cannot connect to Unity Package Manager local server
Mono: successfully reloaded assembly
- Finished resetting the current domain, in  0.503 seconds
Domain Reload Profiling: 931ms
	BeginReloadAssembly (114ms)
		ExecutionOrderSort (0ms)
		DisableScriptedObjects (14ms)
		BackupInstance (0ms)
		ReleaseScriptingObjects (0ms)
		CreateAndSetChildDomain (33ms)
	RebuildCommonClasses (23ms)
	RebuildNativeTypeToScriptingClass (9ms)
	initialDomainReloadingComplete (12ms)
	LoadAllAssembliesAndSetupDomain (269ms)
		LoadAssemblies (179ms)
		RebuildTransferFunctionScriptingTraits (0ms)
		AnalyzeDomain (119ms)
			TypeCache.Refresh (10ms)
				TypeCache.ScanAssembly (0ms)
			BuildScriptInfoCaches (101ms)
			ResolveRequiredComponents (6ms)
	FinalizeReload (503ms)
		ReleaseScriptCaches (0ms)
		RebuildScriptCaches (0ms)
		SetupLoadedEditorAssemblies (419ms)
			LogAssemblyErrors (0ms)
			InitializePlatformSupportModulesInManaged (1ms)
			SetLoadedEditorAssemblies (4ms)
			BeforeProcessingInitializeOnLoad (85ms)
			ProcessInitializeOnLoadAttributes (295ms)
			ProcessInitializeOnLoadMethodAttributes (34ms)
			AfterProcessingInitializeOnLoad (1ms)
			EditorAssembliesLoaded (0ms)
		ExecutionOrderSort2 (0ms)
		AwakeInstancesAfterBackupRestoration (6ms)
WARNING: Shader Unsupported: 'Universal Render Pipeline/VR/SpatialMapping/Wireframe' - All subshaders removed
WARNING: Shader Did you use #pragma only_renderers and omit this platform?
WARNING: Shader If subshaders removal was intentional, you may have forgotten turning Fallback off?
WARNING: Shader Unsupported: 'Universal Render Pipeline/VR/SpatialMapping/Wireframe' - All subshaders removed
WARNING: Shader Did you use #pragma only_renderers and omit this platform?
WARNING: Shader If subshaders removal was intentional, you may have forgotten turning Fallback off?
Refreshing native plugins compatible for Editor in 0.45 ms, found 3 plugins.
Preloading 0 native plugins for Editor in 0.00 ms.
Unloading 15 Unused Serialized files (Serialized files now loaded: 0)
Unloading 6803 unused Assets / (4.0 MB). Loaded Objects now: 7605.
Memory consumption went from 159.8 MB to 155.8 MB.
Total: 6.180042 ms (FindLiveObjects: 0.363500 ms CreateObjectMapping: 0.234875 ms MarkObjects: 4.374833 ms  DeleteObjects: 1.206625 ms)

Prepare: number of updated asset objects reloaded= 0
========================================================================
Received Import Request.
  Time since last request: 8.374474 seconds.
  path: Assets/PREFABS/Asteroid 5 (1).prefab
  artifactKey: Guid(942215dd6b5554d14b9fcb6547706495) Importer(815301076,1909f56bfc062723c751e8b465ee728b)
Start importing Assets/PREFABS/Asteroid 5 (1).prefab using Guid(942215dd6b5554d14b9fcb6547706495) Importer(815301076,1909f56bfc062723c751e8b465ee728b) (PreviewImporter) -> (artifact id: 'dfbd38b4bea605ccfeeac524aa459819') in 0.20826675 seconds
Number of updated asset objects reloaded before import = 0Number of asset objects unloaded after import = 18

========================================================================
Received Prepare
Begin MonoManager ReloadAssembly
Thread 0x16b8f7000 may have been prematurely finalized
- Loaded All Assemblies, in  0.415 seconds
Refreshing native plugins compatible for Editor in 0.40 ms, found 3 plugins.
Native extension for OSXStandalone target not found
Native extension for WebGL target not found
[Package Manager] Failed to launch server process. Reason: Unity was launched with the -noUpm command-line argument
[Package Manager] Unable to send message (not connected to server process).
[Package Manager] Cannot connect to Unity Package Manager local server
Mono: successfully reloaded assembly
- Finished resetting the current domain, in  0.500 seconds
Domain Reload Profiling: 917ms
	BeginReloadAssembly (111ms)
		ExecutionOrderSort (0ms)
		DisableScriptedObjects (14ms)
		BackupInstance (0ms)
		ReleaseScriptingObjects (0ms)
		CreateAndSetChildDomain (30ms)
	RebuildCommonClasses (23ms)
	RebuildNativeTypeToScriptingClass (9ms)
	initialDomainReloadingComplete (12ms)
	LoadAllAssembliesAndSetupDomain (263ms)
		LoadAssemblies (173ms)
		RebuildTransferFunctionScriptingTraits (0ms)
		AnalyzeDomain (120ms)
			TypeCache.Refresh (8ms)
				TypeCache.ScanAssembly (0ms)
			BuildScriptInfoCaches (103ms)
			ResolveRequiredComponents (6ms)
	FinalizeReload (500ms)
		ReleaseScriptCaches (0ms)
		RebuildScriptCaches (0ms)
		SetupLoadedEditorAssemblies (416ms)
			LogAssemblyErrors (0ms)
			InitializePlatformSupportModulesInManaged (1ms)
			SetLoadedEditorAssemblies (3ms)
			BeforeProcessingInitializeOnLoad (87ms)
			ProcessInitializeOnLoadAttributes (288ms)
			ProcessInitializeOnLoadMethodAttributes (36ms)
			AfterProcessingInitializeOnLoad (1ms)
			EditorAssembliesLoaded (0ms)
		ExecutionOrderSort2 (0ms)
		AwakeInstancesAfterBackupRestoration (7ms)
WARNING: Shader Unsupported: 'Universal Render Pipeline/VR/SpatialMapping/Wireframe' - All subshaders removed
WARNING: Shader Did you use #pragma only_renderers and omit this platform?
WARNING: Shader If subshaders removal was intentional, you may have forgotten turning Fallback off?
WARNING: Shader Unsupported: 'Universal Render Pipeline/VR/SpatialMapping/Wireframe' - All subshaders removed
WARNING: Shader Did you use #pragma only_renderers and omit this platform?
WARNING: Shader If subshaders removal was intentional, you may have forgotten turning Fallback off?
Refreshing native plugins compatible for Editor in 0.67 ms, found 3 plugins.
Preloading 0 native plugins for Editor in 0.00 ms.
Unloading 15 Unused Serialized files (Serialized files now loaded: 0)
Unloading 6803 unused Assets / (4.2 MB). Loaded Objects now: 7628.
Memory consumption went from 156.1 MB to 152.0 MB.
Total: 6.509833 ms (FindLiveObjects: 0.340875 ms CreateObjectMapping: 0.249625 ms MarkObjects: 4.429375 ms  DeleteObjects: 1.489666 ms)

Prepare: number of updated asset objects reloaded= 0
========================================================================
Received Prepare
Begin MonoManager ReloadAssembly
Thread 0x16b8f7000 may have been prematurely finalized
- Loaded All Assemblies, in  0.423 seconds
Refreshing native plugins compatible for Editor in 0.42 ms, found 3 plugins.
Native extension for OSXStandalone target not found
Native extension for WebGL target not found
[Package Manager] Failed to launch server process. Reason: Unity was launched with the -noUpm command-line argument
[Package Manager] Unable to send message (not connected to server process).
[Package Manager] Cannot connect to Unity Package Manager local server
Mono: successfully reloaded assembly
- Finished resetting the current domain, in  0.505 seconds
Domain Reload Profiling: 931ms
	BeginReloadAssembly (105ms)
		ExecutionOrderSort (0ms)
		DisableScriptedObjects (8ms)
		BackupInstance (0ms)
		ReleaseScriptingObjects (0ms)
		CreateAndSetChildDomain (27ms)
	RebuildCommonClasses (22ms)
	RebuildNativeTypeToScriptingClass (9ms)
	initialDomainReloadingComplete (13ms)
	LoadAllAssembliesAndSetupDomain (276ms)
		LoadAssemblies (189ms)
		RebuildTransferFunctionScriptingTraits (0ms)
		AnalyzeDomain (121ms)
			TypeCache.Refresh (9ms)
				TypeCache.ScanAssembly (0ms)
			BuildScriptInfoCaches (103ms)
			ResolveRequiredComponents (6ms)
	FinalizeReload (505ms)
		ReleaseScriptCaches (0ms)
		RebuildScriptCaches (0ms)
		SetupLoadedEditorAssemblies (420ms)
			LogAssemblyErrors (0ms)
			InitializePlatformSupportModulesInManaged (1ms)
			SetLoadedEditorAssemblies (4ms)
			BeforeProcessingInitializeOnLoad (88ms)
			ProcessInitializeOnLoadAttributes (291ms)
			ProcessInitializeOnLoadMethodAttributes (35ms)
			AfterProcessingInitializeOnLoad (1ms)
			EditorAssembliesLoaded (0ms)
		ExecutionOrderSort2 (0ms)
		AwakeInstancesAfterBackupRestoration (7ms)
WARNING: Shader Unsupported: 'Universal Render Pipeline/VR/SpatialMapping/Wireframe' - All subshaders removed
WARNING: Shader Did you use #pragma only_renderers and omit this platform?
WARNING: Shader If subshaders removal was intentional, you may have forgotten turning Fallback off?
WARNING: Shader Unsupported: 'Universal Render Pipeline/VR/SpatialMapping/Wireframe' - All subshaders removed
WARNING: Shader Did you use #pragma only_renderers and omit this platform?
WARNING: Shader If subshaders removal was intentional, you may have forgotten turning Fallback off?
Refreshing native plugins compatible for Editor in 0.64 ms, found 3 plugins.
Preloading 0 native plugins for Editor in 0.00 ms.
Unloading 15 Unused Serialized files (Serialized files now loaded: 0)
Unloading 6803 unused Assets / (3.9 MB). Loaded Objects now: 7631.
Memory consumption went from 155.8 MB to 151.9 MB.
Total: 6.450250 ms (FindLiveObjects: 0.405917 ms CreateObjectMapping: 0.231750 ms MarkObjects: 4.432083 ms  DeleteObjects: 1.379791 ms)

Prepare: number of updated asset objects reloaded= 0
========================================================================
Received Prepare
Begin MonoManager ReloadAssembly
[Licensing::Client] Successfully resolved entitlement details
Thread 0x16b8f7000 may have been prematurely finalized
- Loaded All Assemblies, in  0.432 seconds
Refreshing native plugins compatible for Editor in 0.38 ms, found 3 plugins.
Native extension for OSXStandalone target not found
Native extension for WebGL target not found
[Package Manager] Failed to launch server process. Reason: Unity was launched with the -noUpm command-line argument
[Package Manager] Unable to send message (not connected to server process).
[Package Manager] Cannot connect to Unity Package Manager local server
Mono: successfully reloaded assembly
- Finished resetting the current domain, in  0.482 seconds
Domain Reload Profiling: 917ms
	BeginReloadAssembly (108ms)
		ExecutionOrderSort (0ms)
		DisableScriptedObjects (9ms)
		BackupInstance (0ms)
		ReleaseScriptingObjects (0ms)
		CreateAndSetChildDomain (29ms)
	RebuildCommonClasses (22ms)
	RebuildNativeTypeToScriptingClass (8ms)
	initialDomainReloadingComplete (11ms)
	LoadAllAssembliesAndSetupDomain (285ms)
		LoadAssemblies (196ms)
		RebuildTransferFunctionScriptingTraits (0ms)
		AnalyzeDomain (119ms)
			TypeCache.Refresh (10ms)
				TypeCache.ScanAssembly (0ms)
			BuildScriptInfoCaches (100ms)
			ResolveRequiredComponents (6ms)
	FinalizeReload (482ms)
		ReleaseScriptCaches (0ms)
		RebuildScriptCaches (0ms)
		SetupLoadedEditorAssemblies (391ms)
			LogAssemblyErrors (0ms)
			InitializePlatformSupportModulesInManaged (1ms)
			SetLoadedEditorAssemblies (4ms)
			BeforeProcessingInitializeOnLoad (89ms)
			ProcessInitializeOnLoadAttributes (265ms)
			ProcessInitializeOnLoadMethodAttributes (31ms)
			AfterProcessingInitializeOnLoad (1ms)
			EditorAssembliesLoaded (0ms)
		ExecutionOrderSort2 (0ms)
		AwakeInstancesAfterBackupRestoration (7ms)
WARNING: Shader Unsupported: 'Universal Render Pipeline/VR/SpatialMapping/Wireframe' - All subshaders removed
WARNING: Shader Did you use #pragma only_renderers and omit this platform?
WARNING: Shader If subshaders removal was intentional, you may have forgotten turning Fallback off?
WARNING: Shader Unsupported: 'Universal Render Pipeline/VR/SpatialMapping/Wireframe' - All subshaders removed
WARNING: Shader Did you use #pragma only_renderers and omit this platform?
WARNING: Shader If subshaders removal was intentional, you may have forgotten turning Fallback off?
Refreshing native plugins compatible for Editor in 0.61 ms, found 3 plugins.
Preloading 0 native plugins for Editor in 0.00 ms.
Unloading 15 Unused Serialized files (Serialized files now loaded: 0)
Unloading 6803 unused Assets / (4.1 MB). Loaded Objects now: 7634.
Memory consumption went from 155.5 MB to 151.5 MB.
Total: 5.952584 ms (FindLiveObjects: 0.391625 ms CreateObjectMapping: 0.249500 ms MarkObjects: 4.064750 ms  DeleteObjects: 1.246292 ms)

Prepare: number of updated asset objects reloaded= 0
========================================================================
Received Prepare
Begin MonoManager ReloadAssembly
Thread 0x16b8f7000 may have been prematurely finalized
- Loaded All Assemblies, in  0.423 seconds
Refreshing native plugins compatible for Editor in 0.38 ms, found 3 plugins.
Native extension for OSXStandalone target not found
Native extension for WebGL target not found
[Package Manager] Failed to launch server process. Reason: Unity was launched with the -noUpm command-line argument
[Package Manager] Unable to send message (not connected to server process).
[Package Manager] Cannot connect to Unity Package Manager local server
Mono: successfully reloaded assembly
- Finished resetting the current domain, in  0.488 seconds
Domain Reload Profiling: 914ms
	BeginReloadAssembly (99ms)
		ExecutionOrderSort (0ms)
		DisableScriptedObjects (7ms)
		BackupInstance (0ms)
		ReleaseScriptingObjects (0ms)
		CreateAndSetChildDomain (25ms)
	RebuildCommonClasses (22ms)
	RebuildNativeTypeToScriptingClass (9ms)
	initialDomainReloadingComplete (12ms)
	LoadAllAssembliesAndSetupDomain (285ms)
		LoadAssemblies (192ms)
		RebuildTransferFunctionScriptingTraits (0ms)
		AnalyzeDomain (123ms)
			TypeCache.Refresh (10ms)
				TypeCache.ScanAssembly (0ms)
			BuildScriptInfoCaches (104ms)
			ResolveRequiredComponents (6ms)
	FinalizeReload (488ms)
		ReleaseScriptCaches (0ms)
		RebuildScriptCaches (0ms)
		SetupLoadedEditorAssemblies (407ms)
			LogAssemblyErrors (0ms)
			InitializePlatformSupportModulesInManaged (1ms)
			SetLoadedEditorAssemblies (4ms)
			BeforeProcessingInitializeOnLoad (93ms)
			ProcessInitializeOnLoadAttributes (274ms)
			ProcessInitializeOnLoadMethodAttributes (34ms)
			AfterProcessingInitializeOnLoad (1ms)
			EditorAssembliesLoaded (0ms)
		ExecutionOrderSort2 (0ms)
		AwakeInstancesAfterBackupRestoration (6ms)
WARNING: Shader Unsupported: 'Universal Render Pipeline/VR/SpatialMapping/Wireframe' - All subshaders removed
WARNING: Shader Did you use #pragma only_renderers and omit this platform?
WARNING: Shader If subshaders removal was intentional, you may have forgotten turning Fallback off?
WARNING: Shader Unsupported: 'Universal Render Pipeline/VR/SpatialMapping/Wireframe' - All subshaders removed
WARNING: Shader Did you use #pragma only_renderers and omit this platform?
WARNING: Shader If subshaders removal was intentional, you may have forgotten turning Fallback off?
Refreshing native plugins compatible for Editor in 0.61 ms, found 3 plugins.
Preloading 0 native plugins for Editor in 0.00 ms.
Unloading 15 Unused Serialized files (Serialized files now loaded: 0)
Unloading 6803 unused Assets / (4.1 MB). Loaded Objects now: 7637.
Memory consumption went from 155.5 MB to 151.4 MB.
Total: 6.177583 ms (FindLiveObjects: 0.312875 ms CreateObjectMapping: 0.216750 ms MarkObjects: 4.094500 ms  DeleteObjects: 1.553041 ms)

Prepare: number of updated asset objects reloaded= 0
========================================================================
Received Import Request.
  Time since last request: 396.097558 seconds.
  path: Assets/PREFABS/Asteroid 5 (1).prefab
  artifactKey: Guid(942215dd6b5554d14b9fcb6547706495) Importer(2089858483,192608db42251d675da83286b1cce702)
Start importing Assets/PREFABS/Asteroid 5 (1).prefab using Guid(942215dd6b5554d14b9fcb6547706495) Importer(2089858483,192608db42251d675da83286b1cce702) (ScriptedImporter) -> (artifact id: '4975421d6a7f998325e27d53e8e0960b') in 0.173570916 seconds
Number of updated asset objects reloaded before import = 0Number of asset objects unloaded after import = 18

========================================================================
Received Import Request.
  Time since last request: 13.397506 seconds.
  path: Assets/synthetic-light-ambient-electronic-374698.mp3
  artifactKey: Guid(5202ea7ee24444008b2eb4dcd81ff809) Importer(815301076,1909f56bfc062723c751e8b465ee728b)
Start importing Assets/synthetic-light-ambient-electronic-374698.mp3 using Guid(5202ea7ee24444008b2eb4dcd81ff809) Importer(815301076,1909f56bfc062723c751e8b465ee728b) (PreviewImporter) -> (artifact id: 'dc7aafff3597868be6d4fc532397f871') in 0.029127958 seconds
Number of updated asset objects reloaded before import = 0Number of asset objects unloaded after import = 2

========================================================================
Received Import Request.
  Time since last request: 0.928218 seconds.
  path: Assets/synthetic-light-ambient-electronic-374698.mp3
  artifactKey: Guid(5202ea7ee24444008b2eb4dcd81ff809) Importer(2089858483,192608db42251d675da83286b1cce702)
Start importing Assets/synthetic-light-ambient-electronic-374698.mp3 using Guid(5202ea7ee24444008b2eb4dcd81ff809) Importer(2089858483,192608db42251d675da83286b1cce702) (ScriptedImporter) -> (artifact id: 'bb8413370a69593509f32d1fae9b2f67') in 0.031693 seconds
Number of updated asset objects reloaded before import = 0Number of asset objects unloaded after import = 1

========================================================================
Received Import Request.
  Time since last request: 246.123772 seconds.
  path: Assets/videogame-death-sound-43894.mp3
  artifactKey: Guid(0c0546e28a41b4f1e8b4827320aa3274) Importer(815301076,1909f56bfc062723c751e8b465ee728b)
Start importing Assets/videogame-death-sound-43894.mp3 using Guid(0c0546e28a41b4f1e8b4827320aa3274) Importer(815301076,1909f56bfc062723c751e8b465ee728b) (PreviewImporter) -> (artifact id: '8acd07ccf02ae4b8091c5d54c5dcd1ca') in 0.005714625 seconds
Number of updated asset objects reloaded before import = 0Number of asset objects unloaded after import = 2

========================================================================
Received Import Request.
  Time since last request: 0.919023 seconds.
  path: Assets/videogame-death-sound-43894.mp3
  artifactKey: Guid(0c0546e28a41b4f1e8b4827320aa3274) Importer(2089858483,192608db42251d675da83286b1cce702)
Start importing Assets/videogame-death-sound-43894.mp3 using Guid(0c0546e28a41b4f1e8b4827320aa3274) Importer(2089858483,192608db42251d675da83286b1cce702) (ScriptedImporter) -> (artifact id: '4c58f8f799a541a3fca5ef5325c4b0dc') in 0.016191 seconds
Number of updated asset objects reloaded before import = 0Number of asset objects unloaded after import = 1

========================================================================
Received Import Request.
  Time since last request: 130.113706 seconds.
  path: Assets/PREFABS/Asteroid 5 (1).prefab
  artifactKey: Guid(942215dd6b5554d14b9fcb6547706495) Importer(815301076,1909f56bfc062723c751e8b465ee728b)
Start importing Assets/PREFABS/Asteroid 5 (1).prefab using Guid(942215dd6b5554d14b9fcb6547706495) Importer(815301076,1909f56bfc062723c751e8b465ee728b) (PreviewImporter) -> (artifact id: '6b6a3adc58076c1062c14b096472f676') in 0.190726625 seconds
Number of updated asset objects reloaded before import = 0Number of asset objects unloaded after import = 18

========================================================================
Received Import Request.
  Time since last request: 13.963115 seconds.
  path: Assets/PREFABS/Asteroid 5 (1).prefab
  artifactKey: Guid(942215dd6b5554d14b9fcb6547706495) Importer(815301076,1909f56bfc062723c751e8b465ee728b)
Start importing Assets/PREFABS/Asteroid 5 (1).prefab using Guid(942215dd6b5554d14b9fcb6547706495) Importer(815301076,1909f56bfc062723c751e8b465ee728b) (PreviewImporter) -> (artifact id: '5504d3c9ec9eca89e3d1a92c5a7801f7') in 0.006374833 seconds
Number of updated asset objects reloaded before import = 0Number of asset objects unloaded after import = 18

========================================================================
Received Import Request.
  Time since last request: 0.950856 seconds.
  path: Assets/PREFABS/Asteroid 5 (1).prefab
  artifactKey: Guid(942215dd6b5554d14b9fcb6547706495) Importer(2089858483,192608db42251d675da83286b1cce702)
Start importing Assets/PREFABS/Asteroid 5 (1).prefab using Guid(942215dd6b5554d14b9fcb6547706495) Importer(2089858483,192608db42251d675da83286b1cce702) (ScriptedImporter) -> (artifact id: '95fc1727695e15e668f34052791ef793') in 0.009669958 seconds
Number of updated asset objects reloaded before import = 0Number of asset objects unloaded after import = 18

========================================================================
Received Prepare
Begin MonoManager ReloadAssembly
[Licensing::Client] Successfully resolved entitlement details
Thread 0x16b8f7000 may have been prematurely finalized
- Loaded All Assemblies, in  0.493 seconds
Refreshing native plugins compatible for Editor in 0.37 ms, found 3 plugins.
Native extension for OSXStandalone target not found
Native extension for WebGL target not found
[Package Manager] Failed to launch server process. Reason: Unity was launched with the -noUpm command-line argument
[Package Manager] Unable to send message (not connected to server process).
[Package Manager] Cannot connect to Unity Package Manager local server
Mono: successfully reloaded assembly
- Finished resetting the current domain, in  0.509 seconds
Domain Reload Profiling: 1005ms
	BeginReloadAssembly (148ms)
		ExecutionOrderSort (0ms)
		DisableScriptedObjects (15ms)
		BackupInstance (0ms)
		ReleaseScriptingObjects (0ms)
		CreateAndSetChildDomain (46ms)
	RebuildCommonClasses (23ms)
	RebuildNativeTypeToScriptingClass (9ms)
	initialDomainReloadingComplete (18ms)
	LoadAllAssembliesAndSetupDomain (297ms)
		LoadAssemblies (212ms)
		RebuildTransferFunctionScriptingTraits (0ms)
		AnalyzeDomain (131ms)
			TypeCache.Refresh (8ms)
				TypeCache.ScanAssembly (0ms)
			BuildScriptInfoCaches (113ms)
			ResolveRequiredComponents (7ms)
	FinalizeReload (510ms)
		ReleaseScriptCaches (0ms)
		RebuildScriptCaches (0ms)
		SetupLoadedEditorAssemblies (416ms)
			LogAssemblyErrors (0ms)
			InitializePlatformSupportModulesInManaged (1ms)
			SetLoadedEditorAssemblies (4ms)
			BeforeProcessingInitializeOnLoad (92ms)
			ProcessInitializeOnLoadAttributes (287ms)
			ProcessInitializeOnLoadMethodAttributes (31ms)
			AfterProcessingInitializeOnLoad (1ms)
			EditorAssembliesLoaded (0ms)
		ExecutionOrderSort2 (0ms)
		AwakeInstancesAfterBackupRestoration (8ms)
WARNING: Shader Unsupported: 'Universal Render Pipeline/VR/SpatialMapping/Wireframe' - All subshaders removed
WARNING: Shader Did you use #pragma only_renderers and omit this platform?
WARNING: Shader If subshaders removal was intentional, you may have forgotten turning Fallback off?
WARNING: Shader Unsupported: 'Universal Render Pipeline/VR/SpatialMapping/Wireframe' - All subshaders removed
WARNING: Shader Did you use #pragma only_renderers and omit this platform?
WARNING: Shader If subshaders removal was intentional, you may have forgotten turning Fallback off?
Refreshing native plugins compatible for Editor in 0.60 ms, found 3 plugins.
Preloading 0 native plugins for Editor in 0.00 ms.
Unloading 15 Unused Serialized files (Serialized files now loaded: 0)
Unloading 6803 unused Assets / (4.1 MB). Loaded Objects now: 7660.
Memory consumption went from 155.9 MB to 151.8 MB.
Total: 7.034709 ms (FindLiveObjects: 0.407167 ms CreateObjectMapping: 0.272166 ms MarkObjects: 4.723375 ms  DeleteObjects: 1.631834 ms)

Prepare: number of updated asset objects reloaded= 0
========================================================================
Received Prepare
Begin MonoManager ReloadAssembly
[Licensing::Client] Successfully resolved entitlement details
Thread 0x16b63b000 may have been prematurely finalized
- Loaded All Assemblies, in  0.457 seconds
Refreshing native plugins compatible for Editor in 0.40 ms, found 3 plugins.
Native extension for OSXStandalone target not found
Native extension for WebGL target not found
[Package Manager] Failed to launch server process. Reason: Unity was launched with the -noUpm command-line argument
[Package Manager] Unable to send message (not connected to server process).
[Package Manager] Cannot connect to Unity Package Manager local server
Mono: successfully reloaded assembly
- Finished resetting the current domain, in  0.518 seconds
Domain Reload Profiling: 978ms
	BeginReloadAssembly (110ms)
		ExecutionOrderSort (0ms)
		DisableScriptedObjects (8ms)
		BackupInstance (0ms)
		ReleaseScriptingObjects (0ms)
		CreateAndSetChildDomain (27ms)
	RebuildCommonClasses (24ms)
	RebuildNativeTypeToScriptingClass (9ms)
	initialDomainReloadingComplete (13ms)
	LoadAllAssembliesAndSetupDomain (304ms)
		LoadAssemblies (214ms)
		RebuildTransferFunctionScriptingTraits (0ms)
		AnalyzeDomain (127ms)
			TypeCache.Refresh (11ms)
				TypeCache.ScanAssembly (0ms)
			BuildScriptInfoCaches (107ms)
			ResolveRequiredComponents (6ms)
	FinalizeReload (518ms)
		ReleaseScriptCaches (0ms)
		RebuildScriptCaches (0ms)
		SetupLoadedEditorAssemblies (430ms)
			LogAssemblyErrors (0ms)
			InitializePlatformSupportModulesInManaged (2ms)
			SetLoadedEditorAssemblies (4ms)
			BeforeProcessingInitializeOnLoad (98ms)
			ProcessInitializeOnLoadAttributes (292ms)
			ProcessInitializeOnLoadMethodAttributes (34ms)
			AfterProcessingInitializeOnLoad (1ms)
			EditorAssembliesLoaded (0ms)
		ExecutionOrderSort2 (0ms)
		AwakeInstancesAfterBackupRestoration (7ms)
WARNING: Shader Unsupported: 'Universal Render Pipeline/VR/SpatialMapping/Wireframe' - All subshaders removed
WARNING: Shader Did you use #pragma only_renderers and omit this platform?
WARNING: Shader If subshaders removal was intentional, you may have forgotten turning Fallback off?
WARNING: Shader Unsupported: 'Universal Render Pipeline/VR/SpatialMapping/Wireframe' - All subshaders removed
WARNING: Shader Did you use #pragma only_renderers and omit this platform?
WARNING: Shader If subshaders removal was intentional, you may have forgotten turning Fallback off?
Refreshing native plugins compatible for Editor in 0.50 ms, found 3 plugins.
Preloading 0 native plugins for Editor in 0.00 ms.
Unloading 15 Unused Serialized files (Serialized files now loaded: 0)
Unloading 6803 unused Assets / (4.1 MB). Loaded Objects now: 7663.
Memory consumption went from 155.6 MB to 151.4 MB.
Total: 6.183458 ms (FindLiveObjects: 0.413292 ms CreateObjectMapping: 0.232125 ms MarkObjects: 4.153709 ms  DeleteObjects: 1.384084 ms)

Prepare: number of updated asset objects reloaded= 0
========================================================================
Received Prepare
Begin MonoManager ReloadAssembly
Thread 0x16b7c7000 may have been prematurely finalized
- Loaded All Assemblies, in  0.433 seconds
Refreshing native plugins compatible for Editor in 0.36 ms, found 3 plugins.
Native extension for OSXStandalone target not found
Native extension for WebGL target not found
[Package Manager] Failed to launch server process. Reason: Unity was launched with the -noUpm command-line argument
[Package Manager] Unable to send message (not connected to server process).
[Package Manager] Cannot connect to Unity Package Manager local server
Mono: successfully reloaded assembly
- Finished resetting the current domain, in  0.505 seconds
Domain Reload Profiling: 941ms
	BeginReloadAssembly (105ms)
		ExecutionOrderSort (0ms)
		DisableScriptedObjects (8ms)
		BackupInstance (0ms)
		ReleaseScriptingObjects (0ms)
		CreateAndSetChildDomain (26ms)
	RebuildCommonClasses (23ms)
	RebuildNativeTypeToScriptingClass (9ms)
	initialDomainReloadingComplete (12ms)
	LoadAllAssembliesAndSetupDomain (286ms)
		LoadAssemblies (198ms)
		RebuildTransferFunctionScriptingTraits (0ms)
		AnalyzeDomain (123ms)
			TypeCache.Refresh (8ms)
				TypeCache.ScanAssembly (0ms)
			BuildScriptInfoCaches (105ms)
			ResolveRequiredComponents (6ms)
	FinalizeReload (505ms)
		ReleaseScriptCaches (0ms)
		RebuildScriptCaches (0ms)
		SetupLoadedEditorAssemblies (418ms)
			LogAssemblyErrors (0ms)
			InitializePlatformSupportModulesInManaged (1ms)
			SetLoadedEditorAssemblies (4ms)
			BeforeProcessingInitializeOnLoad (96ms)
			ProcessInitializeOnLoadAttributes (283ms)
			ProcessInitializeOnLoadMethodAttributes (33ms)
			AfterProcessingInitializeOnLoad (1ms)
			EditorAssembliesLoaded (0ms)
		ExecutionOrderSort2 (0ms)
		AwakeInstancesAfterBackupRestoration (7ms)
WARNING: Shader Unsupported: 'Universal Render Pipeline/VR/SpatialMapping/Wireframe' - All subshaders removed
WARNING: Shader Did you use #pragma only_renderers and omit this platform?
WARNING: Shader If subshaders removal was intentional, you may have forgotten turning Fallback off?
WARNING: Shader Unsupported: 'Universal Render Pipeline/VR/SpatialMapping/Wireframe' - All subshaders removed
WARNING: Shader Did you use #pragma only_renderers and omit this platform?
WARNING: Shader If subshaders removal was intentional, you may have forgotten turning Fallback off?
Refreshing native plugins compatible for Editor in 0.51 ms, found 3 plugins.
Preloading 0 native plugins for Editor in 0.00 ms.
Unloading 15 Unused Serialized files (Serialized files now loaded: 0)
Unloading 6803 unused Assets / (4.1 MB). Loaded Objects now: 7666.
Memory consumption went from 155.6 MB to 151.5 MB.
Total: 6.469375 ms (FindLiveObjects: 0.429208 ms CreateObjectMapping: 0.264042 ms MarkObjects: 4.216000 ms  DeleteObjects: 1.559875 ms)

Prepare: number of updated asset objects reloaded= 0
========================================================================
Received Import Request.
  Time since last request: 473.505941 seconds.
  path: Assets/scripts/SCOREMAN.cs
  artifactKey: Guid(d6e1433f7399a4db18eb5e13e909518a) Importer(2089858483,192608db42251d675da83286b1cce702)
Start importing Assets/scripts/SCOREMAN.cs using Guid(d6e1433f7399a4db18eb5e13e909518a) Importer(2089858483,192608db42251d675da83286b1cce702) (ScriptedImporter) -> (artifact id: 'a356499aa258f30bfab163fe521336eb') in 0.140460292 seconds
Number of updated asset objects reloaded before import = 0Number of asset objects unloaded after import = 0

========================================================================
Received Import Request.
  Time since last request: 4.122083 seconds.
  path: Assets/SOUNDS
  artifactKey: Guid(a1c8564bb0ffb4b79820d54f66c15d42) Importer(815301076,1909f56bfc062723c751e8b465ee728b)
Start importing Assets/SOUNDS using Guid(a1c8564bb0ffb4b79820d54f66c15d42) Importer(815301076,1909f56bfc062723c751e8b465ee728b) (PreviewImporter) -> (artifact id: '823bc8f6b067c0c494ebc5f94c68cdfe') in 0.000703791 seconds
Number of updated asset objects reloaded before import = 0Number of asset objects unloaded after import = 0

========================================================================
Received Import Request.
  Time since last request: 0.943560 seconds.
  path: Assets/SOUNDS
  artifactKey: Guid(a1c8564bb0ffb4b79820d54f66c15d42) Importer(2089858483,192608db42251d675da83286b1cce702)
Start importing Assets/SOUNDS using Guid(a1c8564bb0ffb4b79820d54f66c15d42) Importer(2089858483,192608db42251d675da83286b1cce702) (ScriptedImporter) -> (artifact id: '8a3d66eb12ab7e7ab4f3320f0f03356f') in 0.003009 seconds
Number of updated asset objects reloaded before import = 0Number of asset objects unloaded after import = 1

========================================================================
Received Import Request.
  Time since last request: 2.525943 seconds.
  path: Assets/SOUNDS/videogame-death-sound-43894.mp3
  artifactKey: Guid(0c0546e28a41b4f1e8b4827320aa3274) Importer(2089858483,192608db42251d675da83286b1cce702)
Start importing Assets/SOUNDS/videogame-death-sound-43894.mp3 using Guid(0c0546e28a41b4f1e8b4827320aa3274) Importer(2089858483,192608db42251d675da83286b1cce702) (ScriptedImporter) -> (artifact id: '751e06ffe4f3251ec1147c1c988f9a63') in 0.021278791 seconds
Number of updated asset objects reloaded before import = 0Number of asset objects unloaded after import = 1

========================================================================
Received Import Request.
  Time since last request: 1.388873 seconds.
  path: Assets/SOUNDS/synthetic-light-ambient-electronic-374698.mp3
  artifactKey: Guid(5202ea7ee24444008b2eb4dcd81ff809) Importer(2089858483,192608db42251d675da83286b1cce702)
Start importing Assets/SOUNDS/synthetic-light-ambient-electronic-374698.mp3 using Guid(5202ea7ee24444008b2eb4dcd81ff809) Importer(2089858483,192608db42251d675da83286b1cce702) (ScriptedImporter) -> (artifact id: 'ce8187ad2501de24c132125c07bff643') in 0.015887167 seconds
Number of updated asset objects reloaded before import = 0Number of asset objects unloaded after import = 1

========================================================================
Received Import Request.
  Time since last request: 1.761008 seconds.
  path: Assets/SOUNDS/mixkit-8-bit-bomb-explosion-2811.wav
  artifactKey: Guid(53708260d9d3b4988b63e0ff0f8ed039) Importer(2089858483,192608db42251d675da83286b1cce702)
Start importing Assets/SOUNDS/mixkit-8-bit-bomb-explosion-2811.wav using Guid(53708260d9d3b4988b63e0ff0f8ed039) Importer(2089858483,192608db42251d675da83286b1cce702) (ScriptedImporter) -> (artifact id: '1f8d70522cb8f50a0fe9e3e851384d82') in 0.016890917 seconds
Number of updated asset objects reloaded before import = 0Number of asset objects unloaded after import = 1

========================================================================
Received Import Request.
  Time since last request: 1.764712 seconds.
  path: Assets/SOUNDS/mixkit-short-laser-gun-shot-1670.wav
  artifactKey: Guid(e2238eab4ebb74a7aa9ff2791f6752a7) Importer(2089858483,192608db42251d675da83286b1cce702)
Start importing Assets/SOUNDS/mixkit-short-laser-gun-shot-1670.wav using Guid(e2238eab4ebb74a7aa9ff2791f6752a7) Importer(2089858483,192608db42251d675da83286b1cce702) (ScriptedImporter) -> (artifact id: 'd24545533c47b9e1e792702fef4a68b0') in 0.018993709 seconds
Number of updated asset objects reloaded before import = 0Number of asset objects unloaded after import = 1

========================================================================
Received Import Request.
  Time since last request: 2.370853 seconds.
  path: Assets/SOUNDS/gameover.mp3
  artifactKey: Guid(db837a6e2a34d4cdd98c26449fe6e935) Importer(2089858483,192608db42251d675da83286b1cce702)
Start importing Assets/SOUNDS/gameover.mp3 using Guid(db837a6e2a34d4cdd98c26449fe6e935) Importer(2089858483,192608db42251d675da83286b1cce702) (ScriptedImporter) -> (artifact id: '5d2b79fc2b3be1d94255865b64e1cca1') in 0.012335375 seconds
Number of updated asset objects reloaded before import = 0Number of asset objects unloaded after import = 1

========================================================================
Received Import Request.
  Time since last request: 9.220507 seconds.
  path: Assets/2D Space Kit/Asteroid 5.prefab
  artifactKey: Guid(8de0d859de78e4e8580f3faf203501f5) Importer(815301076,1909f56bfc062723c751e8b465ee728b)
Start importing Assets/2D Space Kit/Asteroid 5.prefab using Guid(8de0d859de78e4e8580f3faf203501f5) Importer(815301076,1909f56bfc062723c751e8b465ee728b) (PreviewImporter) -> (artifact id: '4428e30f767cf70e0163862821e731ec') in 0.226102292 seconds
Number of updated asset objects reloaded before import = 0Number of asset objects unloaded after import = 9

========================================================================
Received Prepare
Begin MonoManager ReloadAssembly
[Licensing::Client] Successfully resolved entitlement details
Thread 0x16b7c7000 may have been prematurely finalized
- Loaded All Assemblies, in  0.780 seconds
Refreshing native plugins compatible for Editor in 0.43 ms, found 3 plugins.
Native extension for OSXStandalone target not found
Native extension for WebGL target not found
[Package Manager] Failed to launch server process. Reason: Unity was launched with the -noUpm command-line argument
[Package Manager] Unable to send message (not connected to server process).
[Package Manager] Cannot connect to Unity Package Manager local server
Mono: successfully reloaded assembly
- Finished resetting the current domain, in  0.646 seconds
Domain Reload Profiling: 1429ms
	BeginReloadAssembly (227ms)
		ExecutionOrderSort (0ms)
		DisableScriptedObjects (37ms)
		BackupInstance (0ms)
		ReleaseScriptingObjects (0ms)
		CreateAndSetChildDomain (62ms)
	RebuildCommonClasses (24ms)
	RebuildNativeTypeToScriptingClass (9ms)
	initialDomainReloadingComplete (20ms)
	LoadAllAssembliesAndSetupDomain (503ms)
		LoadAssemblies (336ms)
		RebuildTransferFunctionScriptingTraits (0ms)
		AnalyzeDomain (233ms)
			TypeCache.Refresh (133ms)
				TypeCache.ScanAssembly (103ms)
			BuildScriptInfoCaches (89ms)
			ResolveRequiredComponents (7ms)
	FinalizeReload (646ms)
		ReleaseScriptCaches (0ms)
		RebuildScriptCaches (0ms)
		SetupLoadedEditorAssemblies (544ms)
			LogAssemblyErrors (0ms)
			InitializePlatformSupportModulesInManaged (2ms)
			SetLoadedEditorAssemblies (3ms)
			BeforeProcessingInitializeOnLoad (143ms)
			ProcessInitializeOnLoadAttributes (358ms)
			ProcessInitializeOnLoadMethodAttributes (38ms)
			AfterProcessingInitializeOnLoad (1ms)
			EditorAssembliesLoaded (0ms)
		ExecutionOrderSort2 (0ms)
		AwakeInstancesAfterBackupRestoration (8ms)
WARNING: Shader Unsupported: 'Universal Render Pipeline/VR/SpatialMapping/Wireframe' - All subshaders removed
WARNING: Shader Did you use #pragma only_renderers and omit this platform?
WARNING: Shader If subshaders removal was intentional, you may have forgotten turning Fallback off?
WARNING: Shader Unsupported: 'Universal Render Pipeline/VR/SpatialMapping/Wireframe' - All subshaders removed
WARNING: Shader Did you use #pragma only_renderers and omit this platform?
WARNING: Shader If subshaders removal was intentional, you may have forgotten turning Fallback off?
Refreshing native plugins compatible for Editor in 0.52 ms, found 3 plugins.
Preloading 0 native plugins for Editor in 0.00 ms.
Unloading 54 Unused Serialized files (Serialized files now loaded: 0)
Unloading 6936 unused Assets / (7.2 MB). Loaded Objects now: 7783.
Memory consumption went from 167.2 MB to 160.1 MB.
Total: 8.672625 ms (FindLiveObjects: 0.434209 ms CreateObjectMapping: 0.260916 ms MarkObjects: 5.086500 ms  DeleteObjects: 2.890667 ms)

Prepare: number of updated asset objects reloaded= 0
========================================================================
Received Prepare
Begin MonoManager ReloadAssembly
Thread 0x16b2f3000 may have been prematurely finalized
- Loaded All Assemblies, in  0.514 seconds
Refreshing native plugins compatible for Editor in 0.41 ms, found 3 plugins.
Native extension for OSXStandalone target not found
Native extension for WebGL target not found
[Package Manager] Failed to launch server process. Reason: Unity was launched with the -noUpm command-line argument
[Package Manager] Unable to send message (not connected to server process).
[Package Manager] Cannot connect to Unity Package Manager local server
Mono: successfully reloaded assembly
- Finished resetting the current domain, in  0.523 seconds
Domain Reload Profiling: 1040ms
	BeginReloadAssembly (154ms)
		ExecutionOrderSort (0ms)
		DisableScriptedObjects (14ms)
		BackupInstance (0ms)
		ReleaseScriptingObjects (0ms)
		CreateAndSetChildDomain (49ms)
	RebuildCommonClasses (24ms)
	RebuildNativeTypeToScriptingClass (9ms)
	initialDomainReloadingComplete (19ms)
	LoadAllAssembliesAndSetupDomain (312ms)
		LoadAssemblies (223ms)
		RebuildTransferFunctionScriptingTraits (0ms)
		AnalyzeDomain (134ms)
			TypeCache.Refresh (11ms)
				TypeCache.ScanAssembly (0ms)
			BuildScriptInfoCaches (113ms)
			ResolveRequiredComponents (7ms)
	FinalizeReload (523ms)
		ReleaseScriptCaches (0ms)
		RebuildScriptCaches (0ms)
		SetupLoadedEditorAssemblies (430ms)
			LogAssemblyErrors (0ms)
			InitializePlatformSupportModulesInManaged (1ms)
			SetLoadedEditorAssemblies (3ms)
			BeforeProcessingInitializeOnLoad (87ms)
			ProcessInitializeOnLoadAttributes (301ms)
			ProcessInitializeOnLoadMethodAttributes (36ms)
			AfterProcessingInitializeOnLoad (1ms)
			EditorAssembliesLoaded (0ms)
		ExecutionOrderSort2 (0ms)
		AwakeInstancesAfterBackupRestoration (7ms)
WARNING: Shader Unsupported: 'Universal Render Pipeline/VR/SpatialMapping/Wireframe' - All subshaders removed
WARNING: Shader Did you use #pragma only_renderers and omit this platform?
WARNING: Shader If subshaders removal was intentional, you may have forgotten turning Fallback off?
WARNING: Shader Unsupported: 'Universal Render Pipeline/VR/SpatialMapping/Wireframe' - All subshaders removed
WARNING: Shader Did you use #pragma only_renderers and omit this platform?
WARNING: Shader If subshaders removal was intentional, you may have forgotten turning Fallback off?
Refreshing native plugins compatible for Editor in 0.66 ms, found 3 plugins.
Preloading 0 native plugins for Editor in 0.00 ms.
Unloading 54 Unused Serialized files (Serialized files now loaded: 0)
Unloading 6946 unused Assets / (5.4 MB). Loaded Objects now: 7796.
Memory consumption went from 167.0 MB to 161.6 MB.
Total: 7.340417 ms (FindLiveObjects: 0.428625 ms CreateObjectMapping: 0.312250 ms MarkObjects: 4.542917 ms  DeleteObjects: 2.056333 ms)

Prepare: number of updated asset objects reloaded= 0
========================================================================
Received Import Request.
  Time since last request: 312.313449 seconds.
  path: Assets/SlimUI
  artifactKey: Guid(4155c9b97083df240b524636482bc3aa) Importer(815301076,1909f56bfc062723c751e8b465ee728b)
Start importing Assets/SlimUI using Guid(4155c9b97083df240b524636482bc3aa) Importer(815301076,1909f56bfc062723c751e8b465ee728b) (PreviewImporter) -> (artifact id: 'c46709f5582d54884440353f19b3663e') in 0.00794675 seconds
Number of updated asset objects reloaded before import = 0Number of asset objects unloaded after import = 0

========================================================================
Received Import Request.
  Time since last request: 2.064297 seconds.
  path: Assets/SlimUI/Data
  artifactKey: Guid(a832708b055d36144a7d2aeb3dcbae5d) Importer(815301076,1909f56bfc062723c751e8b465ee728b)
Start importing Assets/SlimUI/Data using Guid(a832708b055d36144a7d2aeb3dcbae5d) Importer(815301076,1909f56bfc062723c751e8b465ee728b) (PreviewImporter) -> (artifact id: '81503800c79035ad9a7b35c1bf5ab800') in 0.0003985 seconds
Number of updated asset objects reloaded before import = 0Number of asset objects unloaded after import = 0

========================================================================
Received Import Request.
  Time since last request: 0.221464 seconds.
  path: Assets/SlimUI/Data/ThemeSettings_ModernMenuUI.asset
  artifactKey: Guid(e00c7d2bc58a2424b8dc09ecdafdb067) Importer(815301076,1909f56bfc062723c751e8b465ee728b)
Start importing Assets/SlimUI/Data/ThemeSettings_ModernMenuUI.asset using Guid(e00c7d2bc58a2424b8dc09ecdafdb067) Importer(815301076,1909f56bfc062723c751e8b465ee728b) (PreviewImporter) -> (artifact id: 'cb61512b58fc50f3fc9d034114dc795f') in 0.029011875 seconds
Number of updated asset objects reloaded before import = 0Number of asset objects unloaded after import = 1

========================================================================
Received Import Request.
  Time since last request: 7.298126 seconds.
  path: Assets/Scenes/menu.unity
  artifactKey: Guid(64272842f2d344961ac755ce460723f2) Importer(815301076,1909f56bfc062723c751e8b465ee728b)
Start importing Assets/Scenes/menu.unity using Guid(64272842f2d344961ac755ce460723f2) Importer(815301076,1909f56bfc062723c751e8b465ee728b) (PreviewImporter) -> (artifact id: 'aa81000c519f3e8387fd026e0c1ac9c7') in 0.000411541 seconds
Number of updated asset objects reloaded before import = 0Number of asset objects unloaded after import = 0

========================================================================
Received Import Request.
  Time since last request: 20.120196 seconds.
  path: Assets/SlimUI/Modern Menu 1
  artifactKey: Guid(6c054824b3121b1468656378344f69a1) Importer(815301076,1909f56bfc062723c751e8b465ee728b)
Start importing Assets/SlimUI/Modern Menu 1 using Guid(6c054824b3121b1468656378344f69a1) Importer(815301076,1909f56bfc062723c751e8b465ee728b) (PreviewImporter) -> (artifact id: '4425663616a804943b82a1f5f60c8811') in 0.000375667 seconds
Number of updated asset objects reloaded before import = 0Number of asset objects unloaded after import = 0

========================================================================
Received Import Request.
  Time since last request: 0.025805 seconds.
  path: Assets/SlimUI/Modern Menu 1/POST_ModernMenu.asset
  artifactKey: Guid(e7593116ac2ca3b41a137dfec63d5faf) Importer(815301076,1909f56bfc062723c751e8b465ee728b)
Start importing Assets/SlimUI/Modern Menu 1/POST_ModernMenu.asset using Guid(e7593116ac2ca3b41a137dfec63d5faf) Importer(815301076,1909f56bfc062723c751e8b465ee728b) (PreviewImporter) -> (artifact id: 'e29169288ca6dfd5609a4c34ea890e8f') in 0.007581292 seconds
Number of updated asset objects reloaded before import = 0Number of asset objects unloaded after import = 2

========================================================================
Received Import Request.
  Time since last request: 6.539097 seconds.
  path: Assets/SlimUI/Modern Menu 1/Graphics
  artifactKey: Guid(5d609832c6740fb45bad813c275ab225) Importer(815301076,1909f56bfc062723c751e8b465ee728b)
Start importing Assets/SlimUI/Modern Menu 1/Graphics using Guid(5d609832c6740fb45bad813c275ab225) Importer(815301076,1909f56bfc062723c751e8b465ee728b) (PreviewImporter) -> (artifact id: 'e8d5ea3b6ec2bb2d6f42215231b91a82') in 0.000386334 seconds
Number of updated asset objects reloaded before import = 0Number of asset objects unloaded after import = 0

========================================================================
Received Import Request.
  Time since last request: 0.832948 seconds.
  path: Assets/SlimUI/Modern Menu 1/Graphics/Icons
  artifactKey: Guid(fc9d17a0e3aa22b47bee9ee890f8580d) Importer(815301076,1909f56bfc062723c751e8b465ee728b)
Start importing Assets/SlimUI/Modern Menu 1/Graphics/Icons using Guid(fc9d17a0e3aa22b47bee9ee890f8580d) Importer(815301076,1909f56bfc062723c751e8b465ee728b) (PreviewImporter) -> (artifact id: 'cbacddcdbe32f9281b980970b5110f73') in 0.000418 seconds
Number of updated asset objects reloaded before import = 0Number of asset objects unloaded after import = 0

========================================================================
Received Import Request.
  Time since last request: 0.053947 seconds.
  path: Assets/SlimUI/Modern Menu 1/Graphics/Icons/Arrow 128px.png
  artifactKey: Guid(603eabcd71ec55e41be090a50f8b646e) Importer(815301076,1909f56bfc062723c751e8b465ee728b)
Start importing Assets/SlimUI/Modern Menu 1/Graphics/Icons/Arrow 128px.png using Guid(603eabcd71ec55e41be090a50f8b646e) Importer(815301076,1909f56bfc062723c751e8b465ee728b) (PreviewImporter) -> (artifact id: 'f268504401b93c35c21452608b1ab7b7') in 0.047149917 seconds
Number of updated asset objects reloaded before import = 0Number of asset objects unloaded after import = 3

========================================================================
Received Import Request.
  Time since last request: 0.000040 seconds.
  path: Assets/SlimUI/Modern Menu 1/Graphics/Icons/Return 128px.png
  artifactKey: Guid(bd24f49365315ce4ab078b0114790639) Importer(815301076,1909f56bfc062723c751e8b465ee728b)
Start importing Assets/SlimUI/Modern Menu 1/Graphics/Icons/Return 128px.png using Guid(bd24f49365315ce4ab078b0114790639) Importer(815301076,1909f56bfc062723c751e8b465ee728b) (PreviewImporter) -> (artifact id: '0f12d573bb12651c7e0bfa8e65b8b53a') in 0.007169125 seconds
Number of updated asset objects reloaded before import = 0Number of asset objects unloaded after import = 3

========================================================================
Received Import Request.
  Time since last request: 0.000044 seconds.
  path: Assets/SlimUI/Modern Menu 1/Graphics/Icons/Gear 128px.png
  artifactKey: Guid(373b2985ce5bf2d4e9087e510d761960) Importer(815301076,1909f56bfc062723c751e8b465ee728b)
Start importing Assets/SlimUI/Modern Menu 1/Graphics/Icons/Gear 128px.png using Guid(373b2985ce5bf2d4e9087e510d761960) Importer(815301076,1909f56bfc062723c751e8b465ee728b) (PreviewImporter) -> (artifact id: '35059d9dd9db4c4514a68e3ca01ab141') in 0.008038958 seconds
Number of updated asset objects reloaded before import = 0Number of asset objects unloaded after import = 3

========================================================================
Received Import Request.
  Time since last request: 8.900770 seconds.
  path: Assets/SlimUI/Modern Menu 1/Graphics/Frames
  artifactKey: Guid(aab47fee6bba12640a7d7d4991bfed69) Importer(815301076,1909f56bfc062723c751e8b465ee728b)
Start importing Assets/SlimUI/Modern Menu 1/Graphics/Frames using Guid(aab47fee6bba12640a7d7d4991bfed69) Importer(815301076,1909f56bfc062723c751e8b465ee728b) (PreviewImporter) -> (artifact id: '485ff77725005228d406b7219e6f99c5') in 0.000343958 seconds
Number of updated asset objects reloaded before import = 0Number of asset objects unloaded after import = 0

========================================================================
Received Import Request.
  Time since last request: 0.067602 seconds.
  path: Assets/SlimUI/Modern Menu 1/Graphics/Frames/Panel 1920x1080px.png
  artifactKey: Guid(ebf9e47b2a26f544aa2fa9cb3a11190b) Importer(815301076,1909f56bfc062723c751e8b465ee728b)
Start importing Assets/SlimUI/Modern Menu 1/Graphics/Frames/Panel 1920x1080px.png using Guid(ebf9e47b2a26f544aa2fa9cb3a11190b) Importer(815301076,1909f56bfc062723c751e8b465ee728b) (PreviewImporter) -> (artifact id: '6033bc564d510570873e18ac04bca939') in 0.013487708 seconds
Number of updated asset objects reloaded before import = 0Number of asset objects unloaded after import = 3

========================================================================
Received Import Request.
  Time since last request: 3.739301 seconds.
  path: Assets/SlimUI/Modern Menu 1/Graphics/Buttons
  artifactKey: Guid(a195f4f1f85828d4b9de67acb5243cec) Importer(815301076,1909f56bfc062723c751e8b465ee728b)
Start importing Assets/SlimUI/Modern Menu 1/Graphics/Buttons using Guid(a195f4f1f85828d4b9de67acb5243cec) Importer(815301076,1909f56bfc062723c751e8b465ee728b) (PreviewImporter) -> (artifact id: 'da18a24e6564420f68bb056698f36462') in 0.000333833 seconds
Number of updated asset objects reloaded before import = 0Number of asset objects unloaded after import = 0

========================================================================
Received Import Request.
  Time since last request: 0.066484 seconds.
  path: Assets/SlimUI/Modern Menu 1/Graphics/Buttons/Button Fram 256px.png
  artifactKey: Guid(a8292d7c3170a7348accf3d85c0e7359) Importer(815301076,1909f56bfc062723c751e8b465ee728b)
Start importing Assets/SlimUI/Modern Menu 1/Graphics/Buttons/Button Fram 256px.png using Guid(a8292d7c3170a7348accf3d85c0e7359) Importer(815301076,1909f56bfc062723c751e8b465ee728b) (PreviewImporter) -> (artifact id: 'c8b0f2439a199e1ede52bf047d3eb184') in 0.007734792 seconds
Number of updated asset objects reloaded before import = 0Number of asset objects unloaded after import = 3

========================================================================
Received Import Request.
  Time since last request: 0.000046 seconds.
  path: Assets/SlimUI/Modern Menu 1/Graphics/Buttons/Handle Solid 128px.png
  artifactKey: Guid(8480de0448ee588459c5da29fd196fb0) Importer(815301076,1909f56bfc062723c751e8b465ee728b)
Start importing Assets/SlimUI/Modern Menu 1/Graphics/Buttons/Handle Solid 128px.png using Guid(8480de0448ee588459c5da29fd196fb0) Importer(815301076,1909f56bfc062723c751e8b465ee728b) (PreviewImporter) -> (artifact id: '65d595ce4e552d752daf5815ae4d7c83') in 0.005687875 seconds
Number of updated asset objects reloaded before import = 0Number of asset objects unloaded after import = 3

========================================================================
Received Import Request.
  Time since last request: 0.000036 seconds.
  path: Assets/SlimUI/Modern Menu 1/Graphics/Buttons/Button Frame Press 256px.png
  artifactKey: Guid(e5a390d359542f845bd18b3970c5eff3) Importer(815301076,1909f56bfc062723c751e8b465ee728b)
Start importing Assets/SlimUI/Modern Menu 1/Graphics/Buttons/Button Frame Press 256px.png using Guid(e5a390d359542f845bd18b3970c5eff3) Importer(815301076,1909f56bfc062723c751e8b465ee728b) (PreviewImporter) -> (artifact id: '7905ce3f486b61e083df7ba0aa493133') in 0.00527425 seconds
Number of updated asset objects reloaded before import = 0Number of asset objects unloaded after import = 3

========================================================================
Received Import Request.
  Time since last request: 7.994143 seconds.
  path: Assets/SlimUI/Modern Menu 1/Graphics/Misc
  artifactKey: Guid(01d967555b8b1ed439458411434db147) Importer(815301076,1909f56bfc062723c751e8b465ee728b)
Start importing Assets/SlimUI/Modern Menu 1/Graphics/Misc using Guid(01d967555b8b1ed439458411434db147) Importer(815301076,1909f56bfc062723c751e8b465ee728b) (PreviewImporter) -> (artifact id: '350ff8c9d6e22626b38028fc057a8978') in 0.000549333 seconds
Number of updated asset objects reloaded before import = 0Number of asset objects unloaded after import = 0

========================================================================
Received Import Request.
  Time since last request: 0.023450 seconds.
  path: Assets/SlimUI/Modern Menu 1/Graphics/Misc/Corner Detail 256px.png
  artifactKey: Guid(2f7ad163b654bf74085060307e13db4a) Importer(815301076,1909f56bfc062723c751e8b465ee728b)
Start importing Assets/SlimUI/Modern Menu 1/Graphics/Misc/Corner Detail 256px.png using Guid(2f7ad163b654bf74085060307e13db4a) Importer(815301076,1909f56bfc062723c751e8b465ee728b) (PreviewImporter) -> (artifact id: '279b5299c70f8178593bc97d38bbe8a5') in 0.006421875 seconds
Number of updated asset objects reloaded before import = 0Number of asset objects unloaded after import = 3

========================================================================
Received Import Request.
  Time since last request: 0.000040 seconds.
  path: Assets/SlimUI/Modern Menu 1/Graphics/Misc/LoadingHighlight 512px.png
  artifactKey: Guid(b6f33d10c75334f4884f8d7baddc69f4) Importer(815301076,1909f56bfc062723c751e8b465ee728b)
Start importing Assets/SlimUI/Modern Menu 1/Graphics/Misc/LoadingHighlight 512px.png using Guid(b6f33d10c75334f4884f8d7baddc69f4) Importer(815301076,1909f56bfc062723c751e8b465ee728b) (PreviewImporter) -> (artifact id: '285cade504febfb5ef39b0a5e1f5bc76') in 0.005918333 seconds
Number of updated asset objects reloaded before import = 0Number of asset objects unloaded after import = 3

========================================================================
Received Import Request.
  Time since last request: 2.511588 seconds.
  path: Assets/SlimUI/Modern Menu 1/Graphics/Thumbnails
  artifactKey: Guid(2f41a34c58fed7943890d8843a550b63) Importer(815301076,1909f56bfc062723c751e8b465ee728b)
Start importing Assets/SlimUI/Modern Menu 1/Graphics/Thumbnails using Guid(2f41a34c58fed7943890d8843a550b63) Importer(815301076,1909f56bfc062723c751e8b465ee728b) (PreviewImporter) -> (artifact id: '0caf5ffac2c0b50d63d49c8ddf307ebc') in 0.000324083 seconds
Number of updated asset objects reloaded before import = 0Number of asset objects unloaded after import = 0

========================================================================
Received Import Request.
  Time since last request: 0.064305 seconds.
  path: Assets/SlimUI/Modern Menu 1/Graphics/Thumbnails/CleanMenu 256px.jpg
  artifactKey: Guid(fe0f74aea79125a45bcceb45d8d7b43e) Importer(815301076,1909f56bfc062723c751e8b465ee728b)
Start importing Assets/SlimUI/Modern Menu 1/Graphics/Thumbnails/CleanMenu 256px.jpg using Guid(fe0f74aea79125a45bcceb45d8d7b43e) Importer(815301076,1909f56bfc062723c751e8b465ee728b) (PreviewImporter) -> (artifact id: '38e023fa3ae208a0be3c9d4312363773') in 0.007435542 seconds
Number of updated asset objects reloaded before import = 0Number of asset objects unloaded after import = 3

========================================================================
Received Import Request.
  Time since last request: 0.000040 seconds.
  path: Assets/SlimUI/Modern Menu 1/Graphics/Thumbnails/SciFi Menu 256px.jpg
  artifactKey: Guid(9d6bec98a79486a42bfe3521d47764d4) Importer(815301076,1909f56bfc062723c751e8b465ee728b)
Start importing Assets/SlimUI/Modern Menu 1/Graphics/Thumbnails/SciFi Menu 256px.jpg using Guid(9d6bec98a79486a42bfe3521d47764d4) Importer(815301076,1909f56bfc062723c751e8b465ee728b) (PreviewImporter) -> (artifact id: '73fc1cc9e77b55d0bab6a3fc7b1e9381') in 0.006285166 seconds
Number of updated asset objects reloaded before import = 0Number of asset objects unloaded after import = 3

========================================================================
Received Import Request.
  Time since last request: 58.329293 seconds.
  path: Assets/SlimUI/Modern Menu 1/Scenes
  artifactKey: Guid(e82ea4333206b0246a696bd002a97d27) Importer(815301076,1909f56bfc062723c751e8b465ee728b)
Start importing Assets/SlimUI/Modern Menu 1/Scenes using Guid(e82ea4333206b0246a696bd002a97d27) Importer(815301076,1909f56bfc062723c751e8b465ee728b) (PreviewImporter) -> (artifact id: '1aabc518ec7b47dd4a201ed8c98eef34') in 0.000428041 seconds
Number of updated asset objects reloaded before import = 0Number of asset objects unloaded after import = 0

========================================================================
Received Import Request.
  Time since last request: 1.657680 seconds.
  path: Assets/SlimUI/Modern Menu 1/Scenes/Demos
  artifactKey: Guid(9a07d811aa9832d4aa84c50882d8b6f5) Importer(815301076,1909f56bfc062723c751e8b465ee728b)
Start importing Assets/SlimUI/Modern Menu 1/Scenes/Demos using Guid(9a07d811aa9832d4aa84c50882d8b6f5) Importer(815301076,1909f56bfc062723c751e8b465ee728b) (PreviewImporter) -> (artifact id: '797c21aa5785799c58b32c301e38ea42') in 0.000342667 seconds
Number of updated asset objects reloaded before import = 0Number of asset objects unloaded after import = 0

========================================================================
Received Import Request.
  Time since last request: 0.820285 seconds.
  path: Assets/SlimUI/Modern Menu 1/Scenes/Demos/Demo1Scene2.unity
  artifactKey: Guid(4c89c579092f70744885e7d9f6baba7f) Importer(815301076,1909f56bfc062723c751e8b465ee728b)
Start importing Assets/SlimUI/Modern Menu 1/Scenes/Demos/Demo1Scene2.unity using Guid(4c89c579092f70744885e7d9f6baba7f) Importer(815301076,1909f56bfc062723c751e8b465ee728b) (PreviewImporter) -> (artifact id: '045e3a7b36d97a757e18bd5ac4beda12') in 0.001078584 seconds
Number of updated asset objects reloaded before import = 0Number of asset objects unloaded after import = 0

========================================================================
Received Import Request.
  Time since last request: 0.850876 seconds.
  path: Assets/SlimUI/Modern Menu 1/Scenes/Demos/Demo1.unity
  artifactKey: Guid(829a86ba161cdd840842063447f41aab) Importer(815301076,1909f56bfc062723c751e8b465ee728b)
Start importing Assets/SlimUI/Modern Menu 1/Scenes/Demos/Demo1.unity using Guid(829a86ba161cdd840842063447f41aab) Importer(815301076,1909f56bfc062723c751e8b465ee728b) (PreviewImporter) -> (artifact id: 'aefe0447fb75c16edb1b45b2fb7ae752') in 0.000353125 seconds
Number of updated asset objects reloaded before import = 0Number of asset objects unloaded after import = 0

========================================================================
Received Prepare
Begin MonoManager ReloadAssembly
[Licensing::Client] Successfully resolved entitlement details
Thread 0x16b2f3000 may have been prematurely finalized
- Loaded All Assemblies, in  0.470 seconds
Refreshing native plugins compatible for Editor in 0.45 ms, found 3 plugins.
Native extension for OSXStandalone target not found
Native extension for WebGL target not found
[Package Manager] Failed to launch server process. Reason: Unity was launched with the -noUpm command-line argument
[Package Manager] Unable to send message (not connected to server process).
[Package Manager] Cannot connect to Unity Package Manager local server
Mono: successfully reloaded assembly
- Finished resetting the current domain, in  0.490 seconds
Domain Reload Profiling: 963ms
	BeginReloadAssembly (133ms)
		ExecutionOrderSort (0ms)
		DisableScriptedObjects (9ms)
		BackupInstance (0ms)
		ReleaseScriptingObjects (0ms)
		CreateAndSetChildDomain (44ms)
	RebuildCommonClasses (24ms)
	RebuildNativeTypeToScriptingClass (9ms)
	initialDomainReloadingComplete (16ms)
	LoadAllAssembliesAndSetupDomain (290ms)
		LoadAssemblies (204ms)
		RebuildTransferFunctionScriptingTraits (0ms)
		AnalyzeDomain (126ms)
			TypeCache.Refresh (9ms)
				TypeCache.ScanAssembly (0ms)
			BuildScriptInfoCaches (108ms)
			ResolveRequiredComponents (6ms)
	FinalizeReload (491ms)
		ReleaseScriptCaches (0ms)
		RebuildScriptCaches (0ms)
		SetupLoadedEditorAssemblies (402ms)
			LogAssemblyErrors (0ms)
			InitializePlatformSupportModulesInManaged (1ms)
			SetLoadedEditorAssemblies (4ms)
			BeforeProcessingInitializeOnLoad (85ms)
			ProcessInitializeOnLoadAttributes (278ms)
			ProcessInitializeOnLoadMethodAttributes (33ms)
			AfterProcessingInitializeOnLoad (1ms)
			EditorAssembliesLoaded (0ms)
		ExecutionOrderSort2 (0ms)
		AwakeInstancesAfterBackupRestoration (7ms)
WARNING: Shader Unsupported: 'Universal Render Pipeline/VR/SpatialMapping/Wireframe' - All subshaders removed
WARNING: Shader Did you use #pragma only_renderers and omit this platform?
WARNING: Shader If subshaders removal was intentional, you may have forgotten turning Fallback off?
WARNING: Shader Unsupported: 'Universal Render Pipeline/VR/SpatialMapping/Wireframe' - All subshaders removed
WARNING: Shader Did you use #pragma only_renderers and omit this platform?
WARNING: Shader If subshaders removal was intentional, you may have forgotten turning Fallback off?
Refreshing native plugins compatible for Editor in 0.45 ms, found 3 plugins.
Preloading 0 native plugins for Editor in 0.00 ms.
Unloading 54 Unused Serialized files (Serialized files now loaded: 0)
Unloading 6946 unused Assets / (8.5 MB). Loaded Objects now: 7809.
Memory consumption went from 166.9 MB to 158.4 MB.
Total: 7.608333 ms (FindLiveObjects: 0.450000 ms CreateObjectMapping: 0.263792 ms MarkObjects: 4.113417 ms  DeleteObjects: 2.780583 ms)

Prepare: number of updated asset objects reloaded= 0
========================================================================
Received Import Request.
  Time since last request: 63.144376 seconds.
  path: Assets/SlimUI/Modern Menu 1/Scenes/Demos/Demo2Mobile.unity
  artifactKey: Guid(b84379738a0ecc2449178df5547a202c) Importer(815301076,1909f56bfc062723c751e8b465ee728b)
Start importing Assets/SlimUI/Modern Menu 1/Scenes/Demos/Demo2Mobile.unity using Guid(b84379738a0ecc2449178df5547a202c) Importer(815301076,1909f56bfc062723c751e8b465ee728b) (PreviewImporter) -> (artifact id: '13e565b27e7ea37816c8c096ef15f6d3') in 0.0021455 seconds
Number of updated asset objects reloaded before import = 0Number of asset objects unloaded after import = 0

========================================================================
Received Import Request.
  Time since last request: 7.897063 seconds.
  path: Assets/SlimUI/Modern Menu 1/Scenes/Demos/Demo1.unity
  artifactKey: Guid(829a86ba161cdd840842063447f41aab) Importer(815301076,1909f56bfc062723c751e8b465ee728b)
Start importing Assets/SlimUI/Modern Menu 1/Scenes/Demos/Demo1.unity using Guid(829a86ba161cdd840842063447f41aab) Importer(815301076,1909f56bfc062723c751e8b465ee728b) (PreviewImporter) -> (artifact id: 'd0dda4d5c5d4e1cdf30be5c98b6e5eb6') in 0.001396667 seconds
Number of updated asset objects reloaded before import = 0Number of asset objects unloaded after import = 0

========================================================================
Received Import Request.
  Time since last request: 10.275616 seconds.
  path: Assets/SlimUI/Modern Menu 1/Scenes/Demos/Demo2MobileSettings.lighting
  artifactKey: Guid(69729a6ca79c84f5e8fbfc8b8ec12a0c) Importer(815301076,1909f56bfc062723c751e8b465ee728b)
Start importing Assets/SlimUI/Modern Menu 1/Scenes/Demos/Demo2MobileSettings.lighting using Guid(69729a6ca79c84f5e8fbfc8b8ec12a0c) Importer(815301076,1909f56bfc062723c751e8b465ee728b) (PreviewImporter) -> (artifact id: '34264f29cb509183cf8eb068336b4c8c') in 0.010082875 seconds
Number of updated asset objects reloaded before import = 0Number of asset objects unloaded after import = 1

========================================================================
Received Import Request.
  Time since last request: 95.248193 seconds.
  path: Assets/SlimUI/Modern Menu 1/Scripts
  artifactKey: Guid(e417b2d8bfe6b964eb44397f0ba98190) Importer(815301076,1909f56bfc062723c751e8b465ee728b)
Start importing Assets/SlimUI/Modern Menu 1/Scripts using Guid(e417b2d8bfe6b964eb44397f0ba98190) Importer(815301076,1909f56bfc062723c751e8b465ee728b) (PreviewImporter) -> (artifact id: '9f4800edb743b71b398adadc293345a2') in 0.001163208 seconds
Number of updated asset objects reloaded before import = 0Number of asset objects unloaded after import = 0

========================================================================
Received Import Request.
  Time since last request: 1.873707 seconds.
  path: Assets/SlimUI/Modern Menu 1/Scripts/Managers
  artifactKey: Guid(fd63ebf668c638d44bb521f6f0858fee) Importer(815301076,1909f56bfc062723c751e8b465ee728b)
Start importing Assets/SlimUI/Modern Menu 1/Scripts/Managers using Guid(fd63ebf668c638d44bb521f6f0858fee) Importer(815301076,1909f56bfc062723c751e8b465ee728b) (PreviewImporter) -> (artifact id: '1ba50cc9a1f70d6072cc62519a71ca59') in 0.00106275 seconds
Number of updated asset objects reloaded before import = 0Number of asset objects unloaded after import = 0

========================================================================
Received Import Request.
  Time since last request: 8.694781 seconds.
  path: Assets/SlimUI/Modern Menu 1/ModernMenu_V1.3.1_Documentation.pdf
  artifactKey: Guid(1bed8e176c53b41409ae028402b062fe) Importer(815301076,1909f56bfc062723c751e8b465ee728b)
Start importing Assets/SlimUI/Modern Menu 1/ModernMenu_V1.3.1_Documentation.pdf using Guid(1bed8e176c53b41409ae028402b062fe) Importer(815301076,1909f56bfc062723c751e8b465ee728b) (PreviewImporter) -> (artifact id: '5dcef959dcb7f175c18d5282bc54a02b') in 0.000997833 seconds
Number of updated asset objects reloaded before import = 0Number of asset objects unloaded after import = 1

========================================================================
Received Import Request.
  Time since last request: 2.843073 seconds.
  path: Assets/SlimUI/Modern Menu 1/Audio
  artifactKey: Guid(4b50df0f5f90270479b4429d268d4598) Importer(815301076,1909f56bfc062723c751e8b465ee728b)
Start importing Assets/SlimUI/Modern Menu 1/Audio using Guid(4b50df0f5f90270479b4429d268d4598) Importer(815301076,1909f56bfc062723c751e8b465ee728b) (PreviewImporter) -> (artifact id: 'd080533c513cdcff939cdb75d450e1ef') in 0.001086792 seconds
Number of updated asset objects reloaded before import = 0Number of asset objects unloaded after import = 0

========================================================================
Received Import Request.
  Time since last request: 0.048949 seconds.
  path: Assets/SlimUI/Modern Menu 1/Audio/Mixer.mixer
  artifactKey: Guid(204ae77320b536d459d12c2126255a73) Importer(815301076,1909f56bfc062723c751e8b465ee728b)
Start importing Assets/SlimUI/Modern Menu 1/Audio/Mixer.mixer using Guid(204ae77320b536d459d12c2126255a73) Importer(815301076,1909f56bfc062723c751e8b465ee728b) (PreviewImporter)Refreshing native plugins compatible for Editor in 0.66 ms, found 3 plugins.
Preloading 0 native plugins for Editor in 0.00 ms.
 -> (artifact id: 'ad7cbb833a7a16a768ae402e6d1c5fc5') in 0.002547667 seconds
Number of updated asset objects reloaded before import = 0Number of asset objects unloaded after import = 8

========================================================================
Received Import Request.
  Time since last request: 3.560537 seconds.
  path: Assets/SlimUI/Modern Menu 1/Animations
  artifactKey: Guid(56f17ad5fc0622e429a64d2a8bda659b) Importer(815301076,1909f56bfc062723c751e8b465ee728b)
Start importing Assets/SlimUI/Modern Menu 1/Animations using Guid(56f17ad5fc0622e429a64d2a8bda659b) Importer(815301076,1909f56bfc062723c751e8b465ee728b) (PreviewImporter) -> (artifact id: '68ad6c362b9765ef1c42875f981abd01') in 0.000358667 seconds
Number of updated asset objects reloaded before import = 0Number of asset objects unloaded after import = 0

========================================================================
Received Import Request.
  Time since last request: 0.903249 seconds.
  path: Assets/SlimUI/Modern Menu 1/Animations/Elements
  artifactKey: Guid(1ecfa7b5dc4015c4d97127497af11949) Importer(815301076,1909f56bfc062723c751e8b465ee728b)
Start importing Assets/SlimUI/Modern Menu 1/Animations/Elements using Guid(1ecfa7b5dc4015c4d97127497af11949) Importer(815301076,1909f56bfc062723c751e8b465ee728b) (PreviewImporter) -> (artifact id: '4bb93d62d20f0b9b00a9341761cebd93') in 0.000358375 seconds
Number of updated asset objects reloaded before import = 0Number of asset objects unloaded after import = 0

========================================================================
Received Import Request.
  Time since last request: 3.870520 seconds.
  path: Assets/SlimUI/Modern Menu 1/Animations/Panels
  artifactKey: Guid(7dc8493319a18b14cb0de7852c6ae92c) Importer(815301076,1909f56bfc062723c751e8b465ee728b)
Start importing Assets/SlimUI/Modern Menu 1/Animations/Panels using Guid(7dc8493319a18b14cb0de7852c6ae92c) Importer(815301076,1909f56bfc062723c751e8b465ee728b) (PreviewImporter) -> (artifact id: 'd1fc393ac55ed63ac472d8e72d446f66') in 0.000344 seconds
Number of updated asset objects reloaded before import = 0Number of asset objects unloaded after import = 0

========================================================================
Received Import Request.
  Time since last request: 4.479624 seconds.
  path: Assets/SlimUI/Modern Menu 1/Prefabs
  artifactKey: Guid(a3c8c8530def8ba48b88999c4f356b3c) Importer(815301076,1909f56bfc062723c751e8b465ee728b)
Start importing Assets/SlimUI/Modern Menu 1/Prefabs using Guid(a3c8c8530def8ba48b88999c4f356b3c) Importer(815301076,1909f56bfc062723c751e8b465ee728b) (PreviewImporter) -> (artifact id: 'd95d655721c73e44538e8161e52b22c8') in 0.000387917 seconds
Number of updated asset objects reloaded before import = 0Number of asset objects unloaded after import = 0

========================================================================
Received Import Request.
  Time since last request: 1.350956 seconds.
  path: Assets/SlimUI/Modern Menu 1/Prefabs/Canvas Templates
  artifactKey: Guid(2015e3eb67695c54c8426b2bcebdd78c) Importer(815301076,1909f56bfc062723c751e8b465ee728b)
Start importing Assets/SlimUI/Modern Menu 1/Prefabs/Canvas Templates using Guid(2015e3eb67695c54c8426b2bcebdd78c) Importer(815301076,1909f56bfc062723c751e8b465ee728b) (PreviewImporter) -> (artifact id: 'fa3ee45da8a0a73e2cd1274585dc1731') in 0.000314333 seconds
Number of updated asset objects reloaded before import = 0Number of asset objects unloaded after import = 0

========================================================================
Received Import Request.
  Time since last request: 0.078281 seconds.
  path: Assets/SlimUI/Modern Menu 1/Prefabs/Canvas Templates/Canvas_DefaultMobileTemplate1.prefab
  artifactKey: Guid(72743ef12d244f244b6885f84968ea34) Importer(815301076,1909f56bfc062723c751e8b465ee728b)
Start importing Assets/SlimUI/Modern Menu 1/Prefabs/Canvas Templates/Canvas_DefaultMobileTemplate1.prefab using Guid(72743ef12d244f244b6885f84968ea34) Importer(815301076,1909f56bfc062723c751e8b465ee728b) (PreviewImporter) -> (artifact id: '4c6c6a8c203f34de6bd9492f4130fbc5') in 0.100659917 seconds
Number of updated asset objects reloaded before import = 0Number of asset objects unloaded after import = 1323

========================================================================
Received Import Request.
  Time since last request: 3.527967 seconds.
  path: Assets/SlimUI/Modern Menu 1/Fonts
  artifactKey: Guid(2e0b0b7983409494bb8a59037fbfc5a6) Importer(815301076,1909f56bfc062723c751e8b465ee728b)
Start importing Assets/SlimUI/Modern Menu 1/Fonts using Guid(2e0b0b7983409494bb8a59037fbfc5a6) Importer(815301076,1909f56bfc062723c751e8b465ee728b) (PreviewImporter) -> (artifact id: 'ad08b4af523d33d233789871869a17d9') in 0.000317625 seconds
Number of updated asset objects reloaded before import = 0Number of asset objects unloaded after import = 0

========================================================================
Received Import Request.
  Time since last request: 0.049309 seconds.
  path: Assets/SlimUI/Modern Menu 1/Fonts/LATO-BOLD SDF.asset
  artifactKey: Guid(3199409928624324999b9336dd1ed8f3) Importer(815301076,1909f56bfc062723c751e8b465ee728b)
Start importing Assets/SlimUI/Modern Menu 1/Fonts/LATO-BOLD SDF.asset using Guid(3199409928624324999b9336dd1ed8f3) Importer(815301076,1909f56bfc062723c751e8b465ee728b) (PreviewImporter) -> (artifact id: '91d4adabdc65a89495871b82c9a09d4c') in 0.442514167 seconds
Number of updated asset objects reloaded before import = 0Number of asset objects unloaded after import = 4

========================================================================
Received Import Request.
  Time since last request: 0.000042 seconds.
  path: Assets/SlimUI/Modern Menu 1/Fonts/Poppins-Bold SDF.asset
  artifactKey: Guid(59ee34472c5892a4196858080cc2141e) Importer(815301076,1909f56bfc062723c751e8b465ee728b)
Start importing Assets/SlimUI/Modern Menu 1/Fonts/Poppins-Bold SDF.asset using Guid(59ee34472c5892a4196858080cc2141e) Importer(815301076,1909f56bfc062723c751e8b465ee728b) (PreviewImporter) -> (artifact id: '6219eeae431405d7bcffdde6c92777bb') in 0.010202625 seconds
Number of updated asset objects reloaded before import = 0Number of asset objects unloaded after import = 4

========================================================================
Received Import Request.
  Time since last request: 0.000035 seconds.
  path: Assets/SlimUI/Modern Menu 1/Fonts/Poppins-Light SDF.asset
  artifactKey: Guid(537eb1eef138da7489d2d0c861629654) Importer(815301076,1909f56bfc062723c751e8b465ee728b)
Start importing Assets/SlimUI/Modern Menu 1/Fonts/Poppins-Light SDF.asset using Guid(537eb1eef138da7489d2d0c861629654) Importer(815301076,1909f56bfc062723c751e8b465ee728b) (PreviewImporter) -> (artifact id: 'de0bfafe120ef7ac400fa02245ad4210') in 0.009785 seconds
Number of updated asset objects reloaded before import = 0Number of asset objects unloaded after import = 4

========================================================================
Received Import Request.
  Time since last request: 0.000054 seconds.
  path: Assets/SlimUI/Modern Menu 1/Fonts/RUBIK-LIGHT SDF.asset
  artifactKey: Guid(0b65c99348f068b49bef5db0bb76a6e4) Importer(815301076,1909f56bfc062723c751e8b465ee728b)
Start importing Assets/SlimUI/Modern Menu 1/Fonts/RUBIK-LIGHT SDF.asset using Guid(0b65c99348f068b49bef5db0bb76a6e4) Importer(815301076,1909f56bfc062723c751e8b465ee728b) (PreviewImporter) -> (artifact id: '88f940c33bd99f8a2b331127f43a9309') in 0.019604041 seconds
Number of updated asset objects reloaded before import = 0Number of asset objects unloaded after import = 4

========================================================================
Received Prepare
Begin MonoManager ReloadAssembly
[Licensing::Client] Successfully resolved entitlement details
Thread 0x16b2f3000 may have been prematurely finalized
- Loaded All Assemblies, in  0.461 seconds
Refreshing native plugins compatible for Editor in 0.40 ms, found 3 plugins.
Native extension for OSXStandalone target not found
Native extension for WebGL target not found
[Package Manager] Failed to launch server process. Reason: Unity was launched with the -noUpm command-line argument
[Package Manager] Unable to send message (not connected to server process).
[Package Manager] Cannot connect to Unity Package Manager local server
Mono: successfully reloaded assembly
- Finished resetting the current domain, in  0.505 seconds
Domain Reload Profiling: 969ms
	BeginReloadAssembly (117ms)
		ExecutionOrderSort (0ms)
		DisableScriptedObjects (15ms)
		BackupInstance (0ms)
		ReleaseScriptingObjects (0ms)
		CreateAndSetChildDomain (34ms)
	RebuildCommonClasses (23ms)
	RebuildNativeTypeToScriptingClass (9ms)
	initialDomainReloadingComplete (12ms)
	LoadAllAssembliesAndSetupDomain (302ms)
		LoadAssemblies (209ms)
		RebuildTransferFunctionScriptingTraits (0ms)
		AnalyzeDomain (123ms)
			TypeCache.Refresh (8ms)
				TypeCache.ScanAssembly (0ms)
			BuildScriptInfoCaches (106ms)
			ResolveRequiredComponents (7ms)
	FinalizeReload (506ms)
		ReleaseScriptCaches (0ms)
		RebuildScriptCaches (0ms)
		SetupLoadedEditorAssemblies (418ms)
			LogAssemblyErrors (0ms)
			InitializePlatformSupportModulesInManaged (1ms)
			SetLoadedEditorAssemblies (4ms)
			BeforeProcessingInitializeOnLoad (93ms)
			ProcessInitializeOnLoadAttributes (287ms)
			ProcessInitializeOnLoadMethodAttributes (32ms)
			AfterProcessingInitializeOnLoad (1ms)
			EditorAssembliesLoaded (0ms)
		ExecutionOrderSort2 (0ms)
		AwakeInstancesAfterBackupRestoration (7ms)
WARNING: Shader Unsupported: 'Universal Render Pipeline/VR/SpatialMapping/Wireframe' - All subshaders removed
WARNING: Shader Did you use #pragma only_renderers and omit this platform?
WARNING: Shader If subshaders removal was intentional, you may have forgotten turning Fallback off?
WARNING: Shader Unsupported: 'Universal Render Pipeline/VR/SpatialMapping/Wireframe' - All subshaders removed
WARNING: Shader Did you use #pragma only_renderers and omit this platform?
WARNING: Shader If subshaders removal was intentional, you may have forgotten turning Fallback off?
Refreshing native plugins compatible for Editor in 0.57 ms, found 3 plugins.
Preloading 0 native plugins for Editor in 0.00 ms.
Unloading 54 Unused Serialized files (Serialized files now loaded: 0)
Unloading 6948 unused Assets / (8.2 MB). Loaded Objects now: 7867.
Memory consumption went from 166.9 MB to 158.7 MB.
Total: 7.415042 ms (FindLiveObjects: 0.403833 ms CreateObjectMapping: 0.269583 ms MarkObjects: 4.226667 ms  DeleteObjects: 2.514458 ms)

Prepare: number of updated asset objects reloaded= 0
========================================================================
Received Prepare
Begin MonoManager ReloadAssembly
[Licensing::Client] Successfully resolved entitlement details
Thread 0x16b2f3000 may have been prematurely finalized
- Loaded All Assemblies, in  0.468 seconds
Refreshing native plugins compatible for Editor in 0.41 ms, found 3 plugins.
Native extension for OSXStandalone target not found
Native extension for WebGL target not found
[Package Manager] Failed to launch server process. Reason: Unity was launched with the -noUpm command-line argument
[Package Manager] Unable to send message (not connected to server process).
[Package Manager] Cannot connect to Unity Package Manager local server
Mono: successfully reloaded assembly
- Finished resetting the current domain, in  0.506 seconds
Domain Reload Profiling: 977ms
	BeginReloadAssembly (149ms)
		ExecutionOrderSort (0ms)
		DisableScriptedObjects (12ms)
		BackupInstance (0ms)
		ReleaseScriptingObjects (0ms)
		CreateAndSetChildDomain (52ms)
	RebuildCommonClasses (24ms)
	RebuildNativeTypeToScriptingClass (9ms)
	initialDomainReloadingComplete (15ms)
	LoadAllAssembliesAndSetupDomain (274ms)
		LoadAssemblies (189ms)
		RebuildTransferFunctionScriptingTraits (0ms)
		AnalyzeDomain (127ms)
			TypeCache.Refresh (9ms)
				TypeCache.ScanAssembly (0ms)
			BuildScriptInfoCaches (109ms)
			ResolveRequiredComponents (7ms)
	FinalizeReload (507ms)
		ReleaseScriptCaches (0ms)
		RebuildScriptCaches (0ms)
		SetupLoadedEditorAssemblies (418ms)
			LogAssemblyErrors (0ms)
			InitializePlatformSupportModulesInManaged (1ms)
			SetLoadedEditorAssemblies (4ms)
			BeforeProcessingInitializeOnLoad (86ms)
			ProcessInitializeOnLoadAttributes (293ms)
			ProcessInitializeOnLoadMethodAttributes (33ms)
			AfterProcessingInitializeOnLoad (1ms)
			EditorAssembliesLoaded (0ms)
		ExecutionOrderSort2 (0ms)
		AwakeInstancesAfterBackupRestoration (7ms)
WARNING: Shader Unsupported: 'Universal Render Pipeline/VR/SpatialMapping/Wireframe' - All subshaders removed
WARNING: Shader Did you use #pragma only_renderers and omit this platform?
WARNING: Shader If subshaders removal was intentional, you may have forgotten turning Fallback off?
WARNING: Shader Unsupported: 'Universal Render Pipeline/VR/SpatialMapping/Wireframe' - All subshaders removed
WARNING: Shader Did you use #pragma only_renderers and omit this platform?
WARNING: Shader If subshaders removal was intentional, you may have forgotten turning Fallback off?
Refreshing native plugins compatible for Editor in 0.68 ms, found 3 plugins.
Preloading 0 native plugins for Editor in 0.00 ms.
Unloading 54 Unused Serialized files (Serialized files now loaded: 0)
Unloading 6946 unused Assets / (8.8 MB). Loaded Objects now: 7870.
Memory consumption went from 166.6 MB to 157.8 MB.
Total: 7.754416 ms (FindLiveObjects: 0.412917 ms CreateObjectMapping: 0.241750 ms MarkObjects: 4.390667 ms  DeleteObjects: 2.708583 ms)

Prepare: number of updated asset objects reloaded= 0
========================================================================
Received Prepare
WARNING: Shader Unsupported: 'Universal Render Pipeline/VR/SpatialMapping/Wireframe' - All subshaders removed
WARNING: Shader Did you use #pragma only_renderers and omit this platform?
WARNING: Shader If subshaders removal was intentional, you may have forgotten turning Fallback off?
WARNING: Shader Unsupported: 'Universal Render Pipeline/VR/SpatialMapping/Wireframe' - All subshaders removed
WARNING: Shader Did you use #pragma only_renderers and omit this platform?
WARNING: Shader If subshaders removal was intentional, you may have forgotten turning Fallback off?
Refreshing native plugins compatible for Editor in 0.51 ms, found 3 plugins.
Preloading 0 native plugins for Editor in 0.00 ms.
Unloading 54 Unused Serialized files (Serialized files now loaded: 0)
Unloading 6925 unused Assets / (8.8 MB). Loaded Objects now: 7860.
Memory consumption went from 158.1 MB to 149.3 MB.
Total: 8.212458 ms (FindLiveObjects: 0.451459 ms CreateObjectMapping: 0.235250 ms MarkObjects: 5.153833 ms  DeleteObjects: 2.371458 ms)

Prepare: number of updated asset objects reloaded= 0
========================================================================
Received Prepare
Begin MonoManager ReloadAssembly
[Licensing::Client] Successfully resolved entitlement details
Thread 0x16b2f3000 may have been prematurely finalized
- Loaded All Assemblies, in  0.517 seconds
Refreshing native plugins compatible for Editor in 0.35 ms, found 3 plugins.
Native extension for OSXStandalone target not found
Native extension for WebGL target not found
[Package Manager] Failed to launch server process. Reason: Unity was launched with the -noUpm command-line argument
[Package Manager] Unable to send message (not connected to server process).
[Package Manager] Cannot connect to Unity Package Manager local server
Mono: successfully reloaded assembly
- Finished resetting the current domain, in  0.510 seconds
Domain Reload Profiling: 1030ms
	BeginReloadAssembly (156ms)
		ExecutionOrderSort (0ms)
		DisableScriptedObjects (13ms)
		BackupInstance (0ms)
		ReleaseScriptingObjects (0ms)
		CreateAndSetChildDomain (52ms)
	RebuildCommonClasses (24ms)
	RebuildNativeTypeToScriptingClass (9ms)
	initialDomainReloadingComplete (20ms)
	LoadAllAssembliesAndSetupDomain (311ms)
		LoadAssemblies (223ms)
		RebuildTransferFunctionScriptingTraits (0ms)
		AnalyzeDomain (135ms)
			TypeCache.Refresh (12ms)
				TypeCache.ScanAssembly (0ms)
			BuildScriptInfoCaches (112ms)
			ResolveRequiredComponents (6ms)
	FinalizeReload (510ms)
		ReleaseScriptCaches (0ms)
		RebuildScriptCaches (0ms)
		SetupLoadedEditorAssemblies (421ms)
			LogAssemblyErrors (0ms)
			InitializePlatformSupportModulesInManaged (1ms)
			SetLoadedEditorAssemblies (2ms)
			BeforeProcessingInitializeOnLoad (87ms)
			ProcessInitializeOnLoadAttributes (296ms)
			ProcessInitializeOnLoadMethodAttributes (33ms)
			AfterProcessingInitializeOnLoad (1ms)
			EditorAssembliesLoaded (0ms)
		ExecutionOrderSort2 (0ms)
		AwakeInstancesAfterBackupRestoration (7ms)
WARNING: Shader Unsupported: 'Universal Render Pipeline/VR/SpatialMapping/Wireframe' - All subshaders removed
WARNING: Shader Did you use #pragma only_renderers and omit this platform?
WARNING: Shader If subshaders removal was intentional, you may have forgotten turning Fallback off?
WARNING: Shader Unsupported: 'Universal Render Pipeline/VR/SpatialMapping/Wireframe' - All subshaders removed
WARNING: Shader Did you use #pragma only_renderers and omit this platform?
WARNING: Shader If subshaders removal was intentional, you may have forgotten turning Fallback off?
Refreshing native plugins compatible for Editor in 0.41 ms, found 3 plugins.
Preloading 0 native plugins for Editor in 0.00 ms.
Unloading 54 Unused Serialized files (Serialized files now loaded: 0)
Unloading 6936 unused Assets / (8.9 MB). Loaded Objects now: 7863.
Memory consumption went from 166.5 MB to 157.6 MB.
Total: 7.198500 ms (FindLiveObjects: 0.496667 ms CreateObjectMapping: 0.242541 ms MarkObjects: 4.174250 ms  DeleteObjects: 2.284792 ms)

Prepare: number of updated asset objects reloaded= 0
========================================================================
Received Prepare
Begin MonoManager ReloadAssembly
[Licensing::Client] Successfully resolved entitlement details
Thread 0x16b2f3000 may have been prematurely finalized
- Loaded All Assemblies, in  0.570 seconds
Refreshing native plugins compatible for Editor in 2.87 ms, found 3 plugins.
Native extension for OSXStandalone target not found
Native extension for WebGL target not found
[Package Manager] Failed to launch server process. Reason: Unity was launched with the -noUpm command-line argument
[Package Manager] Unable to send message (not connected to server process).
[Package Manager] Cannot connect to Unity Package Manager local server
Mono: successfully reloaded assembly
- Finished resetting the current domain, in  0.594 seconds
Domain Reload Profiling: 1168ms
	BeginReloadAssembly (166ms)
		ExecutionOrderSort (0ms)
		DisableScriptedObjects (14ms)
		BackupInstance (0ms)
		ReleaseScriptingObjects (0ms)
		CreateAndSetChildDomain (55ms)
	RebuildCommonClasses (23ms)
	RebuildNativeTypeToScriptingClass (9ms)
	initialDomainReloadingComplete (17ms)
	LoadAllAssembliesAndSetupDomain (358ms)
		LoadAssemblies (257ms)
		RebuildTransferFunctionScriptingTraits (0ms)
		AnalyzeDomain (149ms)
			TypeCache.Refresh (15ms)
				TypeCache.ScanAssembly (1ms)
			BuildScriptInfoCaches (124ms)
			ResolveRequiredComponents (7ms)
	FinalizeReload (595ms)
		ReleaseScriptCaches (0ms)
		RebuildScriptCaches (0ms)
		SetupLoadedEditorAssemblies (487ms)
			LogAssemblyErrors (0ms)
			InitializePlatformSupportModulesInManaged (2ms)
			SetLoadedEditorAssemblies (3ms)
			BeforeProcessingInitializeOnLoad (115ms)
			ProcessInitializeOnLoadAttributes (327ms)
			ProcessInitializeOnLoadMethodAttributes (41ms)
			AfterProcessingInitializeOnLoad (1ms)
			EditorAssembliesLoaded (0ms)
		ExecutionOrderSort2 (0ms)
		AwakeInstancesAfterBackupRestoration (8ms)
WARNING: Shader Unsupported: 'Universal Render Pipeline/VR/SpatialMapping/Wireframe' - All subshaders removed
WARNING: Shader Did you use #pragma only_renderers and omit this platform?
WARNING: Shader If subshaders removal was intentional, you may have forgotten turning Fallback off?
WARNING: Shader Unsupported: 'Universal Render Pipeline/VR/SpatialMapping/Wireframe' - All subshaders removed
WARNING: Shader Did you use #pragma only_renderers and omit this platform?
WARNING: Shader If subshaders removal was intentional, you may have forgotten turning Fallback off?
Refreshing native plugins compatible for Editor in 0.94 ms, found 3 plugins.
Preloading 0 native plugins for Editor in 0.00 ms.
Unloading 55 Unused Serialized files (Serialized files now loaded: 0)
Unloading 6974 unused Assets / (5.4 MB). Loaded Objects now: 7903.
Memory consumption went from 167.0 MB to 161.6 MB.
Total: 9.014333 ms (FindLiveObjects: 0.682791 ms CreateObjectMapping: 0.385375 ms MarkObjects: 5.536667 ms  DeleteObjects: 2.408667 ms)

Prepare: number of updated asset objects reloaded= 0
========================================================================
Received Prepare
WARNING: Shader Unsupported: 'Universal Render Pipeline/VR/SpatialMapping/Wireframe' - All subshaders removed
WARNING: Shader Did you use #pragma only_renderers and omit this platform?
WARNING: Shader If subshaders removal was intentional, you may have forgotten turning Fallback off?
WARNING: Shader Unsupported: 'Universal Render Pipeline/VR/SpatialMapping/Wireframe' - All subshaders removed
WARNING: Shader Did you use #pragma only_renderers and omit this platform?
WARNING: Shader If subshaders removal was intentional, you may have forgotten turning Fallback off?
Refreshing native plugins compatible for Editor in 1.13 ms, found 3 plugins.
Preloading 0 native plugins for Editor in 0.00 ms.
Unloading 55 Unused Serialized files (Serialized files now loaded: 0)
Unloading 6948 unused Assets / (6.1 MB). Loaded Objects now: 7888.
Memory consumption went from 158.5 MB to 152.4 MB.
Total: 33.599958 ms (FindLiveObjects: 0.683125 ms CreateObjectMapping: 0.356709 ms MarkObjects: 30.083000 ms  DeleteObjects: 2.476750 ms)

Prepare: number of updated asset objects reloaded= 0
========================================================================
Received Import Request.
  Time since last request: 478.122768 seconds.
  path: Assets/Scenes/menu.unity
  artifactKey: Guid(64272842f2d344961ac755ce460723f2) Importer(2089858483,192608db42251d675da83286b1cce702)
Start importing Assets/Scenes/menu.unity using Guid(64272842f2d344961ac755ce460723f2) Importer(2089858483,192608db42251d675da83286b1cce702) (ScriptedImporter) -> (artifact id: '498e6b954f954b2b7b42f91b90fc2b48') in 0.15376475 seconds
Number of updated asset objects reloaded before import = 0Number of asset objects unloaded after import = 1

========================================================================
Received Import Request.
  Time since last request: 0.000070 seconds.
  path: Assets/Farland Skies/Nebula One/Textures/NebulaDiffusion.png
  artifactKey: Guid(4151dd7ea09a5604aab5817d6876963b) Importer(2089858483,192608db42251d675da83286b1cce702)
Start importing Assets/Farland Skies/Nebula One/Textures/NebulaDiffusion.png using Guid(4151dd7ea09a5604aab5817d6876963b) Importer(2089858483,192608db42251d675da83286b1cce702) (ScriptedImporter) -> (artifact id: '3636970ae6aa7758727e37a36167f7bc') in 0.04634175 seconds
Number of updated asset objects reloaded before import = 0Number of asset objects unloaded after import = 1

========================================================================
Received Import Request.
  Time since last request: 0.000030 seconds.
  path: Assets/Farland Skies/Nebula One/Demo
  artifactKey: Guid(68e07d3f331ca2c418bfca930f5dec9c) Importer(2089858483,192608db42251d675da83286b1cce702)
Start importing Assets/Farland Skies/Nebula One/Demo using Guid(68e07d3f331ca2c418bfca930f5dec9c) Importer(2089858483,192608db42251d675da83286b1cce702) (ScriptedImporter) -> (artifact id: 'd79261ff2c0edad5e33cc1cef4e6ba4e') in 0.001914667 seconds
Number of updated asset objects reloaded before import = 0Number of asset objects unloaded after import = 1

========================================================================
Received Import Request.
  Time since last request: 0.000045 seconds.
  path: Assets/Farland Skies/Nebula One/Scripts/DotParams/Editor/NebulaParamDrawer.cs
  artifactKey: Guid(67ab7dd7750583847956a8528727e31c) Importer(2089858483,192608db42251d675da83286b1cce702)
Start importing Assets/Farland Skies/Nebula One/Scripts/DotParams/Editor/NebulaParamDrawer.cs using Guid(67ab7dd7750583847956a8528727e31c) Importer(2089858483,192608db42251d675da83286b1cce702) (ScriptedImporter) -> (artifact id: 'c0bea6420dc1730bf3de0f8652ef29dd') in 0.008509083 seconds
Number of updated asset objects reloaded before import = 0Number of asset objects unloaded after import = 0

========================================================================
Received Import Request.
  Time since last request: 0.000065 seconds.
  path: Assets/Farland Skies/!Core/Icons/Personal/Sky_16.png
  artifactKey: Guid(77416ac809d143e44bccc4ae8008e592) Importer(2089858483,192608db42251d675da83286b1cce702)
Start importing Assets/Farland Skies/!Core/Icons/Personal/Sky_16.png using Guid(77416ac809d143e44bccc4ae8008e592) Importer(2089858483,192608db42251d675da83286b1cce702) (ScriptedImporter) -> (artifact id: '8107e8719c1ed632f520025d9eac8a7e') in 0.014865459 seconds
Number of updated asset objects reloaded before import = 0Number of asset objects unloaded after import = 1

========================================================================
Received Import Request.
  Time since last request: 0.000048 seconds.
  path: Assets/Farland Skies/Nebula One/Scripts/Controllers/SkyboxCycleManager.cs
  artifactKey: Guid(8c2bf60d717b80d4cb0ce09c021399aa) Importer(2089858483,192608db42251d675da83286b1cce702)
Start importing Assets/Farland Skies/Nebula One/Scripts/Controllers/SkyboxCycleManager.cs using Guid(8c2bf60d717b80d4cb0ce09c021399aa) Importer(2089858483,192608db42251d675da83286b1cce702) (ScriptedImporter) -> (artifact id: '69e357d954698e933cb97fd151faaac9') in 0.005735458 seconds
Number of updated asset objects reloaded before import = 0Number of asset objects unloaded after import = 0

========================================================================
Received Import Request.
  Time since last request: 0.000059 seconds.
  path: Assets/Farland Skies/!Core/Sprites
  artifactKey: Guid(08d86261f6d5ce94481bc1ea33fe7b72) Importer(2089858483,192608db42251d675da83286b1cce702)
Start importing Assets/Farland Skies/!Core/Sprites using Guid(08d86261f6d5ce94481bc1ea33fe7b72) Importer(2089858483,192608db42251d675da83286b1cce702) (ScriptedImporter) -> (artifact id: '8eefc68fb76ffd866683277960f6cf5d') in 0.004023292 seconds
Number of updated asset objects reloaded before import = 0Number of asset objects unloaded after import = 1

========================================================================
Received Import Request.
  Time since last request: 0.000060 seconds.
  path: Assets/Farland Skies/Nebula One/Demo/URP/Materials/MoontBlue.mat
  artifactKey: Guid(c8f1b3f763c4490d8e0be6703a456d66) Importer(2089858483,192608db42251d675da83286b1cce702)
Start importing Assets/Farland Skies/Nebula One/Demo/URP/Materials/MoontBlue.mat using Guid(c8f1b3f763c4490d8e0be6703a456d66) Importer(2089858483,192608db42251d675da83286b1cce702) (ScriptedImporter) -> (artifact id: '9d2113dd13a070af1dd228c6ac590dd7') in 0.016994042 seconds
Number of updated asset objects reloaded before import = 0Number of asset objects unloaded after import = 3

========================================================================
Received Import Request.
  Time since last request: 0.000060 seconds.
  path: Assets/Farland Skies/Nebula One/Demo/URP
  artifactKey: Guid(a22584494d0e2e44eab4127abc6a5868) Importer(2089858483,192608db42251d675da83286b1cce702)
Start importing Assets/Farland Skies/Nebula One/Demo/URP using Guid(a22584494d0e2e44eab4127abc6a5868) Importer(2089858483,192608db42251d675da83286b1cce702) (ScriptedImporter) -> (artifact id: '6691f0ce1471b8ef4fa81e253d688ae5') in 0.002072375 seconds
Number of updated asset objects reloaded before import = 0Number of asset objects unloaded after import = 1

========================================================================
Received Import Request.
  Time since last request: 0.000070 seconds.
  path: Assets/Farland Skies/Nebula One/Scripts/DotParams/StarsParam.cs
  artifactKey: Guid(e916e4507f7d5fa4689618dfbb24762f) Importer(2089858483,192608db42251d675da83286b1cce702)
Start importing Assets/Farland Skies/Nebula One/Scripts/DotParams/StarsParam.cs using Guid(e916e4507f7d5fa4689618dfbb24762f) Importer(2089858483,192608db42251d675da83286b1cce702) (ScriptedImporter) -> (artifact id: '0536350ec4617e3fda423db241851849') in 0.002628083 seconds
Number of updated asset objects reloaded before import = 0Number of asset objects unloaded after import = 0

========================================================================
Received Import Request.
  Time since last request: 0.000054 seconds.
  path: Assets/Farland Skies/Nebula One/Scripts/DotParams/Editor/BackgroundParamDrawer.cs
  artifactKey: Guid(927b81ad3f3a15e4e991490aba4bef5d) Importer(2089858483,192608db42251d675da83286b1cce702)
Start importing Assets/Farland Skies/Nebula One/Scripts/DotParams/Editor/BackgroundParamDrawer.cs using Guid(927b81ad3f3a15e4e991490aba4bef5d) Importer(2089858483,192608db42251d675da83286b1cce702) (ScriptedImporter) -> (artifact id: '48fb6eb6b01e77a8e01ec589767a7a53') in 0.002685 seconds
Number of updated asset objects reloaded before import = 0Number of asset objects unloaded after import = 0

========================================================================
Received Import Request.
  Time since last request: 0.000040 seconds.
  path: Assets/Farland Skies/Nebula One/Shaders/NebulaOneSkybox.shader
  artifactKey: Guid(e086d09da21dd93409bdcad9cf690b59) Importer(2089858483,192608db42251d675da83286b1cce702)
Start importing Assets/Farland Skies/Nebula One/Shaders/NebulaOneSkybox.shader using Guid(e086d09da21dd93409bdcad9cf690b59) Importer(2089858483,192608db42251d675da83286b1cce702) (ScriptedImporter) -> (artifact id: '7796b17933cf1733938ebb1b21379cc6') in 0.006299708 seconds
Number of updated asset objects reloaded before import = 0Number of asset objects unloaded after import = 1

========================================================================
Received Import Request.
  Time since last request: 0.000064 seconds.
  path: Assets/Farland Skies/Nebula One
  artifactKey: Guid(1ddc45d3e3c623049aa954f3271f4211) Importer(2089858483,192608db42251d675da83286b1cce702)
Start importing Assets/Farland Skies/Nebula One using Guid(1ddc45d3e3c623049aa954f3271f4211) Importer(2089858483,192608db42251d675da83286b1cce702) (ScriptedImporter) -> (artifact id: '6a36e838f17c782f62e3d67ae65779cb') in 0.001998125 seconds
Number of updated asset objects reloaded before import = 0Number of asset objects unloaded after import = 1

========================================================================
Received Import Request.
  Time since last request: 0.000043 seconds.
  path: Assets/Farland Skies/Nebula One/Scripts/Controllers/Editor/SkyboxAnimatorEditor.cs
  artifactKey: Guid(19e6536c85933fd4ea0908541af5c662) Importer(2089858483,192608db42251d675da83286b1cce702)
Start importing Assets/Farland Skies/Nebula One/Scripts/Controllers/Editor/SkyboxAnimatorEditor.cs using Guid(19e6536c85933fd4ea0908541af5c662) Importer(2089858483,192608db42251d675da83286b1cce702) (ScriptedImporter) -> (artifact id: '418dd43319c48c28baab933639aa3f40') in 0.002309333 seconds
Number of updated asset objects reloaded before import = 0Number of asset objects unloaded after import = 0

========================================================================
Received Import Request.
  Time since last request: 0.000052 seconds.
  path: Assets/Farland Skies/!Core/Icons/Personal/Moon_16.png
  artifactKey: Guid(bf999b164a863704fa6e83f5a77e1908) Importer(2089858483,192608db42251d675da83286b1cce702)
Start importing Assets/Farland Skies/!Core/Icons/Personal/Moon_16.png using Guid(bf999b164a863704fa6e83f5a77e1908) Importer(2089858483,192608db42251d675da83286b1cce702) (ScriptedImporter) -> (artifact id: '67cc7f550a08f8529f9b96a7a788b97d') in 0.005455958 seconds
Number of updated asset objects reloaded before import = 0Number of asset objects unloaded after import = 1

========================================================================
Received Import Request.
  Time since last request: 0.000049 seconds.
  path: Assets/Farland Skies/Nebula One/Demo/Standart/Scripts/UI/PausetButton.cs
  artifactKey: Guid(b112e1d4d9419d041b02d4384efa84a4) Importer(2089858483,192608db42251d675da83286b1cce702)
Start importing Assets/Farland Skies/Nebula One/Demo/Standart/Scripts/UI/PausetButton.cs using Guid(b112e1d4d9419d041b02d4384efa84a4) Importer(2089858483,192608db42251d675da83286b1cce702) (ScriptedImporter) -> (artifact id: '4573ce899442359e7592c467000cd41c') in 0.002321375 seconds
Number of updated asset objects reloaded before import = 0Number of asset objects unloaded after import = 0

========================================================================
Received Import Request.
  Time since last request: 0.000065 seconds.
  path: Assets/Farland Skies/!Core/Icons/Personal/Star_16.png
  artifactKey: Guid(49aead93c56918e4f92963a5097a0cbe) Importer(2089858483,192608db42251d675da83286b1cce702)
Start importing Assets/Farland Skies/!Core/Icons/Personal/Star_16.png using Guid(49aead93c56918e4f92963a5097a0cbe) Importer(2089858483,192608db42251d675da83286b1cce702) (ScriptedImporter) -> (artifact id: 'ed893f876c178c6e8e79a60034e1769f') in 0.005651542 seconds
Number of updated asset objects reloaded before import = 0Number of asset objects unloaded after import = 1

========================================================================
Received Import Request.
  Time since last request: 0.000054 seconds.
  path: Assets/Farland Skies/Nebula One/Demo/Standart/Models/Textures/PlanetOrange.png
  artifactKey: Guid(b9f1057038dadda42a61821a9eab69db) Importer(2089858483,192608db42251d675da83286b1cce702)
Start importing Assets/Farland Skies/Nebula One/Demo/Standart/Models/Textures/PlanetOrange.png using Guid(b9f1057038dadda42a61821a9eab69db) Importer(2089858483,192608db42251d675da83286b1cce702) (ScriptedImporter) -> (artifact id: 'd5be2554ca4557ac4f7e2c910981efeb') in 0.009192625 seconds
Number of updated asset objects reloaded before import = 0Number of asset objects unloaded after import = 1

========================================================================
Received Import Request.
  Time since last request: 0.000051 seconds.
  path: Assets/Farland Skies/Nebula One/Scripts/DotParams/StarsParamsList.cs
  artifactKey: Guid(7422857b4def9fc4882a4bfdd75a7659) Importer(2089858483,192608db42251d675da83286b1cce702)
Start importing Assets/Farland Skies/Nebula One/Scripts/DotParams/StarsParamsList.cs using Guid(7422857b4def9fc4882a4bfdd75a7659) Importer(2089858483,192608db42251d675da83286b1cce702) (ScriptedImporter) -> (artifact id: '78f8df01b17e23853d3c0e51de3cb89a') in 0.003536417 seconds
Number of updated asset objects reloaded before import = 0Number of asset objects unloaded after import = 0

========================================================================
Received Import Request.
  Time since last request: 0.000050 seconds.
  path: Assets/Farland Skies/Nebula One/Demo/URP/Materials/Orbit.mat
  artifactKey: Guid(a8cede9d277b4560a84d27bb4ded9621) Importer(2089858483,192608db42251d675da83286b1cce702)
Start importing Assets/Farland Skies/Nebula One/Demo/URP/Materials/Orbit.mat using Guid(a8cede9d277b4560a84d27bb4ded9621) Importer(2089858483,192608db42251d675da83286b1cce702) (ScriptedImporter) -> (artifact id: '80c6e7036b7e14ab2e661265e217207a') in 0.00377725 seconds
Number of updated asset objects reloaded before import = 0Number of asset objects unloaded after import = 2

========================================================================
Received Import Request.
  Time since last request: 0.000045 seconds.
  path: Assets/Farland Skies/Nebula One/Scripts/DotParams/Editor
  artifactKey: Guid(51487f9c8484ebe438f5df1a6b3791bc) Importer(2089858483,192608db42251d675da83286b1cce702)
Start importing Assets/Farland Skies/Nebula One/Scripts/DotParams/Editor using Guid(51487f9c8484ebe438f5df1a6b3791bc) Importer(2089858483,192608db42251d675da83286b1cce702) (ScriptedImporter) -> (artifact id: '48f99b56fe02c4bda7dd539d832b956f') in 0.001978792 seconds
Number of updated asset objects reloaded before import = 0Number of asset objects unloaded after import = 1

========================================================================
Received Import Request.
  Time since last request: 0.000057 seconds.
  path: Assets/Farland Skies/!Core/Icons/Personal
  artifactKey: Guid(7993ca1ce9422cd4b88f709c231d65e3) Importer(2089858483,192608db42251d675da83286b1cce702)
Start importing Assets/Farland Skies/!Core/Icons/Personal using Guid(7993ca1ce9422cd4b88f709c231d65e3) Importer(2089858483,192608db42251d675da83286b1cce702) (ScriptedImporter) -> (artifact id: '54943eef14c7a2e313765ae3e94cdf1b') in 0.002545541 seconds
Number of updated asset objects reloaded before import = 0Number of asset objects unloaded after import = 1

========================================================================
Received Import Request.
  Time since last request: 0.000058 seconds.
  path: Assets/Farland Skies/Nebula One/Demo/URP/CustomizationDemo.unity
  artifactKey: Guid(9133e39eea1f464aa73d75b0f427e8a0) Importer(2089858483,192608db42251d675da83286b1cce702)
Start importing Assets/Farland Skies/Nebula One/Demo/URP/CustomizationDemo.unity using Guid(9133e39eea1f464aa73d75b0f427e8a0) Importer(2089858483,192608db42251d675da83286b1cce702) (ScriptedImporter) -> (artifact id: 'b02e691acb001d291002810d23172932') in 0.008186584 seconds
Number of updated asset objects reloaded before import = 0Number of asset objects unloaded after import = 1

========================================================================
Received Import Request.
  Time since last request: 0.000029 seconds.
  path: Assets/Farland Skies/Nebula One/Shaders/Editor
  artifactKey: Guid(9c4fde5340e7bee4d95e699dbff48376) Importer(2089858483,192608db42251d675da83286b1cce702)
Start importing Assets/Farland Skies/Nebula One/Shaders/Editor using Guid(9c4fde5340e7bee4d95e699dbff48376) Importer(2089858483,192608db42251d675da83286b1cce702) (ScriptedImporter) -> (artifact id: '27c1b63077b6d65483c0a7c7efa94fac') in 0.001918625 seconds
Number of updated asset objects reloaded before import = 0Number of asset objects unloaded after import = 1

========================================================================
Received Import Request.
  Time since last request: 0.000042 seconds.
  path: Assets/Farland Skies/Nebula One/Demo/Standart/Models/Textures/PlanetWhite.png
  artifactKey: Guid(bceb86d209cc6834c962720c7fe8fa11) Importer(2089858483,192608db42251d675da83286b1cce702)
Start importing Assets/Farland Skies/Nebula One/Demo/Standart/Models/Textures/PlanetWhite.png using Guid(bceb86d209cc6834c962720c7fe8fa11) Importer(2089858483,192608db42251d675da83286b1cce702) (ScriptedImporter) -> (artifact id: '1e8728ec008fe16e0109860afefd7a9f') in 0.00734 seconds
Number of updated asset objects reloaded before import = 0Number of asset objects unloaded after import = 1

========================================================================
Received Import Request.
  Time since last request: 0.000028 seconds.
  path: Assets/Farland Skies/Nebula One/Demo/Standart/Models/Textures/Orbit.png
  artifactKey: Guid(fe196301f7ac8ca4c8275d36d005fb43) Importer(2089858483,192608db42251d675da83286b1cce702)
Start importing Assets/Farland Skies/Nebula One/Demo/Standart/Models/Textures/Orbit.png using Guid(fe196301f7ac8ca4c8275d36d005fb43) Importer(2089858483,192608db42251d675da83286b1cce702) (ScriptedImporter) -> (artifact id: '5f2c0337e20f428171b36373963abeac') in 0.005150208 seconds
Number of updated asset objects reloaded before import = 0Number of asset objects unloaded after import = 1

========================================================================
Received Import Request.
  Time since last request: 0.000029 seconds.
  path: Assets/Farland Skies/Nebula One/Scripts/Controllers/SkyboxController.cs
  artifactKey: Guid(a79b8f1170e8f464fb62876752650580) Importer(2089858483,192608db42251d675da83286b1cce702)
Start importing Assets/Farland Skies/Nebula One/Scripts/Controllers/SkyboxController.cs using Guid(a79b8f1170e8f464fb62876752650580) Importer(2089858483,192608db42251d675da83286b1cce702) (ScriptedImporter) -> (artifact id: 'c6de0dac9b3caac27738279fdebb3b74') in 0.002050708 seconds
Number of updated asset objects reloaded before import = 0Number of asset objects unloaded after import = 0

========================================================================
Received Import Request.
  Time since last request: 0.000050 seconds.
  path: Assets/Farland Skies/Nebula One/Scripts
  artifactKey: Guid(bbd219ae9766b8648aa88ee45997af9d) Importer(2089858483,192608db42251d675da83286b1cce702)
Start importing Assets/Farland Skies/Nebula One/Scripts using Guid(bbd219ae9766b8648aa88ee45997af9d) Importer(2089858483,192608db42251d675da83286b1cce702) (ScriptedImporter) -> (artifact id: '46d61de15a9df9cbae7859861395fbf9') in 0.001836833 seconds
Number of updated asset objects reloaded before import = 0Number of asset objects unloaded after import = 1

========================================================================
Received Import Request.
  Time since last request: 0.000031 seconds.
  path: Assets/Farland Skies/Nebula One/Demo/URP/Materials/PlanetWhite.mat
  artifactKey: Guid(b6e6b9d49b4b4ca181ee508252fc4c83) Importer(2089858483,192608db42251d675da83286b1cce702)
Start importing Assets/Farland Skies/Nebula One/Demo/URP/Materials/PlanetWhite.mat using Guid(b6e6b9d49b4b4ca181ee508252fc4c83) Importer(2089858483,192608db42251d675da83286b1cce702) (ScriptedImporter) -> (artifact id: '64005a87eb18ac40f2eb70ec95cc5664') in 0.00450375 seconds
Number of updated asset objects reloaded before import = 0Number of asset objects unloaded after import = 3

========================================================================
Received Import Request.
  Time since last request: 0.000041 seconds.
  path: Assets/Farland Skies/Nebula One/Prefabs
  artifactKey: Guid(ebd41f608a931fa4592ff835c7acf968) Importer(2089858483,192608db42251d675da83286b1cce702)
Start importing Assets/Farland Skies/Nebula One/Prefabs using Guid(ebd41f608a931fa4592ff835c7acf968) Importer(2089858483,192608db42251d675da83286b1cce702) (ScriptedImporter) -> (artifact id: '316de5bf3fa11df3237ad6d1660ff252') in 0.001917209 seconds
Number of updated asset objects reloaded before import = 0Number of asset objects unloaded after import = 1

========================================================================
Received Import Request.
  Time since last request: 0.000045 seconds.
  path: Assets/Farland Skies/Nebula One/Demo/Standart/Prefabs
  artifactKey: Guid(f6d9b8f3648a2c44ebade7a9eea8f796) Importer(2089858483,192608db42251d675da83286b1cce702)
Start importing Assets/Farland Skies/Nebula One/Demo/Standart/Prefabs using Guid(f6d9b8f3648a2c44ebade7a9eea8f796) Importer(2089858483,192608db42251d675da83286b1cce702) (ScriptedImporter) -> (artifact id: '8cbc7cb070190555a58d9c6b127a7327') in 0.003787416 seconds
Number of updated asset objects reloaded before import = 0Number of asset objects unloaded after import = 1

========================================================================
Received Import Request.
  Time since last request: 0.000031 seconds.
  path: Assets/Farland Skies/Nebula One/Demo/Standart/Models/Textures/PlanetGreen.png
  artifactKey: Guid(ac7c1f2f5fe49e04fa0c27805c1cd25f) Importer(2089858483,192608db42251d675da83286b1cce702)
Start importing Assets/Farland Skies/Nebula One/Demo/Standart/Models/Textures/PlanetGreen.png using Guid(ac7c1f2f5fe49e04fa0c27805c1cd25f) Importer(2089858483,192608db42251d675da83286b1cce702) (ScriptedImporter) -> (artifact id: '17893f5fe7f52692e3a9d0c161fea9ea') in 0.005786458 seconds
Number of updated asset objects reloaded before import = 0Number of asset objects unloaded after import = 1

========================================================================
Received Import Request.
  Time since last request: 0.000041 seconds.
  path: Assets/Farland Skies/Nebula One/Demo/Standart/CustomizationDemo.unity
  artifactKey: Guid(40274eecf2703e24791fe53016913cc5) Importer(2089858483,192608db42251d675da83286b1cce702)
Start importing Assets/Farland Skies/Nebula One/Demo/Standart/CustomizationDemo.unity using Guid(40274eecf2703e24791fe53016913cc5) Importer(2089858483,192608db42251d675da83286b1cce702) (ScriptedImporter) -> (artifact id: 'f5e146c9560c69ccb4a4d49c70a1c43b') in 0.00591875 seconds
Number of updated asset objects reloaded before import = 0Number of asset objects unloaded after import = 1

========================================================================
Received Import Request.
  Time since last request: 0.000060 seconds.
  path: Assets/Farland Skies/Nebula One/Scripts/Controllers/SkyboxAnimator.cs
  artifactKey: Guid(a93c4a480e59ed64f9cf03fb906ee740) Importer(2089858483,192608db42251d675da83286b1cce702)
Start importing Assets/Farland Skies/Nebula One/Scripts/Controllers/SkyboxAnimator.cs using Guid(a93c4a480e59ed64f9cf03fb906ee740) Importer(2089858483,192608db42251d675da83286b1cce702) (ScriptedImporter) -> (artifact id: '5962a38f9b0d70b82feb4e2632c20280') in 0.002118417 seconds
Number of updated asset objects reloaded before import = 0Number of asset objects unloaded after import = 0

========================================================================
Received Import Request.
  Time since last request: 0.000042 seconds.
  path: Assets/Farland Skies/Nebula One/Prefabs/SkyboxAnimator.prefab
  artifactKey: Guid(dc6d395b504b21a4a8dfec3bf685f15d) Importer(2089858483,192608db42251d675da83286b1cce702)
Start importing Assets/Farland Skies/Nebula One/Prefabs/SkyboxAnimator.prefab using Guid(dc6d395b504b21a4a8dfec3bf685f15d) Importer(2089858483,192608db42251d675da83286b1cce702) (ScriptedImporter) -> (artifact id: '6474a4d6e42550bd50bcd1259df289ce') in 0.016677458 seconds
Number of updated asset objects reloaded before import = 0Number of asset objects unloaded after import = 5

========================================================================
Received Import Request.
  Time since last request: 0.000138 seconds.
  path: Assets/Farland Skies/Nebula One/Demo/Standart/Models/Orbit.fbx
  artifactKey: Guid(f56c2ac0accfc1f4c85be9c0c94425a7) Importer(2089858483,192608db42251d675da83286b1cce702)
Start importing Assets/Farland Skies/Nebula One/Demo/Standart/Models/Orbit.fbx using Guid(f56c2ac0accfc1f4c85be9c0c94425a7) Importer(2089858483,192608db42251d675da83286b1cce702) (ScriptedImporter) -> (artifact id: '60a182e11621ce643e0f8f6800c9dc8a') in 0.028526583 seconds
Number of updated asset objects reloaded before import = 0Number of asset objects unloaded after import = 7

========================================================================
Received Import Request.
  Time since last request: 0.000041 seconds.
  path: Assets/Farland Skies/!Core/Sprites/color_picker.png
  artifactKey: Guid(829e4eb43046cad45af3032071b450bd) Importer(2089858483,192608db42251d675da83286b1cce702)
Start importing Assets/Farland Skies/!Core/Sprites/color_picker.png using Guid(829e4eb43046cad45af3032071b450bd) Importer(2089858483,192608db42251d675da83286b1cce702) (ScriptedImporter) -> (artifact id: '355c3899958568449de9bc8061254c1d') in 0.013590208 seconds
Number of updated asset objects reloaded before import = 0Number of asset objects unloaded after import = 3

========================================================================
Received Import Request.
  Time since last request: 0.000053 seconds.
  path: Assets/Farland Skies
  artifactKey: Guid(6a345dd3e3c9f9b4da51139f730a95b4) Importer(2089858483,192608db42251d675da83286b1cce702)
Start importing Assets/Farland Skies using Guid(6a345dd3e3c9f9b4da51139f730a95b4) Importer(2089858483,192608db42251d675da83286b1cce702) (ScriptedImporter) -> (artifact id: 'cd75c8cbc570e25d12a6aa23bc5e2524') in 0.001833875 seconds
Number of updated asset objects reloaded before import = 0Number of asset objects unloaded after import = 1

========================================================================
Received Import Request.
  Time since last request: 0.000038 seconds.
  path: Assets/Farland Skies/Nebula One/Demo/Standart/Models
  artifactKey: Guid(e3c58f7094f9bdb44a63182059c020da) Importer(2089858483,192608db42251d675da83286b1cce702)
Start importing Assets/Farland Skies/Nebula One/Demo/Standart/Models using Guid(e3c58f7094f9bdb44a63182059c020da) Importer(2089858483,192608db42251d675da83286b1cce702) (ScriptedImporter) -> (artifact id: '5e6603c4159635f9fe8a2147e0629d92') in 0.001830333 seconds
Number of updated asset objects reloaded before import = 0Number of asset objects unloaded after import = 1

========================================================================
Received Import Request.
  Time since last request: 0.000030 seconds.
  path: Assets/Farland Skies/!Core/Icons/Personal/Cloud_16.png
  artifactKey: Guid(e90f5504ff917584c82bc1c09b03885a) Importer(2089858483,192608db42251d675da83286b1cce702)
Start importing Assets/Farland Skies/!Core/Icons/Personal/Cloud_16.png using Guid(e90f5504ff917584c82bc1c09b03885a) Importer(2089858483,192608db42251d675da83286b1cce702) (ScriptedImporter) -> (artifact id: '700b81e1aa54072c582011bcf089de52') in 0.005365333 seconds
Number of updated asset objects reloaded before import = 0Number of asset objects unloaded after import = 1

========================================================================
Received Import Request.
  Time since last request: 0.000044 seconds.
  path: Assets/Farland Skies/Nebula One/Scripts/Info/Editor
  artifactKey: Guid(be27029686f94554ebdb8e19154105af) Importer(2089858483,192608db42251d675da83286b1cce702)
Start importing Assets/Farland Skies/Nebula One/Scripts/Info/Editor using Guid(be27029686f94554ebdb8e19154105af) Importer(2089858483,192608db42251d675da83286b1cce702) (ScriptedImporter) -> (artifact id: '46eb71bd3d51d91b1321aec41bcd5c95') in 0.001660209 seconds
Number of updated asset objects reloaded before import = 0Number of asset objects unloaded after import = 1

========================================================================
Received Import Request.
  Time since last request: 0.000039 seconds.
  path: Assets/Farland Skies/!Core
  artifactKey: Guid(b18fd4e829f47694699236211d2e671f) Importer(2089858483,192608db42251d675da83286b1cce702)
Start importing Assets/Farland Skies/!Core using Guid(b18fd4e829f47694699236211d2e671f) Importer(2089858483,192608db42251d675da83286b1cce702) (ScriptedImporter) -> (artifact id: 'c4d29e14f39946ebb7b8b71929c9dee8') in 0.010995125 seconds
Number of updated asset objects reloaded before import = 0Number of asset objects unloaded after import = 1

========================================================================
Received Import Request.
  Time since last request: 0.000041 seconds.
  path: Assets/Farland Skies/Nebula One/QuickStart.pdf
  artifactKey: Guid(a80b39a41ac33864cb9cb27eeb470986) Importer(2089858483,192608db42251d675da83286b1cce702)
Start importing Assets/Farland Skies/Nebula One/QuickStart.pdf using Guid(a80b39a41ac33864cb9cb27eeb470986) Importer(2089858483,192608db42251d675da83286b1cce702) (ScriptedImporter) -> (artifact id: 'f51ecb97d312fbf44d11d3bfef7111cf') in 0.001826916 seconds
Number of updated asset objects reloaded before import = 0Number of asset objects unloaded after import = 1

========================================================================
Received Import Request.
  Time since last request: 0.000041 seconds.
  path: Assets/Farland Skies/!Core/Icons/Personal/Tag_16.png
  artifactKey: Guid(89c6d99440be00949958a1fecbfdfd1a) Importer(2089858483,192608db42251d675da83286b1cce702)
Start importing Assets/Farland Skies/!Core/Icons/Personal/Tag_16.png using Guid(89c6d99440be00949958a1fecbfdfd1a) Importer(2089858483,192608db42251d675da83286b1cce702) (ScriptedImporter) -> (artifact id: 'c0191beab54544d4015824d5dcf94138') in 0.005414792 seconds
Number of updated asset objects reloaded before import = 0Number of asset objects unloaded after import = 1

========================================================================
Received Import Request.
  Time since last request: 0.000028 seconds.
  path: Assets/Farland Skies/Nebula One/Demo/URP/Materials/MoonOrange.mat
  artifactKey: Guid(fb31fa1b77724c278ef3443354c8df7e) Importer(2089858483,192608db42251d675da83286b1cce702)
Start importing Assets/Farland Skies/Nebula One/Demo/URP/Materials/MoonOrange.mat using Guid(fb31fa1b77724c278ef3443354c8df7e) Importer(2089858483,192608db42251d675da83286b1cce702) (ScriptedImporter) -> (artifact id: '62626eb068c7b666266ec7c78096758b') in 0.003742334 seconds
Number of updated asset objects reloaded before import = 0Number of asset objects unloaded after import = 3

========================================================================
Received Import Request.
  Time since last request: 0.000039 seconds.
  path: Assets/Farland Skies/Nebula One/Demo/Standart/Models/Materials/PlanetWhite.mat
  artifactKey: Guid(344e3d94075333b499c4212f9cb68a4f) Importer(2089858483,192608db42251d675da83286b1cce702)
Start importing Assets/Farland Skies/Nebula One/Demo/Standart/Models/Materials/PlanetWhite.mat using Guid(344e3d94075333b499c4212f9cb68a4f) Importer(2089858483,192608db42251d675da83286b1cce702) (ScriptedImporter) -> (artifact id: 'c03c9f6156623e4bbe200781364dfa59') in 0.024624708 seconds
Number of updated asset objects reloaded before import = 0Number of asset objects unloaded after import = 2

========================================================================
Received Import Request.
  Time since last request: 0.000039 seconds.
  path: Assets/Farland Skies/Nebula One/Scripts/Controllers/Editor
  artifactKey: Guid(c533d4062aed66540ac412e381b76b46) Importer(2089858483,192608db42251d675da83286b1cce702)
Start importing Assets/Farland Skies/Nebula One/Scripts/Controllers/Editor using Guid(c533d4062aed66540ac412e381b76b46) Importer(2089858483,192608db42251d675da83286b1cce702) (ScriptedImporter) -> (artifact id: '41900af202a3925346ff60900bf14ffa') in 0.001809334 seconds
Number of updated asset objects reloaded before import = 0Number of asset objects unloaded after import = 1

========================================================================
Received Import Request.
  Time since last request: 0.000077 seconds.
  path: Assets/Farland Skies/!Core/Icons
  artifactKey: Guid(03f6372caa377244b9e5fbae77b05bd7) Importer(2089858483,192608db42251d675da83286b1cce702)
Start importing Assets/Farland Skies/!Core/Icons using Guid(03f6372caa377244b9e5fbae77b05bd7) Importer(2089858483,192608db42251d675da83286b1cce702) (ScriptedImporter) -> (artifact id: '67ef9621c5bf25eef1e756e70abf0d9c') in 0.001457292 seconds
Number of updated asset objects reloaded before import = 0Number of asset objects unloaded after import = 1

========================================================================
Received Import Request.
  Time since last request: 0.000038 seconds.
  path: Assets/Farland Skies/Nebula One/Demo/Standart/Models/Textures
  artifactKey: Guid(dc184f4a5b926e6428263b12a4197e05) Importer(2089858483,192608db42251d675da83286b1cce702)
Start importing Assets/Farland Skies/Nebula One/Demo/Standart/Models/Textures using Guid(dc184f4a5b926e6428263b12a4197e05) Importer(2089858483,192608db42251d675da83286b1cce702) (ScriptedImporter) -> (artifact id: '37f0e2e79616f2ad0d3afaef3dd0d062') in 0.001546208 seconds
Number of updated asset objects reloaded before import = 0Number of asset objects unloaded after import = 1

========================================================================
Received Import Request.
  Time since last request: 0.000028 seconds.
  path: Assets/Farland Skies/Nebula One/Demo/Standart/Models/Materials/MoonOrange.mat
  artifactKey: Guid(3e4ac9756447646469ca9387ce597993) Importer(2089858483,192608db42251d675da83286b1cce702)
Start importing Assets/Farland Skies/Nebula One/Demo/Standart/Models/Materials/MoonOrange.mat using Guid(3e4ac9756447646469ca9387ce597993) Importer(2089858483,192608db42251d675da83286b1cce702) (ScriptedImporter) -> (artifact id: '42ae4c967f8151ef98d9caa0a2868168') in 0.003285709 seconds
Number of updated asset objects reloaded before import = 0Number of asset objects unloaded after import = 2

========================================================================
Received Prepare
WARNING: Shader Unsupported: 'Universal Render Pipeline/VR/SpatialMapping/Wireframe' - All subshaders removed
WARNING: Shader Did you use #pragma only_renderers and omit this platform?
WARNING: Shader If subshaders removal was intentional, you may have forgotten turning Fallback off?
WARNING: Shader Unsupported: 'Universal Render Pipeline/VR/SpatialMapping/Wireframe' - All subshaders removed
WARNING: Shader Did you use #pragma only_renderers and omit this platform?
WARNING: Shader If subshaders removal was intentional, you may have forgotten turning Fallback off?
Refreshing native plugins compatible for Editor in 0.40 ms, found 3 plugins.
Preloading 0 native plugins for Editor in 0.00 ms.
Unloading 55 Unused Serialized files (Serialized files now loaded: 0)
Unloading 6934 unused Assets / (8.9 MB). Loaded Objects now: 7875.
Memory consumption went from 159.5 MB to 150.6 MB.
Total: 12.950625 ms (FindLiveObjects: 0.417125 ms CreateObjectMapping: 0.225208 ms MarkObjects: 10.033917 ms  DeleteObjects: 2.274166 ms)

Prepare: number of updated asset objects reloaded= 0
========================================================================
Received Prepare
WARNING: Shader Unsupported: 'Universal Render Pipeline/VR/SpatialMapping/Wireframe' - All subshaders removed
WARNING: Shader Did you use #pragma only_renderers and omit this platform?
WARNING: Shader If subshaders removal was intentional, you may have forgotten turning Fallback off?
WARNING: Shader Unsupported: 'Universal Render Pipeline/VR/SpatialMapping/Wireframe' - All subshaders removed
WARNING: Shader Did you use #pragma only_renderers and omit this platform?
WARNING: Shader If subshaders removal was intentional, you may have forgotten turning Fallback off?
Refreshing native plugins compatible for Editor in 0.41 ms, found 3 plugins.
Preloading 0 native plugins for Editor in 0.00 ms.
Unloading 55 Unused Serialized files (Serialized files now loaded: 0)
Unloading 6927 unused Assets / (8.9 MB). Loaded Objects now: 7869.
Memory consumption went from 159.4 MB to 150.5 MB.
Total: 16.893500 ms (FindLiveObjects: 0.536042 ms CreateObjectMapping: 0.248500 ms MarkObjects: 13.226875 ms  DeleteObjects: 2.881875 ms)

Prepare: number of updated asset objects reloaded= 0
========================================================================
Received Prepare
Begin MonoManager ReloadAssembly
[Licensing::Client] Successfully resolved entitlement details
Thread 0x16b2f3000 may have been prematurely finalized
- Loaded All Assemblies, in  0.570 seconds
Refreshing native plugins compatible for Editor in 0.39 ms, found 3 plugins.
Native extension for OSXStandalone target not found
Native extension for WebGL target not found
[Package Manager] Failed to launch server process. Reason: Unity was launched with the -noUpm command-line argument
[Package Manager] Unable to send message (not connected to server process).
[Package Manager] Cannot connect to Unity Package Manager local server
Mono: successfully reloaded assembly
- Finished resetting the current domain, in  0.509 seconds
Domain Reload Profiling: 1085ms
	BeginReloadAssembly (173ms)
		ExecutionOrderSort (0ms)
		DisableScriptedObjects (14ms)
		BackupInstance (0ms)
		ReleaseScriptingObjects (0ms)
		CreateAndSetChildDomain (60ms)
	RebuildCommonClasses (24ms)
	RebuildNativeTypeToScriptingClass (9ms)
	initialDomainReloadingComplete (19ms)
	LoadAllAssembliesAndSetupDomain (351ms)
		LoadAssemblies (254ms)
		RebuildTransferFunctionScriptingTraits (0ms)
		AnalyzeDomain (139ms)
			TypeCache.Refresh (14ms)
				TypeCache.ScanAssembly (0ms)
			BuildScriptInfoCaches (116ms)
			ResolveRequiredComponents (7ms)
	FinalizeReload (509ms)
		ReleaseScriptCaches (0ms)
		RebuildScriptCaches (0ms)
		SetupLoadedEditorAssemblies (416ms)
			LogAssemblyErrors (0ms)
			InitializePlatformSupportModulesInManaged (1ms)
			SetLoadedEditorAssemblies (4ms)
			BeforeProcessingInitializeOnLoad (92ms)
			ProcessInitializeOnLoadAttributes (286ms)
			ProcessInitializeOnLoadMethodAttributes (31ms)
			AfterProcessingInitializeOnLoad (1ms)
			EditorAssembliesLoaded (0ms)
		ExecutionOrderSort2 (0ms)
		AwakeInstancesAfterBackupRestoration (7ms)
WARNING: Shader Unsupported: 'Universal Render Pipeline/VR/SpatialMapping/Wireframe' - All subshaders removed
WARNING: Shader Did you use #pragma only_renderers and omit this platform?
WARNING: Shader If subshaders removal was intentional, you may have forgotten turning Fallback off?
WARNING: Shader Unsupported: 'Universal Render Pipeline/VR/SpatialMapping/Wireframe' - All subshaders removed
WARNING: Shader Did you use #pragma only_renderers and omit this platform?
WARNING: Shader If subshaders removal was intentional, you may have forgotten turning Fallback off?
Refreshing native plugins compatible for Editor in 0.40 ms, found 3 plugins.
Preloading 0 native plugins for Editor in 0.00 ms.
Unloading 55 Unused Serialized files (Serialized files now loaded: 0)
Unloading 6938 unused Assets / (9.7 MB). Loaded Objects now: 7872.
Memory consumption went from 167.0 MB to 157.3 MB.
Total: 8.187250 ms (FindLiveObjects: 0.421208 ms CreateObjectMapping: 0.240375 ms MarkObjects: 4.589500 ms  DeleteObjects: 2.935625 ms)

Prepare: number of updated asset objects reloaded= 0
========================================================================
Received Import Request.
  Time since last request: 49.817920 seconds.
  path: Assets/Farland Skies/Nebula One/Textures/NebulaDensity.png
  artifactKey: Guid(d5a796e2e36f9aa41b69d3870d23f88b) Importer(815301076,1909f56bfc062723c751e8b465ee728b)
Start importing Assets/Farland Skies/Nebula One/Textures/NebulaDensity.png using Guid(d5a796e2e36f9aa41b69d3870d23f88b) Importer(815301076,1909f56bfc062723c751e8b465ee728b) (PreviewImporter) -> (artifact id: '753f683acb8524fac75adc590a8a9081') in 0.209146375 seconds
Number of updated asset objects reloaded before import = 0Number of asset objects unloaded after import = 1

========================================================================
Received Import Request.
  Time since last request: 30.874854 seconds.
  path: Assets/2D Space Kit/Particles (Sprites)/Materials/Exhaust.mat
  artifactKey: Guid(02076085c4851104fa97458c4d1e3cce) Importer(815301076,1909f56bfc062723c751e8b465ee728b)
Start importing Assets/2D Space Kit/Particles (Sprites)/Materials/Exhaust.mat using Guid(02076085c4851104fa97458c4d1e3cce) Importer(815301076,1909f56bfc062723c751e8b465ee728b) (PreviewImporter) -> (artifact id: '405e9e329ccfe816ea26b2752427ac1c') in 0.022192333 seconds
Number of updated asset objects reloaded before import = 0Number of asset objects unloaded after import = 2

========================================================================
Received Import Request.
  Time since last request: 1.373328 seconds.
  path: Assets/2D Space Kit/Particles (Sprites)/Materials/Ion Trail.mat
  artifactKey: Guid(f73327638a0af40479db89a0cc40e047) Importer(815301076,1909f56bfc062723c751e8b465ee728b)
Start importing Assets/2D Space Kit/Particles (Sprites)/Materials/Ion Trail.mat using Guid(f73327638a0af40479db89a0cc40e047) Importer(815301076,1909f56bfc062723c751e8b465ee728b) (PreviewImporter) -> (artifact id: '453db70c83ba9dcc20df7dc3e9b5c4d3') in 0.005520667 seconds
Number of updated asset objects reloaded before import = 0Number of asset objects unloaded after import = 2

========================================================================
Received Import Request.
  Time since last request: 0.021306 seconds.
  path: Assets/TextMesh Pro/Resources/Fonts & Materials/LiberationSans SDF - Outline.mat
  artifactKey: Guid(79459efec17a4d00a321bdcc27bbc385) Importer(815301076,1909f56bfc062723c751e8b465ee728b)
Start importing Assets/TextMesh Pro/Resources/Fonts & Materials/LiberationSans SDF - Outline.mat using Guid(79459efec17a4d00a321bdcc27bbc385) Importer(815301076,1909f56bfc062723c751e8b465ee728b) (PreviewImporter) -> (artifact id: '1968cc3d451b710f37813105c3b3c923') in 0.097933875 seconds
Number of updated asset objects reloaded before import = 0Number of asset objects unloaded after import = 2

========================================================================
Received Import Request.
  Time since last request: 0.000048 seconds.
  path: Assets/2D Space Kit/Particles (Sprites)/Materials/Smoke Trail 1.mat
  artifactKey: Guid(aea544bbb7150114bae7c7de1bd24a86) Importer(815301076,1909f56bfc062723c751e8b465ee728b)
Start importing Assets/2D Space Kit/Particles (Sprites)/Materials/Smoke Trail 1.mat using Guid(aea544bbb7150114bae7c7de1bd24a86) Importer(815301076,1909f56bfc062723c751e8b465ee728b) (PreviewImporter) -> (artifact id: 'a5cf74fa3f224df63ea048057b9ba0c5') in 0.00570825 seconds
Number of updated asset objects reloaded before import = 0Number of asset objects unloaded after import = 2

========================================================================
Received Import Request.
  Time since last request: 0.001766 seconds.
  path: Assets/TextMesh Pro/Shaders/TMP_SDF-HDRP LIT.shadergraph
  artifactKey: Guid(ca2ed216f98028c4dae6c5224a952b3c) Importer(815301076,1909f56bfc062723c751e8b465ee728b)
Start importing Assets/TextMesh Pro/Shaders/TMP_SDF-HDRP LIT.shadergraph using Guid(ca2ed216f98028c4dae6c5224a952b3c) Importer(815301076,1909f56bfc062723c751e8b465ee728b) (PreviewImporter) -> (artifact id: '12e7b4293897edfc41bb95cad6892947') in 0.006348541 seconds
Number of updated asset objects reloaded before import = 0Number of asset objects unloaded after import = 2

========================================================================
Received Import Request.
  Time since last request: 0.034696 seconds.
  path: Assets/TextMesh Pro/Shaders/TMP_SDF-URP Lit.shadergraph
  artifactKey: Guid(a3d800b099a06e0478fb790c5e79057a) Importer(815301076,1909f56bfc062723c751e8b465ee728b)
Start importing Assets/TextMesh Pro/Shaders/TMP_SDF-URP Lit.shadergraph using Guid(a3d800b099a06e0478fb790c5e79057a) Importer(815301076,1909f56bfc062723c751e8b465ee728b) (PreviewImporter) -> (artifact id: '2d845fd01a1ccb29013c2f305a03f489') in 0.443894583 seconds
Number of updated asset objects reloaded before import = 0Number of asset objects unloaded after import = 3

========================================================================
Received Import Request.
  Time since last request: 2694.939350 seconds.
  path: Assets/Farland Skies/Nebula One/Prefabs/SkyboxController.prefab
  artifactKey: Guid(dfcf04dadf8544f478abd03debf5db69) Importer(815301076,1909f56bfc062723c751e8b465ee728b)
Start importing Assets/Farland Skies/Nebula One/Prefabs/SkyboxController.prefab using Guid(dfcf04dadf8544f478abd03debf5db69) Importer(815301076,1909f56bfc062723c751e8b465ee728b) (PreviewImporter) -> (artifact id: 'a3c04867e514424465f153726d30cafa') in 0.016935958 seconds
Number of updated asset objects reloaded before import = 0Number of asset objects unloaded after import = 5

========================================================================
Received Import Request.
  Time since last request: 0.000123 seconds.
  path: Assets/Farland Skies/Nebula One/Prefabs/SkyboxCycleManager.prefab
  artifactKey: Guid(63a41ecb322589f4f9484200fc411e17) Importer(815301076,1909f56bfc062723c751e8b465ee728b)
Start importing Assets/Farland Skies/Nebula One/Prefabs/SkyboxCycleManager.prefab using Guid(63a41ecb322589f4f9484200fc411e17) Importer(815301076,1909f56bfc062723c751e8b465ee728b) (PreviewImporter) -> (artifact id: '6b6dbd98d25295aefd50e64413a43b69') in 0.001310125 seconds
Number of updated asset objects reloaded before import = 0Number of asset objects unloaded after import = 5

========================================================================
Received Import Request.
  Time since last request: 7.389892 seconds.
  path: Assets/Farland Skies/!Core/Icons/Personal/Moon_16.png
  artifactKey: Guid(bf999b164a863704fa6e83f5a77e1908) Importer(815301076,1909f56bfc062723c751e8b465ee728b)
Start importing Assets/Farland Skies/!Core/Icons/Personal/Moon_16.png using Guid(bf999b164a863704fa6e83f5a77e1908) Importer(815301076,1909f56bfc062723c751e8b465ee728b) (PreviewImporter) -> (artifact id: '2ae32a1f836937457e064e1ecbb2ded9') in 0.015178916 seconds
Number of updated asset objects reloaded before import = 0Number of asset objects unloaded after import = 2

========================================================================
Received Import Request.
  Time since last request: 0.000045 seconds.
  path: Assets/Farland Skies/!Core/Icons/Personal/Tag_16.png
  artifactKey: Guid(89c6d99440be00949958a1fecbfdfd1a) Importer(815301076,1909f56bfc062723c751e8b465ee728b)
Start importing Assets/Farland Skies/!Core/Icons/Personal/Tag_16.png using Guid(89c6d99440be00949958a1fecbfdfd1a) Importer(815301076,1909f56bfc062723c751e8b465ee728b) (PreviewImporter) -> (artifact id: 'f5ae32b164506e4412193656079b2f04') in 0.003348417 seconds
Number of updated asset objects reloaded before import = 0Number of asset objects unloaded after import = 2

========================================================================
Received Import Request.
  Time since last request: 0.000041 seconds.
  path: Assets/Farland Skies/!Core/Icons/Personal/Sky_16.png
  artifactKey: Guid(77416ac809d143e44bccc4ae8008e592) Importer(815301076,1909f56bfc062723c751e8b465ee728b)
Start importing Assets/Farland Skies/!Core/Icons/Personal/Sky_16.png using Guid(77416ac809d143e44bccc4ae8008e592) Importer(815301076,1909f56bfc062723c751e8b465ee728b) (PreviewImporter) -> (artifact id: '5be71092ccc253c01dd29d79a1a278fb') in 0.004547625 seconds
Number of updated asset objects reloaded before import = 0Number of asset objects unloaded after import = 2

========================================================================
Received Import Request.
  Time since last request: 2.110687 seconds.
  path: Assets/Farland Skies/!Core/Icons/Professional/Moon_16.png
  artifactKey: Guid(ab06184fdf988ca4ca105754c82a1ad9) Importer(815301076,1909f56bfc062723c751e8b465ee728b)
Start importing Assets/Farland Skies/!Core/Icons/Professional/Moon_16.png using Guid(ab06184fdf988ca4ca105754c82a1ad9) Importer(815301076,1909f56bfc062723c751e8b465ee728b) (PreviewImporter) -> (artifact id: '56901e27bfa6dddfbc10b1ccef4c91d8') in 0.003552125 seconds
Number of updated asset objects reloaded before import = 0Number of asset objects unloaded after import = 2

========================================================================
Received Import Request.
  Time since last request: 0.000036 seconds.
  path: Assets/Farland Skies/!Core/Icons/Professional/Sky_16.png
  artifactKey: Guid(d4b5237ce6934cb4f9dd9f0bfcaf0daa) Importer(815301076,1909f56bfc062723c751e8b465ee728b)
Start importing Assets/Farland Skies/!Core/Icons/Professional/Sky_16.png using Guid(d4b5237ce6934cb4f9dd9f0bfcaf0daa) Importer(815301076,1909f56bfc062723c751e8b465ee728b) (PreviewImporter) -> (artifact id: '68b0177cb102b266e805b2db0fe85cdf') in 0.003307125 seconds
Number of updated asset objects reloaded before import = 0Number of asset objects unloaded after import = 2

========================================================================
Received Import Request.
  Time since last request: 0.000051 seconds.
  path: Assets/Farland Skies/!Core/Icons/Professional/Tag_16.png
  artifactKey: Guid(727daa23260bc8148bc2348eb0adbdaa) Importer(815301076,1909f56bfc062723c751e8b465ee728b)
Start importing Assets/Farland Skies/!Core/Icons/Professional/Tag_16.png using Guid(727daa23260bc8148bc2348eb0adbdaa) Importer(815301076,1909f56bfc062723c751e8b465ee728b) (PreviewImporter) -> (artifact id: '7a439f2689cfab49f9ba55ea165d3c1d') in 0.005991292 seconds
Number of updated asset objects reloaded before import = 0Number of asset objects unloaded after import = 2

========================================================================
Received Prepare
Begin MonoManager ReloadAssembly
[Licensing::Client] Successfully resolved entitlement details
Thread 0x16b2f3000 may have been prematurely finalized
- Loaded All Assemblies, in  0.502 seconds
Refreshing native plugins compatible for Editor in 0.37 ms, found 3 plugins.
Native extension for OSXStandalone target not found
Native extension for WebGL target not found
[Package Manager] Failed to launch server process. Reason: Unity was launched with the -noUpm command-line argument
[Package Manager] Unable to send message (not connected to server process).
[Package Manager] Cannot connect to Unity Package Manager local server
Mono: successfully reloaded assembly
- Finished resetting the current domain, in  0.511 seconds
Domain Reload Profiling: 1016ms
	BeginReloadAssembly (174ms)
		ExecutionOrderSort (0ms)
		DisableScriptedObjects (23ms)
		BackupInstance (0ms)
		ReleaseScriptingObjects (0ms)
		CreateAndSetChildDomain (62ms)
	RebuildCommonClasses (23ms)
	RebuildNativeTypeToScriptingClass (9ms)
	initialDomainReloadingComplete (16ms)
	LoadAllAssembliesAndSetupDomain (283ms)
		LoadAssemblies (196ms)
		RebuildTransferFunctionScriptingTraits (0ms)
		AnalyzeDomain (130ms)
			TypeCache.Refresh (9ms)
				TypeCache.ScanAssembly (0ms)
			BuildScriptInfoCaches (112ms)
			ResolveRequiredComponents (6ms)
	FinalizeReload (511ms)
		ReleaseScriptCaches (0ms)
		RebuildScriptCaches (0ms)
		SetupLoadedEditorAssemblies (421ms)
			LogAssemblyErrors (0ms)
			InitializePlatformSupportModulesInManaged (1ms)
			SetLoadedEditorAssemblies (4ms)
			BeforeProcessingInitializeOnLoad (89ms)
			ProcessInitializeOnLoadAttributes (293ms)
			ProcessInitializeOnLoadMethodAttributes (33ms)
			AfterProcessingInitializeOnLoad (1ms)
			EditorAssembliesLoaded (0ms)
		ExecutionOrderSort2 (0ms)
		AwakeInstancesAfterBackupRestoration (7ms)
WARNING: Shader Unsupported: 'Universal Render Pipeline/VR/SpatialMapping/Wireframe' - All subshaders removed
WARNING: Shader Did you use #pragma only_renderers and omit this platform?
WARNING: Shader If subshaders removal was intentional, you may have forgotten turning Fallback off?
WARNING: Shader Unsupported: 'Universal Render Pipeline/VR/SpatialMapping/Wireframe' - All subshaders removed
WARNING: Shader Did you use #pragma only_renderers and omit this platform?
WARNING: Shader If subshaders removal was intentional, you may have forgotten turning Fallback off?
Refreshing native plugins compatible for Editor in 0.59 ms, found 3 plugins.
Preloading 0 native plugins for Editor in 0.00 ms.
Unloading 56 Unused Serialized files (Serialized files now loaded: 0)
Unloading 6938 unused Assets / (8.3 MB). Loaded Objects now: 7899.
Memory consumption went from 168.4 MB to 160.1 MB.
Total: 7.177875 ms (FindLiveObjects: 0.370791 ms CreateObjectMapping: 0.227417 ms MarkObjects: 4.212250 ms  DeleteObjects: 2.367292 ms)

Prepare: number of updated asset objects reloaded= 0
========================================================================
Received Import Request.
  Time since last request: 337.930736 seconds.
  path: Assets/Farland Skies/Nebula One/Materials/Starfield.mat
  artifactKey: Guid(6b47557b3683046f48420e8d6394f248) Importer(2089858483,192608db42251d675da83286b1cce702)
Start importing Assets/Farland Skies/Nebula One/Materials/Starfield.mat using Guid(6b47557b3683046f48420e8d6394f248) Importer(2089858483,192608db42251d675da83286b1cce702) (ScriptedImporter) -> (artifact id: 'e0694258db70e16859057a19aafa790a') in 0.103295583 seconds
Number of updated asset objects reloaded before import = 0Number of asset objects unloaded after import = 2

========================================================================
Received Import Request.
  Time since last request: 11.626129 seconds.
  path: Assets/ASSets/2D Space Kit
  artifactKey: Guid(3145d2af8915f42a4a9e110021f80d2a) Importer(2089858483,192608db42251d675da83286b1cce702)
Start importing Assets/ASSets/2D Space Kit using Guid(3145d2af8915f42a4a9e110021f80d2a) Importer(2089858483,192608db42251d675da83286b1cce702) (ScriptedImporter) -> (artifact id: '643de9ceef27ee579837a2f19e27be07') in 0.005500084 seconds
Number of updated asset objects reloaded before import = 0Number of asset objects unloaded after import = 1

========================================================================
Received Import Request.
  Time since last request: 0.000043 seconds.
  path: Assets/ASSets/2D Space Kit/Particles (Sprites)/Materials/Ion Trail.mat
  artifactKey: Guid(f73327638a0af40479db89a0cc40e047) Importer(2089858483,192608db42251d675da83286b1cce702)
Start importing Assets/ASSets/2D Space Kit/Particles (Sprites)/Materials/Ion Trail.mat using Guid(f73327638a0af40479db89a0cc40e047) Importer(2089858483,192608db42251d675da83286b1cce702) (ScriptedImporter) -> (artifact id: '885982ee872c21e1c656d0ddd3e15608') in 0.00377425 seconds
Number of updated asset objects reloaded before import = 0Number of asset objects unloaded after import = 2

========================================================================
Received Import Request.
  Time since last request: 0.000037 seconds.
  path: Assets/ASSets/2D Space Kit/Turrets/Turret Large 1.png
  artifactKey: Guid(f94df059a55ade342918fe7d0e8c2299) Importer(2089858483,192608db42251d675da83286b1cce702)
Start importing Assets/ASSets/2D Space Kit/Turrets/Turret Large 1.png using Guid(f94df059a55ade342918fe7d0e8c2299) Importer(2089858483,192608db42251d675da83286b1cce702) (ScriptedImporter) -> (artifact id: 'eab7b1508bf60370bafa45982c1d60cf') in 0.038668625 seconds
Number of updated asset objects reloaded before import = 0Number of asset objects unloaded after import = 3

========================================================================
Received Import Request.
  Time since last request: 0.000043 seconds.
  path: Assets/ASSets/2D Space Kit/Background Elements/Planets/Planet Masks/Mask Half.png
  artifactKey: Guid(a6f815c487fec1646805cd8792638c0f) Importer(2089858483,192608db42251d675da83286b1cce702)
Start importing Assets/ASSets/2D Space Kit/Background Elements/Planets/Planet Masks/Mask Half.png using Guid(a6f815c487fec1646805cd8792638c0f) Importer(2089858483,192608db42251d675da83286b1cce702) (ScriptedImporter) -> (artifact id: '472627d1f5b5c76919a06c1d9db19737') in 0.009389917 seconds
Number of updated asset objects reloaded before import = 0Number of asset objects unloaded after import = 3

========================================================================
Received Import Request.
  Time since last request: 0.000048 seconds.
  path: Assets/ASSets/2D Space Kit/Background Elements/Dust and Nebulae/Materials
  artifactKey: Guid(cd433b57136bc42438ff0075c24beb51) Importer(2089858483,192608db42251d675da83286b1cce702)
Start importing Assets/ASSets/2D Space Kit/Background Elements/Dust and Nebulae/Materials using Guid(cd433b57136bc42438ff0075c24beb51) Importer(2089858483,192608db42251d675da83286b1cce702) (ScriptedImporter) -> (artifact id: '4bead528d30e46b471660398d65975ac') in 0.002058375 seconds
Number of updated asset objects reloaded before import = 0Number of asset objects unloaded after import = 1

========================================================================
Received Import Request.
  Time since last request: 0.000063 seconds.
  path: Assets/ASSets/2D Space Kit/Ships and Stations/Alien 4.png
  artifactKey: Guid(83f530308b93c554f91af6d5a8ce5607) Importer(2089858483,192608db42251d675da83286b1cce702)
Start importing Assets/ASSets/2D Space Kit/Ships and Stations/Alien 4.png using Guid(83f530308b93c554f91af6d5a8ce5607) Importer(2089858483,192608db42251d675da83286b1cce702) (ScriptedImporter) -> (artifact id: 'ba4ea77d89c419ff4c8af8c4c51d57a9') in 0.006936833 seconds
Number of updated asset objects reloaded before import = 0Number of asset objects unloaded after import = 3

========================================================================
Received Import Request.
  Time since last request: 0.000069 seconds.
  path: Assets/ASSets/2D Space Kit/Ships and Stations
  artifactKey: Guid(30da0144543b644c4a837834f56c9bec) Importer(2089858483,192608db42251d675da83286b1cce702)
Start importing Assets/ASSets/2D Space Kit/Ships and Stations using Guid(30da0144543b644c4a837834f56c9bec) Importer(2089858483,192608db42251d675da83286b1cce702) (ScriptedImporter) -> (artifact id: '724466e6fd287b833ad9aafebdc00b48') in 0.002026042 seconds
Number of updated asset objects reloaded before import = 0Number of asset objects unloaded after import = 1

========================================================================
Received Import Request.
  Time since last request: 0.000043 seconds.
  path: Assets/ASSets/2D Space Kit/Background Elements/Dust and Nebulae/Materials/EM Cloud 2.mat
  artifactKey: Guid(4b86e1f5f19a7d7419231c97ecf80ad9) Importer(2089858483,192608db42251d675da83286b1cce702)
Start importing Assets/ASSets/2D Space Kit/Background Elements/Dust and Nebulae/Materials/EM Cloud 2.mat using Guid(4b86e1f5f19a7d7419231c97ecf80ad9) Importer(2089858483,192608db42251d675da83286b1cce702) (ScriptedImporter) -> (artifact id: '95c592d80271ed4a3aa1171348259e8b') in 0.003690792 seconds
Number of updated asset objects reloaded before import = 0Number of asset objects unloaded after import = 2

========================================================================
Received Import Request.
  Time since last request: 0.000049 seconds.
  path: Assets/ASSets/2D Space Kit/Background Elements/Dust and Nebulae/EM Cloud (3).png
  artifactKey: Guid(615fb1979dae6af4bb31040fe927cdcd) Importer(2089858483,192608db42251d675da83286b1cce702)
Start importing Assets/ASSets/2D Space Kit/Background Elements/Dust and Nebulae/EM Cloud (3).png using Guid(615fb1979dae6af4bb31040fe927cdcd) Importer(2089858483,192608db42251d675da83286b1cce702) (ScriptedImporter) -> (artifact id: 'd64b9d460a588df2e5bbe3dcf7d88ac0') in 0.00864625 seconds
Number of updated asset objects reloaded before import = 0Number of asset objects unloaded after import = 1

========================================================================
Received Import Request.
  Time since last request: 0.000063 seconds.
  path: Assets/ASSets/2D Space Kit/Background Elements/Planets/Gas 2.png
  artifactKey: Guid(ebc5a4f01947fc54096adcd9e1723924) Importer(2089858483,192608db42251d675da83286b1cce702)
Start importing Assets/ASSets/2D Space Kit/Background Elements/Planets/Gas 2.png using Guid(ebc5a4f01947fc54096adcd9e1723924) Importer(2089858483,192608db42251d675da83286b1cce702) (ScriptedImporter) -> (artifact id: '0a2d24118abc119bc1af442bcdfa63c2') in 0.015970875 seconds
Number of updated asset objects reloaded before import = 0Number of asset objects unloaded after import = 3

========================================================================
Received Import Request.
  Time since last request: 0.000033 seconds.
  path: Assets/ASSets/2D Space Kit/Ships and Stations/Alien 3.png
  artifactKey: Guid(9323a6c37ab7cee46aff0f07c38607a9) Importer(2089858483,192608db42251d675da83286b1cce702)
Start importing Assets/ASSets/2D Space Kit/Ships and Stations/Alien 3.png using Guid(9323a6c37ab7cee46aff0f07c38607a9) Importer(2089858483,192608db42251d675da83286b1cce702) (ScriptedImporter) -> (artifact id: '116cc1b45894666dc8121d44abdf8cdc') in 0.008286917 seconds
Number of updated asset objects reloaded before import = 0Number of asset objects unloaded after import = 3

========================================================================
Received Import Request.
  Time since last request: 0.000044 seconds.
  path: Assets/ASSets/2D Space Kit/Backgrounds/Fantasy Purple 2048/Fantasy 1.jpg
  artifactKey: Guid(bafbe3f2d9e9ad34bb059e9e72ee87e7) Importer(2089858483,192608db42251d675da83286b1cce702)
Start importing Assets/ASSets/2D Space Kit/Backgrounds/Fantasy Purple 2048/Fantasy 1.jpg using Guid(bafbe3f2d9e9ad34bb059e9e72ee87e7) Importer(2089858483,192608db42251d675da83286b1cce702) (ScriptedImporter) -> (artifact id: 'ad08233bfb9f935a1deb6f472e94de42') in 0.01314125 seconds
Number of updated asset objects reloaded before import = 0Number of asset objects unloaded after import = 3

========================================================================
Received Import Request.
  Time since last request: 0.000041 seconds.
  path: Assets/ASSets/2D Space Kit/Turrets/Turret Medium 1.png
  artifactKey: Guid(b618a4750ef81c94c8bcde0fae940691) Importer(2089858483,192608db42251d675da83286b1cce702)
Start importing Assets/ASSets/2D Space Kit/Turrets/Turret Medium 1.png using Guid(b618a4750ef81c94c8bcde0fae940691) Importer(2089858483,192608db42251d675da83286b1cce702) (ScriptedImporter) -> (artifact id: '61e1652ad4a1e761cebbd061d749cb0b') in 0.007926166 seconds
Number of updated asset objects reloaded before import = 0Number of asset objects unloaded after import = 3

========================================================================
Received Import Request.
  Time since last request: 0.000046 seconds.
  path: Assets/ASSets/2D Space Kit/Background Elements/Planets/Planet Masks/Mask Left 1.png
  artifactKey: Guid(b04c24285f1acd34e9e60705c78cb864) Importer(2089858483,192608db42251d675da83286b1cce702)
Start importing Assets/ASSets/2D Space Kit/Background Elements/Planets/Planet Masks/Mask Left 1.png using Guid(b04c24285f1acd34e9e60705c78cb864) Importer(2089858483,192608db42251d675da83286b1cce702) (ScriptedImporter) -> (artifact id: '0d534be3fed56dd1e4b537f40e0dcc97') in 0.009376917 seconds
Number of updated asset objects reloaded before import = 0Number of asset objects unloaded after import = 3

========================================================================
Received Import Request.
  Time since last request: 0.000042 seconds.
  path: Assets/ASSets/2D Space Kit/Example Scene
  artifactKey: Guid(68f0995ef691b471a928cb63feb42141) Importer(2089858483,192608db42251d675da83286b1cce702)
Start importing Assets/ASSets/2D Space Kit/Example Scene using Guid(68f0995ef691b471a928cb63feb42141) Importer(2089858483,192608db42251d675da83286b1cce702) (ScriptedImporter) -> (artifact id: '34007ebf2d8c03c510fed07ca4b319f8') in 0.0021125 seconds
Number of updated asset objects reloaded before import = 0Number of asset objects unloaded after import = 1

========================================================================
Received Import Request.
  Time since last request: 0.000046 seconds.
  path: Assets/ASSets/2D Space Kit/Prefabs
  artifactKey: Guid(dae1a7c21be1f412f8ee7b54ef1583c3) Importer(2089858483,192608db42251d675da83286b1cce702)
Start importing Assets/ASSets/2D Space Kit/Prefabs using Guid(dae1a7c21be1f412f8ee7b54ef1583c3) Importer(2089858483,192608db42251d675da83286b1cce702) (ScriptedImporter) -> (artifact id: 'c8d5ba923718d3bd59e230e1448d879c') in 0.001775625 seconds
Number of updated asset objects reloaded before import = 0Number of asset objects unloaded after import = 1

========================================================================
Received Import Request.
  Time since last request: 0.000044 seconds.
  path: Assets/ASSets/2D Space Kit/Background Elements/Stars/Brown Dwarf.png
  artifactKey: Guid(695689048c9d8b5408c8d1b998ab53bb) Importer(2089858483,192608db42251d675da83286b1cce702)
Start importing Assets/ASSets/2D Space Kit/Background Elements/Stars/Brown Dwarf.png using Guid(695689048c9d8b5408c8d1b998ab53bb) Importer(2089858483,192608db42251d675da83286b1cce702) (ScriptedImporter) -> (artifact id: 'b086db3f92e5ccf73abf30032f2f0cd7') in 0.015478042 seconds
Number of updated asset objects reloaded before import = 0Number of asset objects unloaded after import = 3

========================================================================
Received Import Request.
  Time since last request: 0.000047 seconds.
  path: Assets/ASSets/2D Space Kit/Ships and Stations/Destroyer 1.png
  artifactKey: Guid(9731eae082186de439e5f70163f17d35) Importer(2089858483,192608db42251d675da83286b1cce702)
Start importing Assets/ASSets/2D Space Kit/Ships and Stations/Destroyer 1.png using Guid(9731eae082186de439e5f70163f17d35) Importer(2089858483,192608db42251d675da83286b1cce702) (ScriptedImporter) -> (artifact id: '8f0d1abd4c7b5c6d25c46a43e0a6a8ec') in 0.007136334 seconds
Number of updated asset objects reloaded before import = 0Number of asset objects unloaded after import = 3

========================================================================
Received Import Request.
  Time since last request: 0.000035 seconds.
  path: Assets/ASSets/2D Space Kit/Backgrounds/2.png
  artifactKey: Guid(fea3b9b57e5d390449c6ed94f04da701) Importer(2089858483,192608db42251d675da83286b1cce702)
Start importing Assets/ASSets/2D Space Kit/Backgrounds/2.png using Guid(fea3b9b57e5d390449c6ed94f04da701) Importer(2089858483,192608db42251d675da83286b1cce702) (ScriptedImporter) -> (artifact id: '23d9c0314b6e9220df2d8d36ccf5ed8b') in 0.03870525 seconds
Number of updated asset objects reloaded before import = 0Number of asset objects unloaded after import = 3

========================================================================
Received Import Request.
  Time since last request: 0.000042 seconds.
  path: Assets/ASSets/2D Space Kit/Particles (Sprites)/Projectile Thin.png
  artifactKey: Guid(2b9d02daf092f1f4589868061e46f087) Importer(2089858483,192608db42251d675da83286b1cce702)
Start importing Assets/ASSets/2D Space Kit/Particles (Sprites)/Projectile Thin.png using Guid(2b9d02daf092f1f4589868061e46f087) Importer(2089858483,192608db42251d675da83286b1cce702) (ScriptedImporter) -> (artifact id: '08a9d292df91a779eb1c88583e909286') in 0.006319708 seconds
Number of updated asset objects reloaded before import = 0Number of asset objects unloaded after import = 3

========================================================================
Received Import Request.
  Time since last request: 0.000045 seconds.
  path: Assets/ASSets/2D Space Kit/Debris/Debris (4).png
  artifactKey: Guid(1ac351cd14b08e04db823ec9346d42f8) Importer(2089858483,192608db42251d675da83286b1cce702)
Start importing Assets/ASSets/2D Space Kit/Debris/Debris (4).png using Guid(1ac351cd14b08e04db823ec9346d42f8) Importer(2089858483,192608db42251d675da83286b1cce702) (ScriptedImporter) -> (artifact id: 'f3688f0cd48df40a8c1ea03c4c6f5a67') in 0.006621125 seconds
Number of updated asset objects reloaded before import = 0Number of asset objects unloaded after import = 3

========================================================================
Received Import Request.
  Time since last request: 0.000040 seconds.
  path: Assets/ASSets/2D Space Kit/Backgrounds/Fantasy Purple 2048/Note.txt
  artifactKey: Guid(0ac2cf4b7ace99645b31178cf1078396) Importer(2089858483,192608db42251d675da83286b1cce702)
Start importing Assets/ASSets/2D Space Kit/Backgrounds/Fantasy Purple 2048/Note.txt using Guid(0ac2cf4b7ace99645b31178cf1078396) Importer(2089858483,192608db42251d675da83286b1cce702) (ScriptedImporter) -> (artifact id: '4f531735e8208bd695d8a50750e2f91c') in 0.002507458 seconds
Number of updated asset objects reloaded before import = 0Number of asset objects unloaded after import = 1

========================================================================
Received Import Request.
  Time since last request: 0.000081 seconds.
  path: Assets/ASSets/2D Space Kit/Turrets/Turret Small 1.png
  artifactKey: Guid(c8a99bdd0f08b8c47af88824e592097b) Importer(2089858483,192608db42251d675da83286b1cce702)
Start importing Assets/ASSets/2D Space Kit/Turrets/Turret Small 1.png using Guid(c8a99bdd0f08b8c47af88824e592097b) Importer(2089858483,192608db42251d675da83286b1cce702) (ScriptedImporter) -> (artifact id: '10e75804672570dc71acf2f98bf7ffa0') in 0.006910166 seconds
Number of updated asset objects reloaded before import = 0Number of asset objects unloaded after import = 3

========================================================================
Received Import Request.
  Time since last request: 0.000046 seconds.
  path: Assets/ASSets/2D Space Kit/Background Elements/Dust and Nebulae/DustWisps 1.png
  artifactKey: Guid(59007aecc7d3a6f458aba387ad7a7d29) Importer(2089858483,192608db42251d675da83286b1cce702)
Start importing Assets/ASSets/2D Space Kit/Background Elements/Dust and Nebulae/DustWisps 1.png using Guid(59007aecc7d3a6f458aba387ad7a7d29) Importer(2089858483,192608db42251d675da83286b1cce702) (ScriptedImporter) -> (artifact id: 'e9b892d5c0feb440cef759ca9d017f95') in 0.011276 seconds
Number of updated asset objects reloaded before import = 0Number of asset objects unloaded after import = 3

========================================================================
Received Import Request.
  Time since last request: 0.000041 seconds.
  path: Assets/ASSets/2D Space Kit/Debris/Debris (3).png
  artifactKey: Guid(57d4fd0b0aa675a4b867404cf0888d22) Importer(2089858483,192608db42251d675da83286b1cce702)
Start importing Assets/ASSets/2D Space Kit/Debris/Debris (3).png using Guid(57d4fd0b0aa675a4b867404cf0888d22) Importer(2089858483,192608db42251d675da83286b1cce702) (ScriptedImporter) -> (artifact id: 'a682ce6603b7f9926610b4c40c77fb6d') in 0.006905625 seconds
Number of updated asset objects reloaded before import = 0Number of asset objects unloaded after import = 3

========================================================================
Received Import Request.
  Time since last request: 0.000038 seconds.
  path: Assets/ASSets/2D Space Kit/Background Elements/Planets/Gas 3.png
  artifactKey: Guid(95e1a48c8de1d9a4eadd9825f7cc869b) Importer(2089858483,192608db42251d675da83286b1cce702)
Start importing Assets/ASSets/2D Space Kit/Background Elements/Planets/Gas 3.png using Guid(95e1a48c8de1d9a4eadd9825f7cc869b) Importer(2089858483,192608db42251d675da83286b1cce702) (ScriptedImporter) -> (artifact id: 'ee77f2bd2cbbf32bef797c9bcf4101d9') in 0.017077 seconds
Number of updated asset objects reloaded before import = 0Number of asset objects unloaded after import = 3

========================================================================
Received Import Request.
  Time since last request: 0.000044 seconds.
  path: Assets/ASSets/2D Space Kit/Particles (Sprites)/IonTrail.png
  artifactKey: Guid(92b3d65b1f018c2478821555c91745e5) Importer(2089858483,192608db42251d675da83286b1cce702)
Start importing Assets/ASSets/2D Space Kit/Particles (Sprites)/IonTrail.png using Guid(92b3d65b1f018c2478821555c91745e5) Importer(2089858483,192608db42251d675da83286b1cce702) (ScriptedImporter) -> (artifact id: 'c44a5667c8b71e9bce46075573b57c42') in 0.005710625 seconds
Number of updated asset objects reloaded before import = 0Number of asset objects unloaded after import = 1

========================================================================
Received Import Request.
  Time since last request: 0.000041 seconds.
  path: Assets/ASSets/2D Space Kit/Asteroids/Asteroid 2.png
  artifactKey: Guid(0f3a720ed8c07f14ea6b92d6fefc8c0c) Importer(2089858483,192608db42251d675da83286b1cce702)
Start importing Assets/ASSets/2D Space Kit/Asteroids/Asteroid 2.png using Guid(0f3a720ed8c07f14ea6b92d6fefc8c0c) Importer(2089858483,192608db42251d675da83286b1cce702) (ScriptedImporter) -> (artifact id: 'e123c46bf3d16f4bc91a38c3fbddf6a4') in 0.008996875 seconds
Number of updated asset objects reloaded before import = 0Number of asset objects unloaded after import = 3

========================================================================
Received Import Request.
  Time since last request: 0.000065 seconds.
  path: Assets/ASSets/2D Space Kit/Particles (Sprites)/Small Flare.png
  artifactKey: Guid(b4632570e919c6f459168cdf0a8c9a2a) Importer(2089858483,192608db42251d675da83286b1cce702)
Start importing Assets/ASSets/2D Space Kit/Particles (Sprites)/Small Flare.png using Guid(b4632570e919c6f459168cdf0a8c9a2a) Importer(2089858483,192608db42251d675da83286b1cce702) (ScriptedImporter) -> (artifact id: '437f24e393489a278aa128bfaa8192d9') in 0.00693475 seconds
Number of updated asset objects reloaded before import = 0Number of asset objects unloaded after import = 3

========================================================================
Received Import Request.
  Time since last request: 0.000130 seconds.
  path: Assets/ASSets/2D Space Kit/Background Elements/Stars/Main Sequence.png
  artifactKey: Guid(544323b25a430a94983ecb4cfa874b9d) Importer(2089858483,192608db42251d675da83286b1cce702)
Start importing Assets/ASSets/2D Space Kit/Background Elements/Stars/Main Sequence.png using Guid(544323b25a430a94983ecb4cfa874b9d) Importer(2089858483,192608db42251d675da83286b1cce702) (ScriptedImporter) -> (artifact id: '806815343f8171b09041bc8d790a71ab') in 0.016816167 seconds
Number of updated asset objects reloaded before import = 0Number of asset objects unloaded after import = 3

========================================================================
Received Import Request.
  Time since last request: 0.000053 seconds.
  path: Assets/ASSets/2D Space Kit/Particles (Sprites)/Materials/Smoke Trail 1.mat
  artifactKey: Guid(aea544bbb7150114bae7c7de1bd24a86) Importer(2089858483,192608db42251d675da83286b1cce702)
Start importing Assets/ASSets/2D Space Kit/Particles (Sprites)/Materials/Smoke Trail 1.mat using Guid(aea544bbb7150114bae7c7de1bd24a86) Importer(2089858483,192608db42251d675da83286b1cce702) (ScriptedImporter) -> (artifact id: '39e584e02fe0117ef804346fb15caddd') in 0.003279541 seconds
Number of updated asset objects reloaded before import = 0Number of asset objects unloaded after import = 2

========================================================================
Received Import Request.
  Time since last request: 0.000047 seconds.
  path: Assets/ASSets/2D Space Kit/Background Elements/Stars
  artifactKey: Guid(fc91deb3e88654f4fbcd0e4eda085bdc) Importer(2089858483,192608db42251d675da83286b1cce702)
Start importing Assets/ASSets/2D Space Kit/Background Elements/Stars using Guid(fc91deb3e88654f4fbcd0e4eda085bdc) Importer(2089858483,192608db42251d675da83286b1cce702) (ScriptedImporter) -> (artifact id: 'aec868f92bb6e4881ecbc62f23a9613d') in 0.002537833 seconds
Number of updated asset objects reloaded before import = 0Number of asset objects unloaded after import = 1

========================================================================
Received Import Request.
  Time since last request: 0.000047 seconds.
  path: Assets/ASSets/2D Space Kit/Background Elements/Planets/Desert 3.png
  artifactKey: Guid(3493ad023d68bf2438bf5a6d6fa588a1) Importer(2089858483,192608db42251d675da83286b1cce702)
Start importing Assets/ASSets/2D Space Kit/Background Elements/Planets/Desert 3.png using Guid(3493ad023d68bf2438bf5a6d6fa588a1) Importer(2089858483,192608db42251d675da83286b1cce702) (ScriptedImporter) -> (artifact id: '9828522ca0cfa15da004813e78b34aa6') in 0.017898083 seconds
Number of updated asset objects reloaded before import = 0Number of asset objects unloaded after import = 3

========================================================================
Received Import Request.
  Time since last request: 0.000045 seconds.
  path: Assets/ASSets/2D Space Kit/Background Elements/Planets/Gas 1.png
  artifactKey: Guid(d83a39fbdcc73354d815cab77c2f64e6) Importer(2089858483,192608db42251d675da83286b1cce702)
Start importing Assets/ASSets/2D Space Kit/Background Elements/Planets/Gas 1.png using Guid(d83a39fbdcc73354d815cab77c2f64e6) Importer(2089858483,192608db42251d675da83286b1cce702) (ScriptedImporter) -> (artifact id: '3091605036eb650d2a0210adc2a97b72') in 0.015008917 seconds
Number of updated asset objects reloaded before import = 0Number of asset objects unloaded after import = 3

========================================================================
Received Import Request.
  Time since last request: 0.000037 seconds.
  path: Assets/ASSets/2D Space Kit/Background Elements/Planets/Planet Masks
  artifactKey: Guid(c1e8caedb7f564be78c7661e3d7396d7) Importer(2089858483,192608db42251d675da83286b1cce702)
Start importing Assets/ASSets/2D Space Kit/Background Elements/Planets/Planet Masks using Guid(c1e8caedb7f564be78c7661e3d7396d7) Importer(2089858483,192608db42251d675da83286b1cce702) (ScriptedImporter) -> (artifact id: '844fe0dba242d8db17291c2103408dbf') in 0.002173792 seconds
Number of updated asset objects reloaded before import = 0Number of asset objects unloaded after import = 1

========================================================================
Received Import Request.
  Time since last request: 0.000064 seconds.
  path: Assets/ASSets/2D Space Kit/Backgrounds/Fantasy Purple 2048/Fantasy 3.jpg
  artifactKey: Guid(25b0de3e94ab17e4d8662c168a1f5614) Importer(2089858483,192608db42251d675da83286b1cce702)
Start importing Assets/ASSets/2D Space Kit/Backgrounds/Fantasy Purple 2048/Fantasy 3.jpg using Guid(25b0de3e94ab17e4d8662c168a1f5614) Importer(2089858483,192608db42251d675da83286b1cce702) (ScriptedImporter) -> (artifact id: '3dc00aea842d1fbccde89ef70acbc116') in 0.015057875 seconds
Number of updated asset objects reloaded before import = 0Number of asset objects unloaded after import = 3

========================================================================
Received Import Request.
  Time since last request: 0.000405 seconds.
  path: Assets/ASSets/2D Space Kit/Background Elements/Dust and Nebulae/Nebula 2.png
  artifactKey: Guid(d7cd3cce2fc5c084eb7dab8f4c559963) Importer(2089858483,192608db42251d675da83286b1cce702)
Start importing Assets/ASSets/2D Space Kit/Background Elements/Dust and Nebulae/Nebula 2.png using Guid(d7cd3cce2fc5c084eb7dab8f4c559963) Importer(2089858483,192608db42251d675da83286b1cce702) (ScriptedImporter) -> (artifact id: '5224e9479d9d7b7f7612abbdfc21e064') in 0.009943792 seconds
Number of updated asset objects reloaded before import = 0Number of asset objects unloaded after import = 3

========================================================================
Received Import Request.
  Time since last request: 0.000040 seconds.
  path: Assets/ASSets/2D Space Kit/Ships and Stations/Fighter 2.png
  artifactKey: Guid(394b5b0edcab9644e883ef25893924dd) Importer(2089858483,192608db42251d675da83286b1cce702)
Start importing Assets/ASSets/2D Space Kit/Ships and Stations/Fighter 2.png using Guid(394b5b0edcab9644e883ef25893924dd) Importer(2089858483,192608db42251d675da83286b1cce702) (ScriptedImporter) -> (artifact id: 'c37155d21087a448c37f34d380d88c9c') in 0.009674792 seconds
Number of updated asset objects reloaded before import = 0Number of asset objects unloaded after import = 3

========================================================================
Received Import Request.
  Time since last request: 0.000053 seconds.
  path: Assets/ASSets/2D Space Kit/Prefabs/Muzzle Flash.prefab
  artifactKey: Guid(565cdc2ed7b030a41accd8f00ae59a50) Importer(2089858483,192608db42251d675da83286b1cce702)
Start importing Assets/ASSets/2D Space Kit/Prefabs/Muzzle Flash.prefab using Guid(565cdc2ed7b030a41accd8f00ae59a50) Importer(2089858483,192608db42251d675da83286b1cce702) (ScriptedImporter) -> (artifact id: '5f5adafc8b5a3f3b64197d1b475d63d9') in 0.066061125 seconds
Number of updated asset objects reloaded before import = 0Number of asset objects unloaded after import = 11

========================================================================
Received Prepare
WARNING: Shader Unsupported: 'Universal Render Pipeline/VR/SpatialMapping/Wireframe' - All subshaders removed
WARNING: Shader Did you use #pragma only_renderers and omit this platform?
WARNING: Shader If subshaders removal was intentional, you may have forgotten turning Fallback off?
WARNING: Shader Unsupported: 'Universal Render Pipeline/VR/SpatialMapping/Wireframe' - All subshaders removed
WARNING: Shader Did you use #pragma only_renderers and omit this platform?
WARNING: Shader If subshaders removal was intentional, you may have forgotten turning Fallback off?
Refreshing native plugins compatible for Editor in 0.76 ms, found 3 plugins.
Preloading 0 native plugins for Editor in 0.00 ms.
Unloading 55 Unused Serialized files (Serialized files now loaded: 0)
Unloading 6929 unused Assets / (5.4 MB). Loaded Objects now: 7899.
Memory consumption went from 160.4 MB to 155.0 MB.
Total: 8.582417 ms (FindLiveObjects: 0.699292 ms CreateObjectMapping: 0.238000 ms MarkObjects: 5.489083 ms  DeleteObjects: 2.155583 ms)

Prepare: number of updated asset objects reloaded= 0
========================================================================
Received Prepare
Begin MonoManager ReloadAssembly
[Licensing::Client] Successfully resolved entitlement details
Thread 0x16b2f3000 may have been prematurely finalized
- Loaded All Assemblies, in  0.548 seconds
Refreshing native plugins compatible for Editor in 0.42 ms, found 3 plugins.
Native extension for OSXStandalone target not found
Native extension for WebGL target not found
[Package Manager] Failed to launch server process. Reason: Unity was launched with the -noUpm command-line argument
[Package Manager] Unable to send message (not connected to server process).
[Package Manager] Cannot connect to Unity Package Manager local server
Mono: successfully reloaded assembly
- Finished resetting the current domain, in  0.514 seconds
Domain Reload Profiling: 1065ms
	BeginReloadAssembly (156ms)
		ExecutionOrderSort (0ms)
		DisableScriptedObjects (15ms)
		BackupInstance (0ms)
		ReleaseScriptingObjects (0ms)
		CreateAndSetChildDomain (53ms)
	RebuildCommonClasses (24ms)
	RebuildNativeTypeToScriptingClass (10ms)
	initialDomainReloadingComplete (26ms)
	LoadAllAssembliesAndSetupDomain (336ms)
		LoadAssemblies (245ms)
		RebuildTransferFunctionScriptingTraits (0ms)
		AnalyzeDomain (132ms)
			TypeCache.Refresh (12ms)
				TypeCache.ScanAssembly (0ms)
			BuildScriptInfoCaches (109ms)
			ResolveRequiredComponents (7ms)
	FinalizeReload (514ms)
		ReleaseScriptCaches (0ms)
		RebuildScriptCaches (0ms)
		SetupLoadedEditorAssemblies (423ms)
			LogAssemblyErrors (0ms)
			InitializePlatformSupportModulesInManaged (1ms)
			SetLoadedEditorAssemblies (4ms)
			BeforeProcessingInitializeOnLoad (96ms)
			ProcessInitializeOnLoadAttributes (288ms)
			ProcessInitializeOnLoadMethodAttributes (33ms)
			AfterProcessingInitializeOnLoad (1ms)
			EditorAssembliesLoaded (0ms)
		ExecutionOrderSort2 (0ms)
		AwakeInstancesAfterBackupRestoration (7ms)
WARNING: Shader Unsupported: 'Universal Render Pipeline/VR/SpatialMapping/Wireframe' - All subshaders removed
WARNING: Shader Did you use #pragma only_renderers and omit this platform?
WARNING: Shader If subshaders removal was intentional, you may have forgotten turning Fallback off?
WARNING: Shader Unsupported: 'Universal Render Pipeline/VR/SpatialMapping/Wireframe' - All subshaders removed
WARNING: Shader Did you use #pragma only_renderers and omit this platform?
WARNING: Shader If subshaders removal was intentional, you may have forgotten turning Fallback off?
Refreshing native plugins compatible for Editor in 0.40 ms, found 3 plugins.
Preloading 0 native plugins for Editor in 0.00 ms.
Unloading 55 Unused Serialized files (Serialized files now loaded: 0)
Unloading 6938 unused Assets / (8.7 MB). Loaded Objects now: 7902.
Memory consumption went from 167.8 MB to 159.1 MB.
Total: 7.568084 ms (FindLiveObjects: 0.397833 ms CreateObjectMapping: 0.215875 ms MarkObjects: 4.411542 ms  DeleteObjects: 2.542625 ms)

Prepare: number of updated asset objects reloaded= 0
Editor requested this worker to shutdown with reason: Scaling down because of idle timeout
AssetImportWorker is now disconnected from the server
Process exiting
