Unity Editor version:    6000.2.7f2 (2b518236b676)
Branch:                  6000.2/respin/6000.2.7f1-2eb0c79396db
Build type:              Release
Batch mode:              YES
macOS version:           Version 26.1 (Build 25B78)
Darwin version:          25.1.0
Architecture:            arm64
Running under Rosetta:   NO
Available memory:        16384 MB
Date:                    2026-01-22T13:06:11Z
[Licensing::Module] Trying to connect to existing licensing client channel...
[Licensing::IpcConnector] Successfully connected to: "LicenseClient-ahmedfarukkaynar" at "2026-01-22T13:06:11.245311Z"

COMMAND LINE ARGUMENTS:
/Applications/Unity/Hub/Editor/6000.2.7f2/Unity.app/Contents/MacOS/Unity
-adb2
-batchMode
-noUpm
-name
AssetImportWorker8
-projectPath
/Users/ahmedfarukkaynar/Desktop/Unıtyproject/space wars
-logFile
Logs/AssetImportWorker8.log
-srvPort
49196
-licensingIpc
LicenseClient-ahmedfarukkaynar
-job-worker-count
5
-background-job-worker-count
8
-gc-helper-count
1
-name AssetImport
Successfully changed project path to: /Users/ahmedfarukkaynar/Desktop/Unıtyproject/space wars
/Users/ahmedfarukkaynar/Desktop/Unıtyproject/space wars
[UnityMemory] Configuration Parameters - Can be set up in boot.config
    "memorysetup-allocator-temp-initial-block-size-main=262144"
    "memorysetup-allocator-temp-initial-block-size-worker=262144"
    "memorysetup-bucket-allocator-granularity=16"
    "memorysetup-bucket-allocator-bucket-count=8"
    "memorysetup-bucket-allocator-block-size=33554432"
    "memorysetup-bucket-allocator-block-count=8"
    "memorysetup-main-allocator-block-size=16777216"
    "memorysetup-thread-allocator-block-size=16777216"
    "memorysetup-gfx-main-allocator-block-size=16777216"
    "memorysetup-gfx-thread-allocator-block-size=16777216"
    "memorysetup-cache-allocator-block-size=4194304"
    "memorysetup-typetree-allocator-block-size=2097152"
    "memorysetup-profiler-bucket-allocator-granularity=16"
    "memorysetup-profiler-bucket-allocator-bucket-count=8"
    "memorysetup-profiler-bucket-allocator-block-size=33554432"
    "memorysetup-profiler-bucket-allocator-block-count=8"
    "memorysetup-profiler-allocator-block-size=16777216"
    "memorysetup-profiler-editor-allocator-block-size=1048576"
    "memorysetup-temp-allocator-size-main=16777216"
    "memorysetup-job-temp-allocator-block-size=2097152"
    "memorysetup-job-temp-allocator-block-size-background=1048576"
    "memorysetup-job-temp-allocator-reduction-small-platforms=262144"
    "memorysetup-temp-allocator-size-background-worker=32768"
    "memorysetup-temp-allocator-size-job-worker=262144"
    "memorysetup-temp-allocator-size-preload-manager=33554432"
    "memorysetup-temp-allocator-size-nav-mesh-worker=65536"
    "memorysetup-temp-allocator-size-audio-worker=65536"
    "memorysetup-temp-allocator-size-cloud-worker=32768"
    "memorysetup-temp-allocator-size-gi-baking-worker=262144"
    "memorysetup-temp-allocator-size-gi-baking-worker=262144"
    "memorysetup-temp-allocator-size-gi-baking-worker=262144"
    "memorysetup-temp-allocator-size-gi-baking-worker=262144"
    "memorysetup-temp-allocator-size-gi-baking-worker=262144"
    "memorysetup-temp-allocator-size-gfx=262144"
Player connection [8498667648]  Target information:

Player connection [8498667648]  * "[IP] 192.168.1.106 [Port] 0 [Flags] 2 [Guid] 420361835 [EditorId] 420361835 [Version] 1048832 [Id] OSXEditor(0,Mac.hgw.local) [Debug] 1 [PackageName] OSXEditor [ProjectName] Editor" 

Player connection [8498667648] Host joined multi-casting on [225.0.0.222:54997]...
Player connection [8498667648] Host joined alternative multi-casting on [225.0.0.222:34997]...
JobSystem: Creating JobQueue using job-worker-count value 5
Input System module state changed to: Initialized.
[Physics::Module] Initialized fallback backend.
[Physics::Module] Id: 0xdecafbad
Library Redirect Path: Library/
[Physics::Module] Selected backend.
[Physics::Module] Name: PhysX
[Physics::Module] Id: 0xf2b8ea05
[Physics::Module] SDK Version: 4.1.2
[Physics::Module] Integration Version: 1.0.0
[Physics::Module] Threading Mode: Multi-Threaded
Refreshing native plugins compatible for Editor in 3.67 ms, found 3 plugins.
Preloading 0 native plugins for Editor in 0.00 ms.
Initialize engine version: 6000.2.7f2 (2b518236b676)
[Subsystems] Discovering subsystems at path /Applications/Unity/Hub/Editor/6000.2.7f2/Unity.app/Contents/Resources/UnitySubsystems
[Subsystems] Discovering subsystems at path /Users/ahmedfarukkaynar/Desktop/Unıtyproject/space wars/Assets
GfxDevice: creating device client; kGfxThreadingModeNonThreaded
 preferred device: Apple M2 Pro (high power)
Metal devices available: 1
0: Apple M2 Pro (high power)
Using device Apple M2 Pro (high power)
Initializing Metal device caps: Apple M2 Pro
Mac GPU Family: 2
Apple GPU Family: 8
MSL Version: 3.0
Has Float MSAA: 1
Has Float Filtering: 1
ReadWrite Texture Tier: 2
[Licensing::Client] Code 10 while verifying Licensing Client signature (process Id: 1373, path: "/Applications/Unity Hub.app/Contents/Frameworks/UnityLicensingClient_V1.app/Contents/MacOS/Unity.Licensing.Client")
[Licensing::Module] LicensingClient has failed validation; ignoring
[Licensing::Client] Handshaking with LicensingClient:
  Version:                 1.17.4+4293ba1
  Session Id:              cf5e80b0b6be4b82bb1a3a69c1abbbd8
  Correlation Id:          671ac9c40150bbebbe585196ef611e17
  External correlation Id: 373589463297483934
  Machine Id:              yjKNtyzvPjuCHZcsagFkEf4z7BE=
[Licensing::Module] Successfully connected to LicensingClient on channel: "LicenseClient-ahmedfarukkaynar" (connect: 0.00s, validation: 0.00s, handshake: 0.31s)
[Licensing::IpcConnector] Successfully connected to: "LicenseClient-ahmedfarukkaynar-notifications" at "2026-01-22T13:06:11.559024Z"
[Licensing::Module] Licensing Background thread has ended after 0.31s
Initialize mono
Mono path[0] = '/Applications/Unity/Hub/Editor/6000.2.7f2/Unity.app/Contents/Managed'
Mono path[1] = '/Applications/Unity/Hub/Editor/6000.2.7f2/Unity.app/Contents/MonoBleedingEdge/lib/mono/unityjit-macos'
Mono config path = '/Applications/Unity/Hub/Editor/6000.2.7f2/Unity.app/Contents/MonoBleedingEdge/etc'
Using monoOptions --debugger-agent=transport=dt_socket,embedding=1,server=y,suspend=n,address=127.0.0.1:56737
Begin MonoManager ReloadAssembly
Registering precompiled unity dll's ...
Register platform support module: /Applications/Unity/Hub/Editor/6000.2.7f2/PlaybackEngines/WebGLSupport/UnityEditor.WebGL.Extensions.dll
Register platform support module: /Applications/Unity/Hub/Editor/6000.2.7f2/Unity.app/Contents/PlaybackEngines/MacStandaloneSupport/UnityEditor.OSXStandalone.Extensions.dll
Registered in 0.000434 seconds.
- Loaded All Assemblies, in  0.229 seconds
Native extension for OSXStandalone target not found
Native extension for WebGL target not found
Mono: successfully reloaded assembly
- Finished resetting the current domain, in  0.218 seconds
Domain Reload Profiling: 446ms
	BeginReloadAssembly (52ms)
		ExecutionOrderSort (0ms)
		DisableScriptedObjects (0ms)
		BackupInstance (0ms)
		ReleaseScriptingObjects (0ms)
		CreateAndSetChildDomain (0ms)
	RebuildCommonClasses (24ms)
	RebuildNativeTypeToScriptingClass (9ms)
	initialDomainReloadingComplete (26ms)
	LoadAllAssembliesAndSetupDomain (117ms)
		LoadAssemblies (52ms)
		RebuildTransferFunctionScriptingTraits (0ms)
		AnalyzeDomain (115ms)
			TypeCache.Refresh (114ms)
				TypeCache.ScanAssembly (104ms)
			BuildScriptInfoCaches (0ms)
			ResolveRequiredComponents (0ms)
	FinalizeReload (218ms)
		ReleaseScriptCaches (0ms)
		RebuildScriptCaches (0ms)
		SetupLoadedEditorAssemblies (186ms)
			LogAssemblyErrors (0ms)
			InitializePlatformSupportModulesInManaged (33ms)
			SetLoadedEditorAssemblies (3ms)
			BeforeProcessingInitializeOnLoad (43ms)
			ProcessInitializeOnLoadAttributes (73ms)
			ProcessInitializeOnLoadMethodAttributes (34ms)
			AfterProcessingInitializeOnLoad (0ms)
			EditorAssembliesLoaded (0ms)
		ExecutionOrderSort2 (0ms)
		AwakeInstancesAfterBackupRestoration (0ms)
========================================================================
Worker process is ready to serve import requests
Import Worker Mode flag is 0x00
Begin MonoManager ReloadAssembly
[Licensing::Client] Successfully resolved entitlement details
[Licensing::Module] License group:
  Id: 18968339009536-UnityPersXXXX
  Product: Unity Personal
  Type: Assigned
  Expiration: Unlimited
- Loaded All Assemblies, in  0.434 seconds
Refreshing native plugins compatible for Editor in 0.41 ms, found 3 plugins.
Native extension for OSXStandalone target not found
Native extension for WebGL target not found
Package Manager log level set to [2]
[Package Manager] Failed to launch server process. Reason: Unity was launched with the -noUpm command-line argument
[Package Manager] Unable to send message (not connected to server process).
[Package Manager] Cannot connect to Unity Package Manager local server
Mono: successfully reloaded assembly
- Finished resetting the current domain, in  0.559 seconds
Domain Reload Profiling: 993ms
	BeginReloadAssembly (78ms)
		ExecutionOrderSort (0ms)
		DisableScriptedObjects (3ms)
		BackupInstance (0ms)
		ReleaseScriptingObjects (0ms)
		CreateAndSetChildDomain (14ms)
	RebuildCommonClasses (24ms)
	RebuildNativeTypeToScriptingClass (9ms)
	initialDomainReloadingComplete (20ms)
	LoadAllAssembliesAndSetupDomain (302ms)
		LoadAssemblies (160ms)
		RebuildTransferFunctionScriptingTraits (0ms)
		AnalyzeDomain (176ms)
			TypeCache.Refresh (133ms)
				TypeCache.ScanAssembly (118ms)
			BuildScriptInfoCaches (33ms)
			ResolveRequiredComponents (7ms)
	FinalizeReload (559ms)
		ReleaseScriptCaches (0ms)
		RebuildScriptCaches (0ms)
		SetupLoadedEditorAssemblies (478ms)
			LogAssemblyErrors (0ms)
			InitializePlatformSupportModulesInManaged (1ms)
			SetLoadedEditorAssemblies (4ms)
			BeforeProcessingInitializeOnLoad (86ms)
			ProcessInitializeOnLoadAttributes (324ms)
			ProcessInitializeOnLoadMethodAttributes (63ms)
			AfterProcessingInitializeOnLoad (1ms)
			EditorAssembliesLoaded (0ms)
		ExecutionOrderSort2 (0ms)
		AwakeInstancesAfterBackupRestoration (2ms)
WARNING: Shader Unsupported: 'Universal Render Pipeline/VR/SpatialMapping/Wireframe' - All subshaders removed
WARNING: Shader Did you use #pragma only_renderers and omit this platform?
WARNING: Shader If subshaders removal was intentional, you may have forgotten turning Fallback off?
WARNING: Shader Unsupported: 'Universal Render Pipeline/VR/SpatialMapping/Wireframe' - All subshaders removed
WARNING: Shader Did you use #pragma only_renderers and omit this platform?
WARNING: Shader If subshaders removal was intentional, you may have forgotten turning Fallback off?
Launching external process: /Applications/Unity/Hub/Editor/6000.2.7f2/Unity.app/Contents/Tools/UnityShaderCompiler
Launched and connected shader compiler UnityShaderCompiler after 0.03 seconds
Refreshing native plugins compatible for Editor in 0.52 ms, found 3 plugins.
Preloading 0 native plugins for Editor in 0.00 ms.
Unloading 27 Unused Serialized files (Serialized files now loaded: 0)
Unloading 6913 unused Assets / (6.3 MB). Loaded Objects now: 7660.
Memory consumption went from 148.4 MB to 142.1 MB.
Total: 6.816000 ms (FindLiveObjects: 0.621459 ms CreateObjectMapping: 0.260500 ms MarkObjects: 4.307209 ms  DeleteObjects: 1.626292 ms)

========================================================================
Received Import Request.
  Time since last request: 25085.375081 seconds.
  path: Assets/ASSets/2D Space Kit/Backgrounds/Fantasy Purple 2048/Fantasy 6.jpg
  artifactKey: Guid(cf301a0922f974b479929d2f98cf7180) Importer(815301076,1909f56bfc062723c751e8b465ee728b)
Start importing Assets/ASSets/2D Space Kit/Backgrounds/Fantasy Purple 2048/Fantasy 6.jpg using Guid(cf301a0922f974b479929d2f98cf7180) Importer(815301076,1909f56bfc062723c751e8b465ee728b) (PreviewImporter) -> (artifact id: '715a31ac61228a8cb443f70f93ddd910') in 0.071362375 seconds
Number of updated asset objects reloaded before import = 0Number of asset objects unloaded after import = 3

========================================================================
Received Import Request.
  Time since last request: 0.057576 seconds.
  path: Assets/ASSets/2D Space Kit/Backgrounds/Fantasy Purple 2048/Fantasy 2.jpg
  artifactKey: Guid(3166c69edc3db4d4da01ada77c84f9d8) Importer(815301076,1909f56bfc062723c751e8b465ee728b)
Start importing Assets/ASSets/2D Space Kit/Backgrounds/Fantasy Purple 2048/Fantasy 2.jpg using Guid(3166c69edc3db4d4da01ada77c84f9d8) Importer(815301076,1909f56bfc062723c751e8b465ee728b) (PreviewImporter) -> (artifact id: 'e8c58863805c57d18fe5d7cc055c3c9c') in 0.015094625 seconds
Number of updated asset objects reloaded before import = 0Number of asset objects unloaded after import = 3

========================================================================
Received Prepare
Begin MonoManager ReloadAssembly
[Licensing::Client] Successfully resolved entitlement details
Thread 0x16e587000 may have been prematurely finalized
- Loaded All Assemblies, in  0.441 seconds
Refreshing native plugins compatible for Editor in 0.42 ms, found 3 plugins.
Native extension for OSXStandalone target not found
Native extension for WebGL target not found
[Package Manager] Failed to launch server process. Reason: Unity was launched with the -noUpm command-line argument
[Package Manager] Unable to send message (not connected to server process).
[Package Manager] Cannot connect to Unity Package Manager local server
Mono: successfully reloaded assembly
- Finished resetting the current domain, in  0.465 seconds
Domain Reload Profiling: 909ms
	BeginReloadAssembly (113ms)
		ExecutionOrderSort (0ms)
		DisableScriptedObjects (9ms)
		BackupInstance (0ms)
		ReleaseScriptingObjects (0ms)
		CreateAndSetChildDomain (32ms)
	RebuildCommonClasses (21ms)
	RebuildNativeTypeToScriptingClass (8ms)
	initialDomainReloadingComplete (11ms)
	LoadAllAssembliesAndSetupDomain (290ms)
		LoadAssemblies (206ms)
		RebuildTransferFunctionScriptingTraits (0ms)
		AnalyzeDomain (115ms)
			TypeCache.Refresh (8ms)
				TypeCache.ScanAssembly (0ms)
			BuildScriptInfoCaches (98ms)
			ResolveRequiredComponents (6ms)
	FinalizeReload (465ms)
		ReleaseScriptCaches (0ms)
		RebuildScriptCaches (0ms)
		SetupLoadedEditorAssemblies (387ms)
			LogAssemblyErrors (0ms)
			InitializePlatformSupportModulesInManaged (1ms)
			SetLoadedEditorAssemblies (4ms)
			BeforeProcessingInitializeOnLoad (90ms)
			ProcessInitializeOnLoadAttributes (261ms)
			ProcessInitializeOnLoadMethodAttributes (30ms)
			AfterProcessingInitializeOnLoad (1ms)
			EditorAssembliesLoaded (0ms)
		ExecutionOrderSort2 (0ms)
		AwakeInstancesAfterBackupRestoration (6ms)
WARNING: Shader Unsupported: 'Universal Render Pipeline/VR/SpatialMapping/Wireframe' - All subshaders removed
WARNING: Shader Did you use #pragma only_renderers and omit this platform?
WARNING: Shader If subshaders removal was intentional, you may have forgotten turning Fallback off?
WARNING: Shader Unsupported: 'Universal Render Pipeline/VR/SpatialMapping/Wireframe' - All subshaders removed
WARNING: Shader Did you use #pragma only_renderers and omit this platform?
WARNING: Shader If subshaders removal was intentional, you may have forgotten turning Fallback off?
Refreshing native plugins compatible for Editor in 0.63 ms, found 3 plugins.
Preloading 0 native plugins for Editor in 0.00 ms.
Unloading 27 Unused Serialized files (Serialized files now loaded: 0)
Unloading 6911 unused Assets / (5.8 MB). Loaded Objects now: 7672.
Memory consumption went from 162.0 MB to 156.2 MB.
Total: 6.296292 ms (FindLiveObjects: 0.379625 ms CreateObjectMapping: 0.230250 ms MarkObjects: 4.193875 ms  DeleteObjects: 1.492208 ms)

Prepare: number of updated asset objects reloaded= 0
========================================================================
Received Prepare
Begin MonoManager ReloadAssembly
[Licensing::Client] Successfully resolved entitlement details
Thread 0x16be63000 may have been prematurely finalized
- Loaded All Assemblies, in  0.398 seconds
Refreshing native plugins compatible for Editor in 0.39 ms, found 3 plugins.
Native extension for OSXStandalone target not found
Native extension for WebGL target not found
[Package Manager] Failed to launch server process. Reason: Unity was launched with the -noUpm command-line argument
[Package Manager] Unable to send message (not connected to server process).
[Package Manager] Cannot connect to Unity Package Manager local server
Mono: successfully reloaded assembly
- Finished resetting the current domain, in  0.463 seconds
Domain Reload Profiling: 863ms
	BeginReloadAssembly (98ms)
		ExecutionOrderSort (0ms)
		DisableScriptedObjects (7ms)
		BackupInstance (0ms)
		ReleaseScriptingObjects (0ms)
		CreateAndSetChildDomain (24ms)
	RebuildCommonClasses (22ms)
	RebuildNativeTypeToScriptingClass (9ms)
	initialDomainReloadingComplete (12ms)
	LoadAllAssembliesAndSetupDomain (259ms)
		LoadAssemblies (180ms)
		RebuildTransferFunctionScriptingTraits (0ms)
		AnalyzeDomain (109ms)
			TypeCache.Refresh (7ms)
				TypeCache.ScanAssembly (0ms)
			BuildScriptInfoCaches (94ms)
			ResolveRequiredComponents (6ms)
	FinalizeReload (463ms)
		ReleaseScriptCaches (0ms)
		RebuildScriptCaches (0ms)
		SetupLoadedEditorAssemblies (387ms)
			LogAssemblyErrors (0ms)
			InitializePlatformSupportModulesInManaged (1ms)
			SetLoadedEditorAssemblies (4ms)
			BeforeProcessingInitializeOnLoad (88ms)
			ProcessInitializeOnLoadAttributes (266ms)
			ProcessInitializeOnLoadMethodAttributes (28ms)
			AfterProcessingInitializeOnLoad (1ms)
			EditorAssembliesLoaded (0ms)
		ExecutionOrderSort2 (0ms)
		AwakeInstancesAfterBackupRestoration (6ms)
WARNING: Shader Unsupported: 'Universal Render Pipeline/VR/SpatialMapping/Wireframe' - All subshaders removed
WARNING: Shader Did you use #pragma only_renderers and omit this platform?
WARNING: Shader If subshaders removal was intentional, you may have forgotten turning Fallback off?
WARNING: Shader Unsupported: 'Universal Render Pipeline/VR/SpatialMapping/Wireframe' - All subshaders removed
WARNING: Shader Did you use #pragma only_renderers and omit this platform?
WARNING: Shader If subshaders removal was intentional, you may have forgotten turning Fallback off?
Refreshing native plugins compatible for Editor in 0.59 ms, found 3 plugins.
Preloading 0 native plugins for Editor in 0.00 ms.
Unloading 27 Unused Serialized files (Serialized files now loaded: 0)
Unloading 6911 unused Assets / (5.6 MB). Loaded Objects now: 7675.
Memory consumption went from 161.6 MB to 156.1 MB.
Total: 6.208834 ms (FindLiveObjects: 0.365667 ms CreateObjectMapping: 0.229875 ms MarkObjects: 4.071416 ms  DeleteObjects: 1.541542 ms)

Prepare: number of updated asset objects reloaded= 0
========================================================================
Received Prepare
Begin MonoManager ReloadAssembly
[Licensing::Client] Successfully resolved entitlement details
Thread 0x16be63000 may have been prematurely finalized
- Loaded All Assemblies, in  0.396 seconds
Refreshing native plugins compatible for Editor in 0.38 ms, found 3 plugins.
Native extension for OSXStandalone target not found
Native extension for WebGL target not found
[Package Manager] Failed to launch server process. Reason: Unity was launched with the -noUpm command-line argument
[Package Manager] Unable to send message (not connected to server process).
[Package Manager] Cannot connect to Unity Package Manager local server
Mono: successfully reloaded assembly
- Finished resetting the current domain, in  0.464 seconds
Domain Reload Profiling: 863ms
	BeginReloadAssembly (100ms)
		ExecutionOrderSort (0ms)
		DisableScriptedObjects (7ms)
		BackupInstance (0ms)
		ReleaseScriptingObjects (0ms)
		CreateAndSetChildDomain (24ms)
	RebuildCommonClasses (22ms)
	RebuildNativeTypeToScriptingClass (9ms)
	initialDomainReloadingComplete (12ms)
	LoadAllAssembliesAndSetupDomain (256ms)
		LoadAssemblies (175ms)
		RebuildTransferFunctionScriptingTraits (0ms)
		AnalyzeDomain (112ms)
			TypeCache.Refresh (7ms)
				TypeCache.ScanAssembly (0ms)
			BuildScriptInfoCaches (96ms)
			ResolveRequiredComponents (6ms)
	FinalizeReload (464ms)
		ReleaseScriptCaches (0ms)
		RebuildScriptCaches (0ms)
		SetupLoadedEditorAssemblies (387ms)
			LogAssemblyErrors (0ms)
			InitializePlatformSupportModulesInManaged (1ms)
			SetLoadedEditorAssemblies (4ms)
			BeforeProcessingInitializeOnLoad (88ms)
			ProcessInitializeOnLoadAttributes (265ms)
			ProcessInitializeOnLoadMethodAttributes (28ms)
			AfterProcessingInitializeOnLoad (1ms)
			EditorAssembliesLoaded (0ms)
		ExecutionOrderSort2 (0ms)
		AwakeInstancesAfterBackupRestoration (6ms)
WARNING: Shader Unsupported: 'Universal Render Pipeline/VR/SpatialMapping/Wireframe' - All subshaders removed
WARNING: Shader Did you use #pragma only_renderers and omit this platform?
WARNING: Shader If subshaders removal was intentional, you may have forgotten turning Fallback off?
WARNING: Shader Unsupported: 'Universal Render Pipeline/VR/SpatialMapping/Wireframe' - All subshaders removed
WARNING: Shader Did you use #pragma only_renderers and omit this platform?
WARNING: Shader If subshaders removal was intentional, you may have forgotten turning Fallback off?
Refreshing native plugins compatible for Editor in 0.61 ms, found 3 plugins.
Preloading 0 native plugins for Editor in 0.00 ms.
Unloading 27 Unused Serialized files (Serialized files now loaded: 0)
Unloading 6911 unused Assets / (5.8 MB). Loaded Objects now: 7678.
Memory consumption went from 161.7 MB to 155.8 MB.
Total: 6.254166 ms (FindLiveObjects: 0.380458 ms CreateObjectMapping: 0.232875 ms MarkObjects: 4.120583 ms  DeleteObjects: 1.519958 ms)

Prepare: number of updated asset objects reloaded= 0
========================================================================
Received Prepare
Begin MonoManager ReloadAssembly
[Licensing::Client] Successfully resolved entitlement details
Thread 0x16be63000 may have been prematurely finalized
- Loaded All Assemblies, in  0.413 seconds
Refreshing native plugins compatible for Editor in 0.39 ms, found 3 plugins.
Native extension for OSXStandalone target not found
Native extension for WebGL target not found
[Package Manager] Failed to launch server process. Reason: Unity was launched with the -noUpm command-line argument
[Package Manager] Unable to send message (not connected to server process).
[Package Manager] Cannot connect to Unity Package Manager local server
Mono: successfully reloaded assembly
- Finished resetting the current domain, in  0.495 seconds
Domain Reload Profiling: 910ms
	BeginReloadAssembly (102ms)
		ExecutionOrderSort (0ms)
		DisableScriptedObjects (7ms)
		BackupInstance (0ms)
		ReleaseScriptingObjects (0ms)
		CreateAndSetChildDomain (26ms)
	RebuildCommonClasses (23ms)
	RebuildNativeTypeToScriptingClass (9ms)
	initialDomainReloadingComplete (12ms)
	LoadAllAssembliesAndSetupDomain (269ms)
		LoadAssemblies (187ms)
		RebuildTransferFunctionScriptingTraits (0ms)
		AnalyzeDomain (114ms)
			TypeCache.Refresh (8ms)
				TypeCache.ScanAssembly (0ms)
			BuildScriptInfoCaches (97ms)
			ResolveRequiredComponents (6ms)
	FinalizeReload (495ms)
		ReleaseScriptCaches (0ms)
		RebuildScriptCaches (0ms)
		SetupLoadedEditorAssemblies (414ms)
			LogAssemblyErrors (0ms)
			InitializePlatformSupportModulesInManaged (1ms)
			SetLoadedEditorAssemblies (4ms)
			BeforeProcessingInitializeOnLoad (88ms)
			ProcessInitializeOnLoadAttributes (285ms)
			ProcessInitializeOnLoadMethodAttributes (36ms)
			AfterProcessingInitializeOnLoad (1ms)
			EditorAssembliesLoaded (0ms)
		ExecutionOrderSort2 (0ms)
		AwakeInstancesAfterBackupRestoration (7ms)
WARNING: Shader Unsupported: 'Universal Render Pipeline/VR/SpatialMapping/Wireframe' - All subshaders removed
WARNING: Shader Did you use #pragma only_renderers and omit this platform?
WARNING: Shader If subshaders removal was intentional, you may have forgotten turning Fallback off?
WARNING: Shader Unsupported: 'Universal Render Pipeline/VR/SpatialMapping/Wireframe' - All subshaders removed
WARNING: Shader Did you use #pragma only_renderers and omit this platform?
WARNING: Shader If subshaders removal was intentional, you may have forgotten turning Fallback off?
Refreshing native plugins compatible for Editor in 0.71 ms, found 3 plugins.
Preloading 0 native plugins for Editor in 0.00 ms.
Unloading 27 Unused Serialized files (Serialized files now loaded: 0)
Unloading 6911 unused Assets / (5.6 MB). Loaded Objects now: 7681.
Memory consumption went from 161.7 MB to 156.1 MB.
Total: 6.942500 ms (FindLiveObjects: 0.417166 ms CreateObjectMapping: 0.279667 ms MarkObjects: 4.445292 ms  DeleteObjects: 1.800042 ms)

Prepare: number of updated asset objects reloaded= 0
========================================================================
Received Prepare
Begin MonoManager ReloadAssembly
[Licensing::Client] Successfully resolved entitlement details
Thread 0x16be63000 may have been prematurely finalized
- Loaded All Assemblies, in  0.402 seconds
Refreshing native plugins compatible for Editor in 0.38 ms, found 3 plugins.
Native extension for OSXStandalone target not found
Native extension for WebGL target not found
[Package Manager] Failed to launch server process. Reason: Unity was launched with the -noUpm command-line argument
[Package Manager] Unable to send message (not connected to server process).
[Package Manager] Cannot connect to Unity Package Manager local server
Mono: successfully reloaded assembly
- Finished resetting the current domain, in  0.468 seconds
Domain Reload Profiling: 873ms
	BeginReloadAssembly (98ms)
		ExecutionOrderSort (0ms)
		DisableScriptedObjects (7ms)
		BackupInstance (0ms)
		ReleaseScriptingObjects (0ms)
		CreateAndSetChildDomain (25ms)
	RebuildCommonClasses (22ms)
	RebuildNativeTypeToScriptingClass (9ms)
	initialDomainReloadingComplete (11ms)
	LoadAllAssembliesAndSetupDomain (264ms)
		LoadAssemblies (176ms)
		RebuildTransferFunctionScriptingTraits (0ms)
		AnalyzeDomain (117ms)
			TypeCache.Refresh (6ms)
				TypeCache.ScanAssembly (0ms)
			BuildScriptInfoCaches (103ms)
			ResolveRequiredComponents (6ms)
	FinalizeReload (468ms)
		ReleaseScriptCaches (0ms)
		RebuildScriptCaches (0ms)
		SetupLoadedEditorAssemblies (386ms)
			LogAssemblyErrors (0ms)
			InitializePlatformSupportModulesInManaged (1ms)
			SetLoadedEditorAssemblies (4ms)
			BeforeProcessingInitializeOnLoad (87ms)
			ProcessInitializeOnLoadAttributes (265ms)
			ProcessInitializeOnLoadMethodAttributes (28ms)
			AfterProcessingInitializeOnLoad (1ms)
			EditorAssembliesLoaded (0ms)
		ExecutionOrderSort2 (0ms)
		AwakeInstancesAfterBackupRestoration (6ms)
WARNING: Shader Unsupported: 'Universal Render Pipeline/VR/SpatialMapping/Wireframe' - All subshaders removed
WARNING: Shader Did you use #pragma only_renderers and omit this platform?
WARNING: Shader If subshaders removal was intentional, you may have forgotten turning Fallback off?
WARNING: Shader Unsupported: 'Universal Render Pipeline/VR/SpatialMapping/Wireframe' - All subshaders removed
WARNING: Shader Did you use #pragma only_renderers and omit this platform?
WARNING: Shader If subshaders removal was intentional, you may have forgotten turning Fallback off?
Refreshing native plugins compatible for Editor in 0.60 ms, found 3 plugins.
Preloading 0 native plugins for Editor in 0.00 ms.
Unloading 27 Unused Serialized files (Serialized files now loaded: 0)
Unloading 6911 unused Assets / (5.4 MB). Loaded Objects now: 7684.
Memory consumption went from 161.7 MB to 156.3 MB.
Total: 5.899042 ms (FindLiveObjects: 0.328625 ms CreateObjectMapping: 0.220041 ms MarkObjects: 3.852500 ms  DeleteObjects: 1.497667 ms)

Prepare: number of updated asset objects reloaded= 0
========================================================================
Received Prepare
Begin MonoManager ReloadAssembly
[Licensing::Client] Successfully resolved entitlement details
Thread 0x16bdd7000 may have been prematurely finalized
- Loaded All Assemblies, in  0.394 seconds
Refreshing native plugins compatible for Editor in 0.38 ms, found 3 plugins.
Native extension for OSXStandalone target not found
Native extension for WebGL target not found
[Package Manager] Failed to launch server process. Reason: Unity was launched with the -noUpm command-line argument
[Package Manager] Unable to send message (not connected to server process).
[Package Manager] Cannot connect to Unity Package Manager local server
Mono: successfully reloaded assembly
- Finished resetting the current domain, in  0.465 seconds
Domain Reload Profiling: 862ms
	BeginReloadAssembly (99ms)
		ExecutionOrderSort (0ms)
		DisableScriptedObjects (7ms)
		BackupInstance (0ms)
		ReleaseScriptingObjects (0ms)
		CreateAndSetChildDomain (25ms)
	RebuildCommonClasses (22ms)
	RebuildNativeTypeToScriptingClass (9ms)
	initialDomainReloadingComplete (11ms)
	LoadAllAssembliesAndSetupDomain (255ms)
		LoadAssemblies (166ms)
		RebuildTransferFunctionScriptingTraits (0ms)
		AnalyzeDomain (118ms)
			TypeCache.Refresh (8ms)
				TypeCache.ScanAssembly (0ms)
			BuildScriptInfoCaches (102ms)
			ResolveRequiredComponents (6ms)
	FinalizeReload (465ms)
		ReleaseScriptCaches (0ms)
		RebuildScriptCaches (0ms)
		SetupLoadedEditorAssemblies (387ms)
			LogAssemblyErrors (0ms)
			InitializePlatformSupportModulesInManaged (1ms)
			SetLoadedEditorAssemblies (4ms)
			BeforeProcessingInitializeOnLoad (84ms)
			ProcessInitializeOnLoadAttributes (266ms)
			ProcessInitializeOnLoadMethodAttributes (30ms)
			AfterProcessingInitializeOnLoad (1ms)
			EditorAssembliesLoaded (0ms)
		ExecutionOrderSort2 (0ms)
		AwakeInstancesAfterBackupRestoration (5ms)
WARNING: Shader Unsupported: 'Universal Render Pipeline/VR/SpatialMapping/Wireframe' - All subshaders removed
WARNING: Shader Did you use #pragma only_renderers and omit this platform?
WARNING: Shader If subshaders removal was intentional, you may have forgotten turning Fallback off?
WARNING: Shader Unsupported: 'Universal Render Pipeline/VR/SpatialMapping/Wireframe' - All subshaders removed
WARNING: Shader Did you use #pragma only_renderers and omit this platform?
WARNING: Shader If subshaders removal was intentional, you may have forgotten turning Fallback off?
Refreshing native plugins compatible for Editor in 0.56 ms, found 3 plugins.
Preloading 0 native plugins for Editor in 0.00 ms.
Unloading 27 Unused Serialized files (Serialized files now loaded: 0)
Unloading 6911 unused Assets / (5.7 MB). Loaded Objects now: 7687.
Memory consumption went from 161.8 MB to 156.1 MB.
Total: 6.100709 ms (FindLiveObjects: 0.344167 ms CreateObjectMapping: 0.221875 ms MarkObjects: 4.091875 ms  DeleteObjects: 1.442500 ms)

Prepare: number of updated asset objects reloaded= 0
========================================================================
Received Import Request.
  Time since last request: 1753.421197 seconds.
  path: Assets/ASSets/2D Space Kit/Backgrounds/Red Nebula 2048/background3.jpg
  artifactKey: Guid(cfda85b6bac60044aa300379d4b89e68) Importer(815301076,1909f56bfc062723c751e8b465ee728b)
Start importing Assets/ASSets/2D Space Kit/Backgrounds/Red Nebula 2048/background3.jpg using Guid(cfda85b6bac60044aa300379d4b89e68) Importer(815301076,1909f56bfc062723c751e8b465ee728b) (PreviewImporter) -> (artifact id: '29eefdff9f5080d88872fa51afb26b6b') in 0.041453709 seconds
Number of updated asset objects reloaded before import = 0Number of asset objects unloaded after import = 3

========================================================================
Received Import Request.
  Time since last request: 0.000028 seconds.
  path: Assets/ASSets/2D Space Kit/Backgrounds/Red Nebula 2048/background4.jpg
  artifactKey: Guid(fb594d11fe97b1f49950198315d5ccef) Importer(815301076,1909f56bfc062723c751e8b465ee728b)
Start importing Assets/ASSets/2D Space Kit/Backgrounds/Red Nebula 2048/background4.jpg using Guid(fb594d11fe97b1f49950198315d5ccef) Importer(815301076,1909f56bfc062723c751e8b465ee728b) (PreviewImporter) -> (artifact id: '87bd5c4a156313415af36430619207bc') in 0.017528084 seconds
Number of updated asset objects reloaded before import = 0Number of asset objects unloaded after import = 3

========================================================================
Received Import Request.
  Time since last request: 46.351161 seconds.
  path: Assets/ASSets/2D Space Kit/Missiles
  artifactKey: Guid(345df4003efce4aa4bea4df93cf8a32a) Importer(2089858483,192608db42251d675da83286b1cce702)
Start importing Assets/ASSets/2D Space Kit/Missiles using Guid(345df4003efce4aa4bea4df93cf8a32a) Importer(2089858483,192608db42251d675da83286b1cce702) (ScriptedImporter) -> (artifact id: '50d4dc9d89b02f315901d63404e4b3d1') in 0.080864833 seconds
Number of updated asset objects reloaded before import = 0Number of asset objects unloaded after import = 1

========================================================================
Received Import Request.
  Time since last request: 0.000046 seconds.
  path: Assets/Sci-Fi UI/_SciFi_GUISkin_/Skin_Assets/bars/progress_bar_background1.png
  artifactKey: Guid(22035e28412789545867ee9e5d685203) Importer(2089858483,192608db42251d675da83286b1cce702)
Start importing Assets/Sci-Fi UI/_SciFi_GUISkin_/Skin_Assets/bars/progress_bar_background1.png using Guid(22035e28412789545867ee9e5d685203) Importer(2089858483,192608db42251d675da83286b1cce702) (ScriptedImporter) -> (artifact id: '58011d9b71f89a05f4076d3269f79925') in 0.035157667 seconds
Number of updated asset objects reloaded before import = 0Number of asset objects unloaded after import = 1

========================================================================
Received Import Request.
  Time since last request: 0.000032 seconds.
  path: Assets/Sci-Fi UI/_SciFi_GUISkin_/Skin_Assets/bars/bar_blue.png
  artifactKey: Guid(ba523fd85bea1e448944fe8cabed4b59) Importer(2089858483,192608db42251d675da83286b1cce702)
Start importing Assets/Sci-Fi UI/_SciFi_GUISkin_/Skin_Assets/bars/bar_blue.png using Guid(ba523fd85bea1e448944fe8cabed4b59) Importer(2089858483,192608db42251d675da83286b1cce702) (ScriptedImporter) -> (artifact id: '2292ab432895937b30f8964019647519') in 0.006530334 seconds
Number of updated asset objects reloaded before import = 0Number of asset objects unloaded after import = 1

========================================================================
Received Import Request.
  Time since last request: 0.000045 seconds.
  path: Assets/ASSets/Farland Skies/!Core/Icons/Professional
  artifactKey: Guid(75047a56a8ede0c458d6c928e84ec0b9) Importer(2089858483,192608db42251d675da83286b1cce702)
Start importing Assets/ASSets/Farland Skies/!Core/Icons/Professional using Guid(75047a56a8ede0c458d6c928e84ec0b9) Importer(2089858483,192608db42251d675da83286b1cce702) (ScriptedImporter) -> (artifact id: '49cd56c596747a2b0dc12ece28bb0f44') in 0.0019165 seconds
Number of updated asset objects reloaded before import = 0Number of asset objects unloaded after import = 1

========================================================================
Received Import Request.
  Time since last request: 0.000069 seconds.
  path: Assets/Sci-Fi UI/_SciFi_GUISkin_/Skin_Assets/bars
  artifactKey: Guid(7cb393dfb810db04ea1aba63d9647033) Importer(2089858483,192608db42251d675da83286b1cce702)
Start importing Assets/Sci-Fi UI/_SciFi_GUISkin_/Skin_Assets/bars using Guid(7cb393dfb810db04ea1aba63d9647033) Importer(2089858483,192608db42251d675da83286b1cce702) (ScriptedImporter) -> (artifact id: '1b39c099522b5d5c8823488078acdc9a') in 0.001985584 seconds
Number of updated asset objects reloaded before import = 0Number of asset objects unloaded after import = 1

========================================================================
Received Import Request.
  Time since last request: 0.000030 seconds.
  path: Assets/Sci-Fi UI/_SciFi_GUISkin_/Skin_Assets/buttons/button_active.png
  artifactKey: Guid(67c34bb955c72e6419b7528e10e73c53) Importer(2089858483,192608db42251d675da83286b1cce702)
Start importing Assets/Sci-Fi UI/_SciFi_GUISkin_/Skin_Assets/buttons/button_active.png using Guid(67c34bb955c72e6419b7528e10e73c53) Importer(2089858483,192608db42251d675da83286b1cce702) (ScriptedImporter) -> (artifact id: '84c62a406d98a1798eb5f5d70d2a6e8c') in 0.006828959 seconds
Number of updated asset objects reloaded before import = 0Number of asset objects unloaded after import = 1

========================================================================
Received Import Request.
  Time since last request: 0.000034 seconds.
  path: Assets/Scenes/menu.unity
  artifactKey: Guid(64272842f2d344961ac755ce460723f2) Importer(2089858483,192608db42251d675da83286b1cce702)
Start importing Assets/Scenes/menu.unity using Guid(64272842f2d344961ac755ce460723f2) Importer(2089858483,192608db42251d675da83286b1cce702) (ScriptedImporter) -> (artifact id: '25978483019f0f9f13e408954840e5aa') in 0.004178 seconds
Number of updated asset objects reloaded before import = 0Number of asset objects unloaded after import = 1

========================================================================
Received Import Request.
  Time since last request: 0.000034 seconds.
  path: Assets/Sci-Fi UI/Demo.unity
  artifactKey: Guid(13070929f2d2dc3468bb951653444db6) Importer(2089858483,192608db42251d675da83286b1cce702)
Start importing Assets/Sci-Fi UI/Demo.unity using Guid(13070929f2d2dc3468bb951653444db6) Importer(2089858483,192608db42251d675da83286b1cce702) (ScriptedImporter) -> (artifact id: '6bae713c411973c1ff2003daadde6efc') in 0.002945208 seconds
Number of updated asset objects reloaded before import = 0Number of asset objects unloaded after import = 1

========================================================================
Received Import Request.
  Time since last request: 0.000122 seconds.
  path: Assets/Sci-Fi UI/_SciFi_GUISkin_/Skin_Assets/buttons
  artifactKey: Guid(7916cd3fc7621524ab888d9cae92c327) Importer(2089858483,192608db42251d675da83286b1cce702)
Start importing Assets/Sci-Fi UI/_SciFi_GUISkin_/Skin_Assets/buttons using Guid(7916cd3fc7621524ab888d9cae92c327) Importer(2089858483,192608db42251d675da83286b1cce702) (ScriptedImporter) -> (artifact id: '3b91fdce7c0ebf865cbb75ca45b6f719') in 0.001782166 seconds
Number of updated asset objects reloaded before import = 0Number of asset objects unloaded after import = 1

========================================================================
Received Import Request.
  Time since last request: 0.000063 seconds.
  path: Assets/TextMesh Pro/Resources/Fonts & Materials/LiberationSans SDF - Fallback.asset
  artifactKey: Guid(2e498d1c8094910479dc3e1b768306a4) Importer(2089858483,192608db42251d675da83286b1cce702)
Start importing Assets/TextMesh Pro/Resources/Fonts & Materials/LiberationSans SDF - Fallback.asset using Guid(2e498d1c8094910479dc3e1b768306a4) Importer(2089858483,192608db42251d675da83286b1cce702) (ScriptedImporter) -> (artifact id: '229fdad975b54b75d9ffbcaa011ae8f1') in 0.032188 seconds
Number of updated asset objects reloaded before import = 0Number of asset objects unloaded after import = 5

========================================================================
Received Import Request.
  Time since last request: 0.000045 seconds.
  path: Assets/ASSets/Farland Skies/Nebula One
  artifactKey: Guid(1ddc45d3e3c623049aa954f3271f4211) Importer(2089858483,192608db42251d675da83286b1cce702)
Start importing Assets/ASSets/Farland Skies/Nebula One using Guid(1ddc45d3e3c623049aa954f3271f4211) Importer(2089858483,192608db42251d675da83286b1cce702) (ScriptedImporter) -> (artifact id: '6df9d652c1d743784dd4cd3d6e0d4307') in 0.001779042 seconds
Number of updated asset objects reloaded before import = 0Number of asset objects unloaded after import = 1

========================================================================
Received Import Request.
  Time since last request: 0.000034 seconds.
  path: Assets/Sci-Fi UI/_SciFi_GUISkin_
  artifactKey: Guid(06c42dacf407f3641bbd9e9a3fa911eb) Importer(2089858483,192608db42251d675da83286b1cce702)
Start importing Assets/Sci-Fi UI/_SciFi_GUISkin_ using Guid(06c42dacf407f3641bbd9e9a3fa911eb) Importer(2089858483,192608db42251d675da83286b1cce702) (ScriptedImporter) -> (artifact id: '0d379c10789cd99f8ae4b7e4935c552d') in 0.001859542 seconds
Number of updated asset objects reloaded before import = 0Number of asset objects unloaded after import = 1

========================================================================
Received Import Request.
  Time since last request: 0.000044 seconds.
  path: Assets/Sci-Fi UI/_SciFi_GUISkin_/Skin_Assets/window
  artifactKey: Guid(856900e36ea72f24a9896ec2db21a71e) Importer(2089858483,192608db42251d675da83286b1cce702)
Start importing Assets/Sci-Fi UI/_SciFi_GUISkin_/Skin_Assets/window using Guid(856900e36ea72f24a9896ec2db21a71e) Importer(2089858483,192608db42251d675da83286b1cce702) (ScriptedImporter) -> (artifact id: '54534a2ae6c7af8ae9a5cd6a3b4eb5b0') in 0.001730167 seconds
Number of updated asset objects reloaded before import = 0Number of asset objects unloaded after import = 1

========================================================================
Received Import Request.
  Time since last request: 0.000043 seconds.
  path: Assets/Sci-Fi UI/_SciFi_GUISkin_/Bonus_Assets/arrows/long_arrow_left.png
  artifactKey: Guid(5d663ef25d3d5514a8d099e72353244b) Importer(2089858483,192608db42251d675da83286b1cce702)
Start importing Assets/Sci-Fi UI/_SciFi_GUISkin_/Bonus_Assets/arrows/long_arrow_left.png using Guid(5d663ef25d3d5514a8d099e72353244b) Importer(2089858483,192608db42251d675da83286b1cce702) (ScriptedImporter) -> (artifact id: 'e1517ae27ba828bf71fc76484d9b0a94') in 0.005996666 seconds
Number of updated asset objects reloaded before import = 0Number of asset objects unloaded after import = 1

========================================================================
Received Import Request.
  Time since last request: 0.000032 seconds.
  path: Assets/Sci-Fi UI/_SciFi_GUISkin_/Bonus_Assets/bars/progress_bar1.png
  artifactKey: Guid(4f0d8a728e226ac40a44b1738ca64db1) Importer(2089858483,192608db42251d675da83286b1cce702)
Start importing Assets/Sci-Fi UI/_SciFi_GUISkin_/Bonus_Assets/bars/progress_bar1.png using Guid(4f0d8a728e226ac40a44b1738ca64db1) Importer(2089858483,192608db42251d675da83286b1cce702) (ScriptedImporter) -> (artifact id: 'f79c91a8e967f12fb6e154278d1ef9c1') in 0.007461917 seconds
Number of updated asset objects reloaded before import = 0Number of asset objects unloaded after import = 1

========================================================================
Received Import Request.
  Time since last request: 0.000055 seconds.
  path: Assets/ASSets/Farland Skies/Nebula One/Skyboxes
  artifactKey: Guid(cdd40358e6d14e64fa1909370d10102f) Importer(2089858483,192608db42251d675da83286b1cce702)
Start importing Assets/ASSets/Farland Skies/Nebula One/Skyboxes using Guid(cdd40358e6d14e64fa1909370d10102f) Importer(2089858483,192608db42251d675da83286b1cce702) (ScriptedImporter) -> (artifact id: '6ed0516d478fcf9669693c73e67edf84') in 0.001919708 seconds
Number of updated asset objects reloaded before import = 0Number of asset objects unloaded after import = 1

========================================================================
Received Import Request.
  Time since last request: 0.000031 seconds.
  path: Assets/Sci-Fi UI/_SciFi_GUISkin_/Skin_Assets/window/window_transparent.png
  artifactKey: Guid(06edc4e02f9c48647adfed0a778cb8aa) Importer(2089858483,192608db42251d675da83286b1cce702)
Start importing Assets/Sci-Fi UI/_SciFi_GUISkin_/Skin_Assets/window/window_transparent.png using Guid(06edc4e02f9c48647adfed0a778cb8aa) Importer(2089858483,192608db42251d675da83286b1cce702) (ScriptedImporter) -> (artifact id: '17f8cf5565336b5903b987b3743ce326') in 0.006482958 seconds
Number of updated asset objects reloaded before import = 0Number of asset objects unloaded after import = 1

========================================================================
Received Import Request.
  Time since last request: 0.000056 seconds.
  path: Assets/Sci-Fi UI/_SciFi_GUISkin_/Skin_Assets/bars/bar_green1.png
  artifactKey: Guid(55e7fefcb1252564e83b96186b0c9fdb) Importer(2089858483,192608db42251d675da83286b1cce702)
Start importing Assets/Sci-Fi UI/_SciFi_GUISkin_/Skin_Assets/bars/bar_green1.png using Guid(55e7fefcb1252564e83b96186b0c9fdb) Importer(2089858483,192608db42251d675da83286b1cce702) (ScriptedImporter) -> (artifact id: '308edc83bb4059362aa511fd6f2994ae') in 0.005164958 seconds
Number of updated asset objects reloaded before import = 0Number of asset objects unloaded after import = 1

========================================================================
Received Import Request.
  Time since last request: 0.000042 seconds.
  path: Assets/Sci-Fi UI/_SciFi_GUISkin_/Bonus_Assets/arrows
  artifactKey: Guid(96761de9252a2be45b984c64f3307bd0) Importer(2089858483,192608db42251d675da83286b1cce702)
Start importing Assets/Sci-Fi UI/_SciFi_GUISkin_/Bonus_Assets/arrows using Guid(96761de9252a2be45b984c64f3307bd0) Importer(2089858483,192608db42251d675da83286b1cce702) (ScriptedImporter) -> (artifact id: '72bb66193d3771639b94a8703075abba') in 0.001787375 seconds
Number of updated asset objects reloaded before import = 0Number of asset objects unloaded after import = 1

========================================================================
Received Import Request.
  Time since last request: 0.000028 seconds.
  path: Assets/scripts/ASTRO.cs
  artifactKey: Guid(0eb21eadc5e814f5f8842b13e101f3ee) Importer(2089858483,192608db42251d675da83286b1cce702)
Start importing Assets/scripts/ASTRO.cs using Guid(0eb21eadc5e814f5f8842b13e101f3ee) Importer(2089858483,192608db42251d675da83286b1cce702) (ScriptedImporter) -> (artifact id: 'bc5dc397a9a6691809bad44b80ed61f1') in 0.004566542 seconds
Number of updated asset objects reloaded before import = 0Number of asset objects unloaded after import = 0

========================================================================
Received Import Request.
  Time since last request: 0.000031 seconds.
  path: Assets/Sci-Fi UI/_SciFi_GUISkin_/SciFi_Skin.guiskin
  artifactKey: Guid(9705c0e7595e14d42bcd9e476468d8d7) Importer(2089858483,192608db42251d675da83286b1cce702)
Start importing Assets/Sci-Fi UI/_SciFi_GUISkin_/SciFi_Skin.guiskin using Guid(9705c0e7595e14d42bcd9e476468d8d7) Importer(2089858483,192608db42251d675da83286b1cce702) (ScriptedImporter) -> (artifact id: 'e200d90b64bf9c27ab4e9ae344cb2a95') in 0.029614542 seconds
Number of updated asset objects reloaded before import = 0Number of asset objects unloaded after import = 3

========================================================================
Received Import Request.
  Time since last request: 0.000033 seconds.
  path: Assets/Sci-Fi UI/_SciFi_GUISkin_/Skin_Assets/bars/bar_green.png
  artifactKey: Guid(0cfd497c8bf3fde418beb3fec21b33e1) Importer(2089858483,192608db42251d675da83286b1cce702)
Start importing Assets/Sci-Fi UI/_SciFi_GUISkin_/Skin_Assets/bars/bar_green.png using Guid(0cfd497c8bf3fde418beb3fec21b33e1) Importer(2089858483,192608db42251d675da83286b1cce702) (ScriptedImporter) -> (artifact id: 'b53538b1e00649659d0f2f8d86c438a2') in 0.007290875 seconds
Number of updated asset objects reloaded before import = 0Number of asset objects unloaded after import = 1

========================================================================
Received Import Request.
  Time since last request: 0.000039 seconds.
  path: Assets/ASSets/2D Space Kit/Ships and Stations/Frigate 2.png
  artifactKey: Guid(a39f5d360eb38284fb54a62672b5ec9f) Importer(2089858483,192608db42251d675da83286b1cce702)
Start importing Assets/ASSets/2D Space Kit/Ships and Stations/Frigate 2.png using Guid(a39f5d360eb38284fb54a62672b5ec9f) Importer(2089858483,192608db42251d675da83286b1cce702) (ScriptedImporter) -> (artifact id: 'd891ac1daa42a2f0a3a8dc8cbcc76bb1') in 0.0089725 seconds
Number of updated asset objects reloaded before import = 0Number of asset objects unloaded after import = 3

========================================================================
Received Import Request.
  Time since last request: 0.000040 seconds.
  path: Assets/ASSets/2D Space Kit/Backgrounds/Red Nebula 2048/background5.jpg
  artifactKey: Guid(137a7a4273c5c334a9c080e525db3501) Importer(2089858483,192608db42251d675da83286b1cce702)
Start importing Assets/ASSets/2D Space Kit/Backgrounds/Red Nebula 2048/background5.jpg using Guid(137a7a4273c5c334a9c080e525db3501) Importer(2089858483,192608db42251d675da83286b1cce702) (ScriptedImporter) -> (artifact id: '20a626b13815622cc855f186f87ecfdf') in 0.0357605 seconds
Number of updated asset objects reloaded before import = 0Number of asset objects unloaded after import = 3

========================================================================
Received Import Request.
  Time since last request: 0.000039 seconds.
  path: Assets/ASSets/2D Space Kit/Ships and Stations/Turret Platform.png
  artifactKey: Guid(76b0aac3cf1d96c4dbe96461a16846a8) Importer(2089858483,192608db42251d675da83286b1cce702)
Start importing Assets/ASSets/2D Space Kit/Ships and Stations/Turret Platform.png using Guid(76b0aac3cf1d96c4dbe96461a16846a8) Importer(2089858483,192608db42251d675da83286b1cce702) (ScriptedImporter) -> (artifact id: '3002196470a4db783e58df596ef5c7dc') in 0.00772925 seconds
Number of updated asset objects reloaded before import = 0Number of asset objects unloaded after import = 3

========================================================================
Received Import Request.
  Time since last request: 0.000031 seconds.
  path: Assets/Sci-Fi UI/Demo_Assets/scripts/GUI_Demo.cs
  artifactKey: Guid(62163097fd449614681ef581d7b3f4b2) Importer(2089858483,192608db42251d675da83286b1cce702)
Start importing Assets/Sci-Fi UI/Demo_Assets/scripts/GUI_Demo.cs using Guid(62163097fd449614681ef581d7b3f4b2) Importer(2089858483,192608db42251d675da83286b1cce702) (ScriptedImporter) -> (artifact id: 'c0029f362f21ce6092c45d99b68e6351') in 0.002191709 seconds
Number of updated asset objects reloaded before import = 0Number of asset objects unloaded after import = 0

========================================================================
Received Import Request.
  Time since last request: 0.000038 seconds.
  path: Assets/Sci-Fi UI/_SciFi_GUISkin_/Bonus_Assets/bars/progress_bar.png
  artifactKey: Guid(be40ff228ca528248b495d5025a1e327) Importer(2089858483,192608db42251d675da83286b1cce702)
Start importing Assets/Sci-Fi UI/_SciFi_GUISkin_/Bonus_Assets/bars/progress_bar.png using Guid(be40ff228ca528248b495d5025a1e327) Importer(2089858483,192608db42251d675da83286b1cce702) (ScriptedImporter) -> (artifact id: 'c9d80fba56883cae6b728dc6e41232ee') in 0.007541375 seconds
Number of updated asset objects reloaded before import = 0Number of asset objects unloaded after import = 1

========================================================================
Received Import Request.
  Time since last request: 0.000037 seconds.
  path: Assets/Sci-Fi UI/_SciFi_GUISkin_/Bonus_Assets/bars
  artifactKey: Guid(5ef7e8cb2b1939e4fbaa2f4fb83fae34) Importer(2089858483,192608db42251d675da83286b1cce702)
Start importing Assets/Sci-Fi UI/_SciFi_GUISkin_/Bonus_Assets/bars using Guid(5ef7e8cb2b1939e4fbaa2f4fb83fae34) Importer(2089858483,192608db42251d675da83286b1cce702) (ScriptedImporter) -> (artifact id: '333a3dc530d47ab7e32f80d31d138f71') in 0.001690833 seconds
Number of updated asset objects reloaded before import = 0Number of asset objects unloaded after import = 1

========================================================================
Received Import Request.
  Time since last request: 0.000040 seconds.
  path: Assets/ASSets/2D Space Kit/Turrets/Turret Medium 3.png
  artifactKey: Guid(c2fcd762a8bd6cf4dbd18ba12ddc1525) Importer(2089858483,192608db42251d675da83286b1cce702)
Start importing Assets/ASSets/2D Space Kit/Turrets/Turret Medium 3.png using Guid(c2fcd762a8bd6cf4dbd18ba12ddc1525) Importer(2089858483,192608db42251d675da83286b1cce702) (ScriptedImporter) -> (artifact id: 'd9fa27221726c7280586543995b9b023') in 0.005842792 seconds
Number of updated asset objects reloaded before import = 0Number of asset objects unloaded after import = 3

========================================================================
Received Import Request.
  Time since last request: 0.000047 seconds.
  path: Assets/ASSets/2D Space Kit/Particles (Sprites)/DustSpray (1).png
  artifactKey: Guid(0c46a108de586de4da749c8c5ba30ec3) Importer(2089858483,192608db42251d675da83286b1cce702)
Start importing Assets/ASSets/2D Space Kit/Particles (Sprites)/DustSpray (1).png using Guid(0c46a108de586de4da749c8c5ba30ec3) Importer(2089858483,192608db42251d675da83286b1cce702) (ScriptedImporter) -> (artifact id: '3f9aca765cd79bd8574bce1e81a020f9') in 0.005769666 seconds
Number of updated asset objects reloaded before import = 0Number of asset objects unloaded after import = 3

========================================================================
Received Import Request.
  Time since last request: 0.000049 seconds.
  path: Assets/Sci-Fi UI/_SciFi_GUISkin_/Bonus_Assets/arrows/arrow_left.png
  artifactKey: Guid(6d7b5d72581e8ca48b333e83a25d1514) Importer(2089858483,192608db42251d675da83286b1cce702)
Start importing Assets/Sci-Fi UI/_SciFi_GUISkin_/Bonus_Assets/arrows/arrow_left.png using Guid(6d7b5d72581e8ca48b333e83a25d1514) Importer(2089858483,192608db42251d675da83286b1cce702) (ScriptedImporter) -> (artifact id: 'ae07a96aaf792672e3a48880c4ca5eee') in 0.005097209 seconds
Number of updated asset objects reloaded before import = 0Number of asset objects unloaded after import = 1

========================================================================
Received Import Request.
  Time since last request: 0.000043 seconds.
  path: Assets/ASSets/Farland Skies/!Core/Sprites/color_picker.png
  artifactKey: Guid(829e4eb43046cad45af3032071b450bd) Importer(2089858483,192608db42251d675da83286b1cce702)
Start importing Assets/ASSets/Farland Skies/!Core/Sprites/color_picker.png using Guid(829e4eb43046cad45af3032071b450bd) Importer(2089858483,192608db42251d675da83286b1cce702) (ScriptedImporter) -> (artifact id: '92a73c36d93eb47d70db297c16f7bcfa') in 0.008223917 seconds
Number of updated asset objects reloaded before import = 0Number of asset objects unloaded after import = 3

========================================================================
Received Import Request.
  Time since last request: 0.000053 seconds.
  path: Assets/ASSets/2D Space Kit/Ships and Stations/Fighter 3.png
  artifactKey: Guid(367c33b49e78721499761b909b570691) Importer(2089858483,192608db42251d675da83286b1cce702)
Start importing Assets/ASSets/2D Space Kit/Ships and Stations/Fighter 3.png using Guid(367c33b49e78721499761b909b570691) Importer(2089858483,192608db42251d675da83286b1cce702) (ScriptedImporter) -> (artifact id: '5a93b895a897cbbfe1706af97aefbb09') in 0.006221584 seconds
Number of updated asset objects reloaded before import = 0Number of asset objects unloaded after import = 3

========================================================================
Received Import Request.
  Time since last request: 0.000035 seconds.
  path: Assets/ASSets/2D Space Kit/Missiles/Missile (1).png
  artifactKey: Guid(98be93167ed6cd54d82a8e882da6f3e1) Importer(2089858483,192608db42251d675da83286b1cce702)
Start importing Assets/ASSets/2D Space Kit/Missiles/Missile (1).png using Guid(98be93167ed6cd54d82a8e882da6f3e1) Importer(2089858483,192608db42251d675da83286b1cce702) (ScriptedImporter) -> (artifact id: '44a7c19174ef862a550815c163565408') in 0.005943167 seconds
Number of updated asset objects reloaded before import = 0Number of asset objects unloaded after import = 3

========================================================================
Received Import Request.
  Time since last request: 0.000032 seconds.
  path: Assets/Sci-Fi UI/_SciFi_GUISkin_/Bonus_Assets/arrows/back_arrow.png
  artifactKey: Guid(a9ef9e2f50f97a84bbd269b5f7cc5ea4) Importer(2089858483,192608db42251d675da83286b1cce702)
Start importing Assets/Sci-Fi UI/_SciFi_GUISkin_/Bonus_Assets/arrows/back_arrow.png using Guid(a9ef9e2f50f97a84bbd269b5f7cc5ea4) Importer(2089858483,192608db42251d675da83286b1cce702) (ScriptedImporter) -> (artifact id: 'eb5dd76996bf632407d3f77de2c29123') in 0.005649833 seconds
Number of updated asset objects reloaded before import = 0Number of asset objects unloaded after import = 1

========================================================================
Received Import Request.
  Time since last request: 0.000108 seconds.
  path: Assets/ASSets/2D Space Kit/Turrets/Crosshair.png
  artifactKey: Guid(5960056f1a158354c9d34267efa08f77) Importer(2089858483,192608db42251d675da83286b1cce702)
Start importing Assets/ASSets/2D Space Kit/Turrets/Crosshair.png using Guid(5960056f1a158354c9d34267efa08f77) Importer(2089858483,192608db42251d675da83286b1cce702) (ScriptedImporter) -> (artifact id: '6bab41f239feaa9f4b2868917cc35831') in 0.012040708 seconds
Number of updated asset objects reloaded before import = 0Number of asset objects unloaded after import = 1

========================================================================
Received Import Request.
  Time since last request: 0.000061 seconds.
  path: Assets/ASSets/2D Space Kit/Backgrounds/Fantasy Purple 2048/Fantasy 2.jpg
  artifactKey: Guid(3166c69edc3db4d4da01ada77c84f9d8) Importer(2089858483,192608db42251d675da83286b1cce702)
Start importing Assets/ASSets/2D Space Kit/Backgrounds/Fantasy Purple 2048/Fantasy 2.jpg using Guid(3166c69edc3db4d4da01ada77c84f9d8) Importer(2089858483,192608db42251d675da83286b1cce702) (ScriptedImporter) -> (artifact id: 'a645548d200defddb020f86f7dc45b1a') in 0.014940125 seconds
Number of updated asset objects reloaded before import = 0Number of asset objects unloaded after import = 3

========================================================================
Received Import Request.
  Time since last request: 0.000061 seconds.
  path: Assets/ASSets/2D Space Kit/Background Elements/Planets/Barren 2.png
  artifactKey: Guid(a4ca1cbe4b4e97c43aecb305a797ba5d) Importer(2089858483,192608db42251d675da83286b1cce702)
Start importing Assets/ASSets/2D Space Kit/Background Elements/Planets/Barren 2.png using Guid(a4ca1cbe4b4e97c43aecb305a797ba5d) Importer(2089858483,192608db42251d675da83286b1cce702) (ScriptedImporter) -> (artifact id: '0f94d29400407455194be8597dfbf69b') in 0.015221375 seconds
Number of updated asset objects reloaded before import = 0Number of asset objects unloaded after import = 3

========================================================================
Received Import Request.
  Time since last request: 0.000107 seconds.
  path: Assets/ASSets/2D Space Kit/Particles (Sprites)/Flare.png
  artifactKey: Guid(e299877945f4faa4d87538588f58b9a5) Importer(2089858483,192608db42251d675da83286b1cce702)
Start importing Assets/ASSets/2D Space Kit/Particles (Sprites)/Flare.png using Guid(e299877945f4faa4d87538588f58b9a5) Importer(2089858483,192608db42251d675da83286b1cce702) (ScriptedImporter) -> (artifact id: '93685bf2abc7002f1cc597b95f5ea611') in 0.006643875 seconds
Number of updated asset objects reloaded before import = 0Number of asset objects unloaded after import = 3

========================================================================
Received Import Request.
  Time since last request: 0.000041 seconds.
  path: Assets/ASSets/2D Space Kit/Particles (Sprites)/Materials/Flare Animorphic.mat
  artifactKey: Guid(7f3b305abdd7aa1419d31a9a9d5ba2c2) Importer(2089858483,192608db42251d675da83286b1cce702)
Start importing Assets/ASSets/2D Space Kit/Particles (Sprites)/Materials/Flare Animorphic.mat using Guid(7f3b305abdd7aa1419d31a9a9d5ba2c2) Importer(2089858483,192608db42251d675da83286b1cce702) (ScriptedImporter) -> (artifact id: 'dfe75bda170e33833c3cfbb7e67227c6') in 0.003436417 seconds
Number of updated asset objects reloaded before import = 0Number of asset objects unloaded after import = 2

========================================================================
Received Import Request.
  Time since last request: 0.000046 seconds.
  path: Assets/ASSets/2D Space Kit/Background Elements/Planets/Thick Atmo 2.png
  artifactKey: Guid(40f295fe140bd1947afb964469df15c8) Importer(2089858483,192608db42251d675da83286b1cce702)
Start importing Assets/ASSets/2D Space Kit/Background Elements/Planets/Thick Atmo 2.png using Guid(40f295fe140bd1947afb964469df15c8) Importer(2089858483,192608db42251d675da83286b1cce702) (ScriptedImporter) -> (artifact id: '9b409717244fd92861a5d9397d21dbf2') in 0.018866708 seconds
Number of updated asset objects reloaded before import = 0Number of asset objects unloaded after import = 3

========================================================================
Received Import Request.
  Time since last request: 0.000075 seconds.
  path: Assets/ASSets/2D Space Kit/Background Elements/Dust and Nebulae/DustCloud 2.png
  artifactKey: Guid(eb6b83e9f13eb5e49b478a7e69ff5b36) Importer(2089858483,192608db42251d675da83286b1cce702)
Start importing Assets/ASSets/2D Space Kit/Background Elements/Dust and Nebulae/DustCloud 2.png using Guid(eb6b83e9f13eb5e49b478a7e69ff5b36) Importer(2089858483,192608db42251d675da83286b1cce702) (ScriptedImporter) -> (artifact id: 'b35fcbd881839d7c3f479bd7d0bcbc2f') in 0.009633875 seconds
Number of updated asset objects reloaded before import = 0Number of asset objects unloaded after import = 3

========================================================================
Received Import Request.
  Time since last request: 0.000056 seconds.
  path: Assets/ASSets/2D Space Kit/Particles (Sprites)/Big Projectile.png
  artifactKey: Guid(b909b07c03c5f6b4687729ca067620c6) Importer(2089858483,192608db42251d675da83286b1cce702)
Start importing Assets/ASSets/2D Space Kit/Particles (Sprites)/Big Projectile.png using Guid(b909b07c03c5f6b4687729ca067620c6) Importer(2089858483,192608db42251d675da83286b1cce702) (ScriptedImporter) -> (artifact id: 'f16b361cd92c40f1e70e6444a942bdd4') in 0.006628834 seconds
Number of updated asset objects reloaded before import = 0Number of asset objects unloaded after import = 3

========================================================================
Received Import Request.
  Time since last request: 0.000056 seconds.
  path: Assets/ASSets/2D Space Kit/Particles (Sprites)/Materials/Exhaust.mat
  artifactKey: Guid(02076085c4851104fa97458c4d1e3cce) Importer(2089858483,192608db42251d675da83286b1cce702)
Start importing Assets/ASSets/2D Space Kit/Particles (Sprites)/Materials/Exhaust.mat using Guid(02076085c4851104fa97458c4d1e3cce) Importer(2089858483,192608db42251d675da83286b1cce702) (ScriptedImporter) -> (artifact id: 'd8ef8ec00349b7dbbeb7c6d9e31f364d') in 0.003862833 seconds
Number of updated asset objects reloaded before import = 0Number of asset objects unloaded after import = 2

========================================================================
Received Import Request.
  Time since last request: 0.000110 seconds.
  path: Assets/Sci-Fi UI/_SciFi_GUISkin_/atlas.png
  artifactKey: Guid(56d84991286850f428b4e7df0cca7380) Importer(2089858483,192608db42251d675da83286b1cce702)
Start importing Assets/Sci-Fi UI/_SciFi_GUISkin_/atlas.png using Guid(56d84991286850f428b4e7df0cca7380) Importer(2089858483,192608db42251d675da83286b1cce702) (ScriptedImporter) -> (artifact id: 'a76caa2dea32ae075dc42786e9b5c3a5') in 0.041102833 seconds
Number of updated asset objects reloaded before import = 0Number of asset objects unloaded after import = 34

========================================================================
Received Import Request.
  Time since last request: 0.000036 seconds.
  path: Assets/ASSets/2D Space Kit/Background Elements/Planets/Planet Masks/Mask Right 3.png
  artifactKey: Guid(4d9174f391d4dde43ae46bb9c5800704) Importer(2089858483,192608db42251d675da83286b1cce702)
Start importing Assets/ASSets/2D Space Kit/Background Elements/Planets/Planet Masks/Mask Right 3.png using Guid(4d9174f391d4dde43ae46bb9c5800704) Importer(2089858483,192608db42251d675da83286b1cce702) (ScriptedImporter) -> (artifact id: 'eb58c407969e025e4d6b425956d8140c') in 0.011963959 seconds
Number of updated asset objects reloaded before import = 0Number of asset objects unloaded after import = 3

========================================================================
Received Import Request.
  Time since last request: 0.000032 seconds.
  path: Assets/ASSets/2D Space Kit/Turrets/Turret Small 4.png
  artifactKey: Guid(b520897860de45a489bea7656ba71eef) Importer(2089858483,192608db42251d675da83286b1cce702)
Start importing Assets/ASSets/2D Space Kit/Turrets/Turret Small 4.png using Guid(b520897860de45a489bea7656ba71eef) Importer(2089858483,192608db42251d675da83286b1cce702) (ScriptedImporter) -> (artifact id: '14291c960baac4b83e34a634d9d3363c') in 0.006944166 seconds
Number of updated asset objects reloaded before import = 0Number of asset objects unloaded after import = 3

========================================================================
Received Import Request.
  Time since last request: 0.000086 seconds.
  path: Assets/ASSets/2D Space Kit/Asteroids/Asteroid 5.png
  artifactKey: Guid(06ebc3b6f7d199745ac6895e9d0f2e09) Importer(2089858483,192608db42251d675da83286b1cce702)
Start importing Assets/ASSets/2D Space Kit/Asteroids/Asteroid 5.png using Guid(06ebc3b6f7d199745ac6895e9d0f2e09) Importer(2089858483,192608db42251d675da83286b1cce702) (ScriptedImporter) -> (artifact id: '4ab01f8b8da325f2fc1da31923d58e85') in 0.009906959 seconds
Number of updated asset objects reloaded before import = 0Number of asset objects unloaded after import = 3

========================================================================
Received Import Request.
  Time since last request: 0.000069 seconds.
  path: Assets/ASSets/2D Space Kit/Asteroid 5.prefab
  artifactKey: Guid(8de0d859de78e4e8580f3faf203501f5) Importer(2089858483,192608db42251d675da83286b1cce702)
Start importing Assets/ASSets/2D Space Kit/Asteroid 5.prefab using Guid(8de0d859de78e4e8580f3faf203501f5) Importer(2089858483,192608db42251d675da83286b1cce702) (ScriptedImporter) -> (artifact id: 'ecdec600551a5ecd151dec93705e69f1') in 0.027732417 seconds
Number of updated asset objects reloaded before import = 0Number of asset objects unloaded after import = 9

========================================================================
Received Import Request.
  Time since last request: 0.000052 seconds.
  path: Assets/ASSets/2D Space Kit/Example Scene/Demo.unity
  artifactKey: Guid(f248b8ef3bed796479c555bf28de8e41) Importer(2089858483,192608db42251d675da83286b1cce702)
Start importing Assets/ASSets/2D Space Kit/Example Scene/Demo.unity using Guid(f248b8ef3bed796479c555bf28de8e41) Importer(2089858483,192608db42251d675da83286b1cce702) (ScriptedImporter) -> (artifact id: 'ae22ed5cd998a732539b390b9314ec9f') in 0.006707916 seconds
Number of updated asset objects reloaded before import = 0Number of asset objects unloaded after import = 1

========================================================================
Received Import Request.
  Time since last request: 0.000069 seconds.
  path: Assets/ASSets/Farland Skies/Nebula One/Textures/NebulaDiffusion.png
  artifactKey: Guid(4151dd7ea09a5604aab5817d6876963b) Importer(2089858483,192608db42251d675da83286b1cce702)
Start importing Assets/ASSets/Farland Skies/Nebula One/Textures/NebulaDiffusion.png using Guid(4151dd7ea09a5604aab5817d6876963b) Importer(2089858483,192608db42251d675da83286b1cce702) (ScriptedImporter) -> (artifact id: '32b69446eed42bf4d506e6049c969a12') in 0.01603425 seconds
Number of updated asset objects reloaded before import = 0Number of asset objects unloaded after import = 1

========================================================================
Received Import Request.
  Time since last request: 0.000042 seconds.
  path: Assets/ASSets/Farland Skies/!Core/Icons/Professional/Cloud_16.png
  artifactKey: Guid(7f1148fb6b49a3d40bdd841a6b693f2e) Importer(2089858483,192608db42251d675da83286b1cce702)
Start importing Assets/ASSets/Farland Skies/!Core/Icons/Professional/Cloud_16.png using Guid(7f1148fb6b49a3d40bdd841a6b693f2e) Importer(2089858483,192608db42251d675da83286b1cce702) (ScriptedImporter) -> (artifact id: '4d70372de4ce6f03375599a3494c97d4') in 0.006514958 seconds
Number of updated asset objects reloaded before import = 0Number of asset objects unloaded after import = 1

========================================================================
Received Import Request.
  Time since last request: 0.000054 seconds.
  path: Assets/ASSets/Farland Skies/Nebula One/Materials/Starfield.mat
  artifactKey: Guid(6b47557b3683046f48420e8d6394f248) Importer(2089858483,192608db42251d675da83286b1cce702)
Start importing Assets/ASSets/Farland Skies/Nebula One/Materials/Starfield.mat using Guid(6b47557b3683046f48420e8d6394f248) Importer(2089858483,192608db42251d675da83286b1cce702) (ScriptedImporter) -> (artifact id: '45ce6e6ab2db910539d3fbcfc63210b1') in 0.010256833 seconds
Number of updated asset objects reloaded before import = 0Number of asset objects unloaded after import = 2

========================================================================
Received Import Request.
  Time since last request: 0.000062 seconds.
  path: Assets/ASSets/Galaxia Sprite Pack #1/Effects/BulletBombSpriteSheetGreen.png
  artifactKey: Guid(c4b06c20a938a6e46949e8faac79b20e) Importer(2089858483,192608db42251d675da83286b1cce702)
Start importing Assets/ASSets/Galaxia Sprite Pack #1/Effects/BulletBombSpriteSheetGreen.png using Guid(c4b06c20a938a6e46949e8faac79b20e) Importer(2089858483,192608db42251d675da83286b1cce702) (ScriptedImporter) -> (artifact id: 'ea205a903a22f1314f8b35bf48409337') in 0.009926042 seconds
Number of updated asset objects reloaded before import = 0Number of asset objects unloaded after import = 5

========================================================================
Received Import Request.
  Time since last request: 0.000037 seconds.
  path: Assets/ASSets/Farland Skies/!Core/Icons/Personal/Sky_16.png
  artifactKey: Guid(77416ac809d143e44bccc4ae8008e592) Importer(2089858483,192608db42251d675da83286b1cce702)
Start importing Assets/ASSets/Farland Skies/!Core/Icons/Personal/Sky_16.png using Guid(77416ac809d143e44bccc4ae8008e592) Importer(2089858483,192608db42251d675da83286b1cce702) (ScriptedImporter) -> (artifact id: '31187323554a68ddf4083150186e1939') in 0.006045042 seconds
Number of updated asset objects reloaded before import = 0Number of asset objects unloaded after import = 1

========================================================================
Received Import Request.
  Time since last request: 0.000042 seconds.
  path: Assets/ASSets/Galaxia Sprite Pack #1/Enemy/idle_bomber_red.png
  artifactKey: Guid(2891d59158f4f7e4c8d006fbc2e55cc9) Importer(2089858483,192608db42251d675da83286b1cce702)
Start importing Assets/ASSets/Galaxia Sprite Pack #1/Enemy/idle_bomber_red.png using Guid(2891d59158f4f7e4c8d006fbc2e55cc9) Importer(2089858483,192608db42251d675da83286b1cce702) (ScriptedImporter) -> (artifact id: '60f41e6ccd3741f8a452747b75c50776') in 0.007533333 seconds
Number of updated asset objects reloaded before import = 0Number of asset objects unloaded after import = 3

========================================================================
Received Import Request.
  Time since last request: 0.000039 seconds.
  path: Assets/ASSets/Farland Skies/!Core/Icons/Personal/Sun_16.png
  artifactKey: Guid(eadf1e59b45dfcf4fad48bd6d008b334) Importer(2089858483,192608db42251d675da83286b1cce702)
Start importing Assets/ASSets/Farland Skies/!Core/Icons/Personal/Sun_16.png using Guid(eadf1e59b45dfcf4fad48bd6d008b334) Importer(2089858483,192608db42251d675da83286b1cce702) (ScriptedImporter) -> (artifact id: '1b43fb33699351228111f85a3cf99166') in 0.005200542 seconds
Number of updated asset objects reloaded before import = 0Number of asset objects unloaded after import = 1

========================================================================
Received Import Request.
  Time since last request: 0.000058 seconds.
  path: Assets/ASSets/Farland Skies/!Core/Icons/Personal/Moon_16.png
  artifactKey: Guid(bf999b164a863704fa6e83f5a77e1908) Importer(2089858483,192608db42251d675da83286b1cce702)
Start importing Assets/ASSets/Farland Skies/!Core/Icons/Personal/Moon_16.png using Guid(bf999b164a863704fa6e83f5a77e1908) Importer(2089858483,192608db42251d675da83286b1cce702) (ScriptedImporter) -> (artifact id: 'a3ac75fbfb98585c1b1dcb5e91cdf5eb') in 0.005238167 seconds
Number of updated asset objects reloaded before import = 0Number of asset objects unloaded after import = 1

========================================================================
Received Import Request.
  Time since last request: 0.000032 seconds.
  path: Assets/ASSets/Farland Skies/Nebula One/Materials/NebulaDiffusion.mat
  artifactKey: Guid(f5d465ac282974554b97d0e3e30a5802) Importer(2089858483,192608db42251d675da83286b1cce702)
Start importing Assets/ASSets/Farland Skies/Nebula One/Materials/NebulaDiffusion.mat using Guid(f5d465ac282974554b97d0e3e30a5802) Importer(2089858483,192608db42251d675da83286b1cce702) (ScriptedImporter) -> (artifact id: '0e52d31666df98558949aa7e9709d562') in 0.007984125 seconds
Number of updated asset objects reloaded before import = 0Number of asset objects unloaded after import = 2

========================================================================
Received Import Request.
  Time since last request: 0.000032 seconds.
  path: Assets/ASSets/Galaxia Sprite Pack #1/Effects/BulletBombSpriteSheetBlue.png
  artifactKey: Guid(fb49bbb3e2b49674f98799696c31c86c) Importer(2089858483,192608db42251d675da83286b1cce702)
Start importing Assets/ASSets/Galaxia Sprite Pack #1/Effects/BulletBombSpriteSheetBlue.png using Guid(fb49bbb3e2b49674f98799696c31c86c) Importer(2089858483,192608db42251d675da83286b1cce702) (ScriptedImporter) -> (artifact id: '62ad950ee4287709204a0484404b9cf2') in 0.00764725 seconds
Number of updated asset objects reloaded before import = 0Number of asset objects unloaded after import = 5

========================================================================
Received Import Request.
  Time since last request: 0.000032 seconds.
  path: Assets/ASSets/Galaxia Sprite Pack #1/Effects/BulletBombSpriteSheetRed.png
  artifactKey: Guid(4b3cde31bdef54c458f0b04071d88cc5) Importer(2089858483,192608db42251d675da83286b1cce702)
Start importing Assets/ASSets/Galaxia Sprite Pack #1/Effects/BulletBombSpriteSheetRed.png using Guid(4b3cde31bdef54c458f0b04071d88cc5) Importer(2089858483,192608db42251d675da83286b1cce702) (ScriptedImporter) -> (artifact id: '792ef78a1053641c089dfa0024196e77') in 0.009501083 seconds
Number of updated asset objects reloaded before import = 0Number of asset objects unloaded after import = 5

========================================================================
Received Import Request.
  Time since last request: 0.000034 seconds.
  path: Assets/ASSets/Farland Skies/!Core/Icons/Professional/Moon_16.png
  artifactKey: Guid(ab06184fdf988ca4ca105754c82a1ad9) Importer(2089858483,192608db42251d675da83286b1cce702)
Start importing Assets/ASSets/Farland Skies/!Core/Icons/Professional/Moon_16.png using Guid(ab06184fdf988ca4ca105754c82a1ad9) Importer(2089858483,192608db42251d675da83286b1cce702) (ScriptedImporter) -> (artifact id: 'c29997a22be078e509ecb38fc8ae1145') in 0.005279292 seconds
Number of updated asset objects reloaded before import = 0Number of asset objects unloaded after import = 1

========================================================================
Received Import Request.
  Time since last request: 0.000027 seconds.
  path: Assets/ASSets/2D Space Kit/Debris/Debris (1).png
  artifactKey: Guid(8d6eaaefbef73894d96ae55f7da066ec) Importer(2089858483,192608db42251d675da83286b1cce702)
Start importing Assets/ASSets/2D Space Kit/Debris/Debris (1).png using Guid(8d6eaaefbef73894d96ae55f7da066ec) Importer(2089858483,192608db42251d675da83286b1cce702) (ScriptedImporter) -> (artifact id: 'afa8b8db99ed7e5a4fd6520e6bbc48e6') in 0.006325458 seconds
Number of updated asset objects reloaded before import = 0Number of asset objects unloaded after import = 3

========================================================================
Received Import Request.
  Time since last request: 0.000033 seconds.
  path: Assets/Sci-Fi UI/Demo_Assets/scripts
  artifactKey: Guid(8c7dc059ef53b1f4f841f561138c81b0) Importer(2089858483,192608db42251d675da83286b1cce702)
Start importing Assets/Sci-Fi UI/Demo_Assets/scripts using Guid(8c7dc059ef53b1f4f841f561138c81b0) Importer(2089858483,192608db42251d675da83286b1cce702) (ScriptedImporter) -> (artifact id: 'f2c9824ebfc6754d1035a08efb520fe0') in 0.001721583 seconds
Number of updated asset objects reloaded before import = 0Number of asset objects unloaded after import = 1

========================================================================
Received Import Request.
  Time since last request: 0.000030 seconds.
  path: Assets/ASSets/2D Space Kit/Background Elements/Planets
  artifactKey: Guid(8b9a0b0adc64643189a2a2615aceace5) Importer(2089858483,192608db42251d675da83286b1cce702)
Start importing Assets/ASSets/2D Space Kit/Background Elements/Planets using Guid(8b9a0b0adc64643189a2a2615aceace5) Importer(2089858483,192608db42251d675da83286b1cce702) (ScriptedImporter) -> (artifact id: '21699a754d4612e4cebdd7e485e8ccd9') in 0.002032541 seconds
Number of updated asset objects reloaded before import = 0Number of asset objects unloaded after import = 1

========================================================================
Received Import Request.
  Time since last request: 0.000030 seconds.
  path: Assets/ASSets/Farland Skies
  artifactKey: Guid(6a345dd3e3c9f9b4da51139f730a95b4) Importer(2089858483,192608db42251d675da83286b1cce702)
Start importing Assets/ASSets/Farland Skies using Guid(6a345dd3e3c9f9b4da51139f730a95b4) Importer(2089858483,192608db42251d675da83286b1cce702) (ScriptedImporter) -> (artifact id: '112089cb3a8bd51999e08f8d6f3f387d') in 0.008086541 seconds
Number of updated asset objects reloaded before import = 0Number of asset objects unloaded after import = 1

========================================================================
Received Import Request.
  Time since last request: 0.000039 seconds.
  path: Assets/ASSets/Farland Skies/Nebula One/Textures
  artifactKey: Guid(2d8a7ebf58f35544ea83a40539cfd16a) Importer(2089858483,192608db42251d675da83286b1cce702)
Start importing Assets/ASSets/Farland Skies/Nebula One/Textures using Guid(2d8a7ebf58f35544ea83a40539cfd16a) Importer(2089858483,192608db42251d675da83286b1cce702) (ScriptedImporter) -> (artifact id: '9c4d753d7679131ae5425719c3c443fb') in 0.001735458 seconds
Number of updated asset objects reloaded before import = 0Number of asset objects unloaded after import = 1

========================================================================
Received Import Request.
  Time since last request: 0.000032 seconds.
  path: Assets/ASSets/2D Space Kit/Turrets/Turret Medium 4.png
  artifactKey: Guid(15b3732051178b24494389111427ff7a) Importer(2089858483,192608db42251d675da83286b1cce702)
Start importing Assets/ASSets/2D Space Kit/Turrets/Turret Medium 4.png using Guid(15b3732051178b24494389111427ff7a) Importer(2089858483,192608db42251d675da83286b1cce702) (ScriptedImporter) -> (artifact id: '33d5979523cb35239a23abc7184c3813') in 0.007813417 seconds
Number of updated asset objects reloaded before import = 0Number of asset objects unloaded after import = 3

========================================================================
Received Import Request.
  Time since last request: 0.000032 seconds.
  path: Assets/ASSets/Galaxia Sprite Pack #1/README.txt
  artifactKey: Guid(de07f31aeff218542bfd1dbf9aaef8e0) Importer(2089858483,192608db42251d675da83286b1cce702)
Start importing Assets/ASSets/Galaxia Sprite Pack #1/README.txt using Guid(de07f31aeff218542bfd1dbf9aaef8e0) Importer(2089858483,192608db42251d675da83286b1cce702) (ScriptedImporter) -> (artifact id: '7113e076f5ddfd8f5daf47d82ffbd6dd') in 0.0021225 seconds
Number of updated asset objects reloaded before import = 0Number of asset objects unloaded after import = 1

========================================================================
Received Import Request.
  Time since last request: 0.000045 seconds.
  path: Assets/ASSets/Galaxia Sprite Pack #1/Effects/LaserSpriteSheetGreen.png
  artifactKey: Guid(3adc669597747574c931c03238b55b64) Importer(2089858483,192608db42251d675da83286b1cce702)
Start importing Assets/ASSets/Galaxia Sprite Pack #1/Effects/LaserSpriteSheetGreen.png using Guid(3adc669597747574c931c03238b55b64) Importer(2089858483,192608db42251d675da83286b1cce702) (ScriptedImporter) -> (artifact id: '70fa8811d0965d0da35b1a3ccb981dd8') in 0.007475125 seconds
Number of updated asset objects reloaded before import = 0Number of asset objects unloaded after import = 5

========================================================================
Received Import Request.
  Time since last request: 0.000034 seconds.
  path: Assets/ASSets/Galaxia Sprite Pack #1/Enemy/idle_orb_blue.png
  artifactKey: Guid(36da0b7bdceee7a48851d5dd2aefe98f) Importer(2089858483,192608db42251d675da83286b1cce702)
Start importing Assets/ASSets/Galaxia Sprite Pack #1/Enemy/idle_orb_blue.png using Guid(36da0b7bdceee7a48851d5dd2aefe98f) Importer(2089858483,192608db42251d675da83286b1cce702) (ScriptedImporter) -> (artifact id: '86b8cbb10eeb578d85b12da1c4ee2316') in 0.006075167 seconds
Number of updated asset objects reloaded before import = 0Number of asset objects unloaded after import = 3

========================================================================
Received Import Request.
  Time since last request: 0.000025 seconds.
  path: Assets/ASSets/Galaxia Sprite Pack #1/Effects/BulletsSpriteSheetPurple.png
  artifactKey: Guid(63497777be1c2a3468333a9fd29c6036) Importer(2089858483,192608db42251d675da83286b1cce702)
Start importing Assets/ASSets/Galaxia Sprite Pack #1/Effects/BulletsSpriteSheetPurple.png using Guid(63497777be1c2a3468333a9fd29c6036) Importer(2089858483,192608db42251d675da83286b1cce702) (ScriptedImporter) -> (artifact id: '4f3528b57048f34ded3c4ef7e712179e') in 0.007623333 seconds
Number of updated asset objects reloaded before import = 0Number of asset objects unloaded after import = 5

========================================================================
Received Import Request.
  Time since last request: 0.000031 seconds.
  path: Assets/ASSets/Galaxia Sprite Pack #1/Enemy/idle_scout_yellow.png
  artifactKey: Guid(5500a4eb7184fed4eb5b5e505ffecd91) Importer(2089858483,192608db42251d675da83286b1cce702)
Start importing Assets/ASSets/Galaxia Sprite Pack #1/Enemy/idle_scout_yellow.png using Guid(5500a4eb7184fed4eb5b5e505ffecd91) Importer(2089858483,192608db42251d675da83286b1cce702) (ScriptedImporter) -> (artifact id: '1fdf27813a950d33372d0fe01f0fffbe') in 0.007941125 seconds
Number of updated asset objects reloaded before import = 0Number of asset objects unloaded after import = 3

========================================================================
Received Import Request.
  Time since last request: 0.000029 seconds.
  path: Assets/ASSets/Galaxia Sprite Pack #1/Enemy/idle_orb_green.png
  artifactKey: Guid(a8b9579cc05ec924b8db3e8422459a0b) Importer(2089858483,192608db42251d675da83286b1cce702)
Start importing Assets/ASSets/Galaxia Sprite Pack #1/Enemy/idle_orb_green.png using Guid(a8b9579cc05ec924b8db3e8422459a0b) Importer(2089858483,192608db42251d675da83286b1cce702) (ScriptedImporter) -> (artifact id: '46d7222637d2754b25c729a875b5273c') in 0.006108917 seconds
Number of updated asset objects reloaded before import = 0Number of asset objects unloaded after import = 3

========================================================================
Received Import Request.
  Time since last request: 0.000040 seconds.
  path: Assets/ASSets/Galaxia Sprite Pack #1/Effects/BulletsSpriteSheetGreen.png
  artifactKey: Guid(34117c1e0c2d27d43973517e619028e5) Importer(2089858483,192608db42251d675da83286b1cce702)
Start importing Assets/ASSets/Galaxia Sprite Pack #1/Effects/BulletsSpriteSheetGreen.png using Guid(34117c1e0c2d27d43973517e619028e5) Importer(2089858483,192608db42251d675da83286b1cce702) (ScriptedImporter) -> (artifact id: '857239bdf62542cb1e4796afae85f135') in 0.007505 seconds
Number of updated asset objects reloaded before import = 0Number of asset objects unloaded after import = 5

========================================================================
Received Import Request.
  Time since last request: 0.000050 seconds.
  path: Assets/ASSets/Galaxia Sprite Pack #1/Effects/BulletsSpriteSheetBlue.png
  artifactKey: Guid(a9450bfa7931d2a4399a9c70edcaa576) Importer(2089858483,192608db42251d675da83286b1cce702)
Start importing Assets/ASSets/Galaxia Sprite Pack #1/Effects/BulletsSpriteSheetBlue.png using Guid(a9450bfa7931d2a4399a9c70edcaa576) Importer(2089858483,192608db42251d675da83286b1cce702) (ScriptedImporter) -> (artifact id: '542cb2ac11d14fdb7928abf20d591bec') in 0.009581959 seconds
Number of updated asset objects reloaded before import = 0Number of asset objects unloaded after import = 5

========================================================================
Received Import Request.
  Time since last request: 0.000048 seconds.
  path: Assets/ASSets/Galaxia Sprite Pack #1/Enemy/idle_heavy_green.png
  artifactKey: Guid(767780ce78b8bdf4ebcb0231280c9655) Importer(2089858483,192608db42251d675da83286b1cce702)
Start importing Assets/ASSets/Galaxia Sprite Pack #1/Enemy/idle_heavy_green.png using Guid(767780ce78b8bdf4ebcb0231280c9655) Importer(2089858483,192608db42251d675da83286b1cce702) (ScriptedImporter) -> (artifact id: '1e8e3761db79cc6f8ed06d381df097a5') in 0.006133875 seconds
Number of updated asset objects reloaded before import = 0Number of asset objects unloaded after import = 3

========================================================================
Received Import Request.
  Time since last request: 0.000030 seconds.
  path: Assets/ASSets/Farland Skies/!Core/Icons/Professional/Tag_16.png
  artifactKey: Guid(727daa23260bc8148bc2348eb0adbdaa) Importer(2089858483,192608db42251d675da83286b1cce702)
Start importing Assets/ASSets/Farland Skies/!Core/Icons/Professional/Tag_16.png using Guid(727daa23260bc8148bc2348eb0adbdaa) Importer(2089858483,192608db42251d675da83286b1cce702) (ScriptedImporter) -> (artifact id: 'e1305aa93f9f0f5c99373daff890eadb') in 0.005499333 seconds
Number of updated asset objects reloaded before import = 0Number of asset objects unloaded after import = 1

========================================================================
Received Import Request.
  Time since last request: 0.000050 seconds.
  path: Assets/ASSets/Galaxia Sprite Pack #1/Enemy/idle_drone_blue.png
  artifactKey: Guid(125d5be502cbe3a418c97ea911b93155) Importer(2089858483,192608db42251d675da83286b1cce702)
Start importing Assets/ASSets/Galaxia Sprite Pack #1/Enemy/idle_drone_blue.png using Guid(125d5be502cbe3a418c97ea911b93155) Importer(2089858483,192608db42251d675da83286b1cce702) (ScriptedImporter) -> (artifact id: '75f2ad4a423757bc62354f758d177322') in 0.016447375 seconds
Number of updated asset objects reloaded before import = 0Number of asset objects unloaded after import = 3

========================================================================
Received Import Request.
  Time since last request: 0.000056 seconds.
  path: Assets/Sci-Fi UI/_SciFi_GUISkin_/Skin_Assets/joystick
  artifactKey: Guid(6fcce8e8873ca23408caf59cc6fd8e72) Importer(2089858483,192608db42251d675da83286b1cce702)
Start importing Assets/Sci-Fi UI/_SciFi_GUISkin_/Skin_Assets/joystick using Guid(6fcce8e8873ca23408caf59cc6fd8e72) Importer(2089858483,192608db42251d675da83286b1cce702) (ScriptedImporter) -> (artifact id: 'b4d6de18f7f26dfdc8f4b5489042275b') in 0.001858709 seconds
Number of updated asset objects reloaded before import = 0Number of asset objects unloaded after import = 1

========================================================================
Received Import Request.
  Time since last request: 0.000038 seconds.
  path: Assets/ASSets/2D Space Kit/Example Scene/DemoSettings.lighting
  artifactKey: Guid(ae095e766daf446fc95056b5fc5ea01c) Importer(2089858483,192608db42251d675da83286b1cce702)
Start importing Assets/ASSets/2D Space Kit/Example Scene/DemoSettings.lighting using Guid(ae095e766daf446fc95056b5fc5ea01c) Importer(2089858483,192608db42251d675da83286b1cce702) (ScriptedImporter) -> (artifact id: '66072669585efa2379255a35b242eeba') in 0.022189583 seconds
Number of updated asset objects reloaded before import = 0Number of asset objects unloaded after import = 1

========================================================================
Received Import Request.
  Time since last request: 0.000045 seconds.
  path: Assets/ASSets/2D Space Kit/Background Elements/Planets/Primordial 1.png
  artifactKey: Guid(81ecaf6e42e6f7d429ddce051f638691) Importer(2089858483,192608db42251d675da83286b1cce702)
Start importing Assets/ASSets/2D Space Kit/Background Elements/Planets/Primordial 1.png using Guid(81ecaf6e42e6f7d429ddce051f638691) Importer(2089858483,192608db42251d675da83286b1cce702) (ScriptedImporter) -> (artifact id: '1b4af7322eacaea0030c4ba734cf8231') in 0.0147615 seconds
Number of updated asset objects reloaded before import = 0Number of asset objects unloaded after import = 3

========================================================================
Received Import Request.
  Time since last request: 0.000030 seconds.
  path: Assets/Sci-Fi UI/_SciFi_GUISkin_/Skin_Assets/font/zekton free.ttf
  artifactKey: Guid(8297a2bf97dbbba468bd2518d003a876) Importer(2089858483,192608db42251d675da83286b1cce702)
Start importing Assets/Sci-Fi UI/_SciFi_GUISkin_/Skin_Assets/font/zekton free.ttf using Guid(8297a2bf97dbbba468bd2518d003a876) Importer(2089858483,192608db42251d675da83286b1cce702) (ScriptedImporter) -> (artifact id: 'b2dc987317c8a92d77fa57a9721c1c73') in 0.009313458 seconds
Number of updated asset objects reloaded before import = 0Number of asset objects unloaded after import = 3

========================================================================
Received Import Request.
  Time since last request: 0.000063 seconds.
  path: Assets/ASSets/Farland Skies/!Core/Icons/Personal/Cloud_16.png
  artifactKey: Guid(e90f5504ff917584c82bc1c09b03885a) Importer(2089858483,192608db42251d675da83286b1cce702)
Start importing Assets/ASSets/Farland Skies/!Core/Icons/Personal/Cloud_16.png using Guid(e90f5504ff917584c82bc1c09b03885a) Importer(2089858483,192608db42251d675da83286b1cce702) (ScriptedImporter) -> (artifact id: '6cce947b2007ad1d1fdeff3a6b5719b6') in 0.005844375 seconds
Number of updated asset objects reloaded before import = 0Number of asset objects unloaded after import = 1

========================================================================
Received Import Request.
  Time since last request: 0.000031 seconds.
  path: Assets/ASSets/2D Space Kit/Background Elements/Dust and Nebulae/EM Cloud (2).png
  artifactKey: Guid(9ca114343622f664e8536a7364b23f6d) Importer(2089858483,192608db42251d675da83286b1cce702)
Start importing Assets/ASSets/2D Space Kit/Background Elements/Dust and Nebulae/EM Cloud (2).png using Guid(9ca114343622f664e8536a7364b23f6d) Importer(2089858483,192608db42251d675da83286b1cce702) (ScriptedImporter) -> (artifact id: '1dc556d12f609e47569cee5b806f103c') in 0.006020584 seconds
Number of updated asset objects reloaded before import = 0Number of asset objects unloaded after import = 1

========================================================================
Received Import Request.
  Time since last request: 0.000067 seconds.
  path: Assets/ASSets/2D Space Kit/Backgrounds/3.png
  artifactKey: Guid(9470fc80c20ec0d4ebd646f84d5419c9) Importer(2089858483,192608db42251d675da83286b1cce702)
Start importing Assets/ASSets/2D Space Kit/Backgrounds/3.png using Guid(9470fc80c20ec0d4ebd646f84d5419c9) Importer(2089858483,192608db42251d675da83286b1cce702) (ScriptedImporter) -> (artifact id: '007e110a6672c1b8a30fceae0c1f3559') in 0.042602208 seconds
Number of updated asset objects reloaded before import = 0Number of asset objects unloaded after import = 3

========================================================================
Received Import Request.
  Time since last request: 0.000031 seconds.
  path: Assets/ASSets/2D Space Kit/Ships and Stations/Cruiser 3.png
  artifactKey: Guid(c4f8a01fad80ab74f8e250b688d74a55) Importer(2089858483,192608db42251d675da83286b1cce702)
Start importing Assets/ASSets/2D Space Kit/Ships and Stations/Cruiser 3.png using Guid(c4f8a01fad80ab74f8e250b688d74a55) Importer(2089858483,192608db42251d675da83286b1cce702) (ScriptedImporter) -> (artifact id: '58496901b97d9e4081f302ee172a383c') in 0.007130958 seconds
Number of updated asset objects reloaded before import = 0Number of asset objects unloaded after import = 3

========================================================================
Received Import Request.
  Time since last request: 0.000038 seconds.
  path: Assets/ASSets/2D Space Kit/Background Elements/Dust and Nebulae/Materials/EM Cloud 3.mat
  artifactKey: Guid(baac992452c1d664b8e8aeb0d5435b02) Importer(2089858483,192608db42251d675da83286b1cce702)
Start importing Assets/ASSets/2D Space Kit/Background Elements/Dust and Nebulae/Materials/EM Cloud 3.mat using Guid(baac992452c1d664b8e8aeb0d5435b02) Importer(2089858483,192608db42251d675da83286b1cce702) (ScriptedImporter) -> (artifact id: 'e88f8162a54341146185795ed136d35e') in 0.003646042 seconds
Number of updated asset objects reloaded before import = 0Number of asset objects unloaded after import = 2

========================================================================
Received Import Request.
  Time since last request: 0.000032 seconds.
  path: Assets/ASSets/Farland Skies/!Core/Icons/Personal/Tag_16.png
  artifactKey: Guid(89c6d99440be00949958a1fecbfdfd1a) Importer(2089858483,192608db42251d675da83286b1cce702)
Start importing Assets/ASSets/Farland Skies/!Core/Icons/Personal/Tag_16.png using Guid(89c6d99440be00949958a1fecbfdfd1a) Importer(2089858483,192608db42251d675da83286b1cce702) (ScriptedImporter) -> (artifact id: '94b4ed4b0411711befc45fe7307ae44e') in 0.005666417 seconds
Number of updated asset objects reloaded before import = 0Number of asset objects unloaded after import = 1

========================================================================
Received Import Request.
  Time since last request: 0.000036 seconds.
  path: Assets/ASSets/2D Space Kit/Background Elements/Planets/Planet Masks/Mask Right 2.png
  artifactKey: Guid(d3c4741a820942b4781b67434cfeda89) Importer(2089858483,192608db42251d675da83286b1cce702)
Start importing Assets/ASSets/2D Space Kit/Background Elements/Planets/Planet Masks/Mask Right 2.png using Guid(d3c4741a820942b4781b67434cfeda89) Importer(2089858483,192608db42251d675da83286b1cce702) (ScriptedImporter) -> (artifact id: 'aa283f46837fc4a75b9c13b9282e856a') in 0.008961291 seconds
Number of updated asset objects reloaded before import = 0Number of asset objects unloaded after import = 3

========================================================================
Received Import Request.
  Time since last request: 0.000032 seconds.
  path: Assets/ASSets/2D Space Kit/Particles (Sprites)/Exhaust.png
  artifactKey: Guid(6d689a952d5432e479647c8b2da8e46c) Importer(2089858483,192608db42251d675da83286b1cce702)
Start importing Assets/ASSets/2D Space Kit/Particles (Sprites)/Exhaust.png using Guid(6d689a952d5432e479647c8b2da8e46c) Importer(2089858483,192608db42251d675da83286b1cce702) (ScriptedImporter) -> (artifact id: '35987c45b988d799c9648eecf274099a') in 0.00743075 seconds
Number of updated asset objects reloaded before import = 0Number of asset objects unloaded after import = 1

========================================================================
Received Import Request.
  Time since last request: 0.000033 seconds.
  path: Assets/Sci-Fi UI/_SciFi_GUISkin_/Bonus_Assets/bars/background_bar1.png
  artifactKey: Guid(fd496259f55fb1f4f89429cd523c1af9) Importer(2089858483,192608db42251d675da83286b1cce702)
Start importing Assets/Sci-Fi UI/_SciFi_GUISkin_/Bonus_Assets/bars/background_bar1.png using Guid(fd496259f55fb1f4f89429cd523c1af9) Importer(2089858483,192608db42251d675da83286b1cce702) (ScriptedImporter) -> (artifact id: 'c439b70d8a32f965a4291de84ae68e49') in 0.005466 seconds
Number of updated asset objects reloaded before import = 0Number of asset objects unloaded after import = 1

========================================================================
Received Import Request.
  Time since last request: 0.000035 seconds.
  path: Assets/ASSets/2D Space Kit/Backgrounds/8.png
  artifactKey: Guid(6353384fe04923e42ab15bd2b0bf3cb5) Importer(2089858483,192608db42251d675da83286b1cce702)
Start importing Assets/ASSets/2D Space Kit/Backgrounds/8.png using Guid(6353384fe04923e42ab15bd2b0bf3cb5) Importer(2089858483,192608db42251d675da83286b1cce702) (ScriptedImporter) -> (artifact id: '46b9aeafdcec20c1ee3401ad3f8bc37c') in 0.032504334 seconds
Number of updated asset objects reloaded before import = 0Number of asset objects unloaded after import = 3

========================================================================
Received Import Request.
  Time since last request: 0.000034 seconds.
  path: Assets/ASSets/Galaxia Sprite Pack #1/Enemy/idle_orb_red.png
  artifactKey: Guid(4c8a2444f139c1447b5bd181110e264b) Importer(2089858483,192608db42251d675da83286b1cce702)
Start importing Assets/ASSets/Galaxia Sprite Pack #1/Enemy/idle_orb_red.png using Guid(4c8a2444f139c1447b5bd181110e264b) Importer(2089858483,192608db42251d675da83286b1cce702) (ScriptedImporter) -> (artifact id: '0282a85ad664e37dc79ba20335a1631c') in 0.006309875 seconds
Number of updated asset objects reloaded before import = 0Number of asset objects unloaded after import = 3

========================================================================
Received Import Request.
  Time since last request: 0.000034 seconds.
  path: Assets/Sci-Fi UI/_SciFi_GUISkin_/Bonus_Assets/bars/bar_purple1.png
  artifactKey: Guid(17e47abe8c135d64fb588e3425605def) Importer(2089858483,192608db42251d675da83286b1cce702)
Start importing Assets/Sci-Fi UI/_SciFi_GUISkin_/Bonus_Assets/bars/bar_purple1.png using Guid(17e47abe8c135d64fb588e3425605def) Importer(2089858483,192608db42251d675da83286b1cce702) (ScriptedImporter) -> (artifact id: 'a3dcb2f8425cde95be5cd66fbd2dae90') in 0.005345625 seconds
Number of updated asset objects reloaded before import = 0Number of asset objects unloaded after import = 1

========================================================================
Received Import Request.
  Time since last request: 0.000048 seconds.
  path: Assets/ASSets/2D Space Kit/Particles (Sprites)/Materials/Beam.mat
  artifactKey: Guid(8779c962636b1694280e3c19e3d9b000) Importer(2089858483,192608db42251d675da83286b1cce702)
Start importing Assets/ASSets/2D Space Kit/Particles (Sprites)/Materials/Beam.mat using Guid(8779c962636b1694280e3c19e3d9b000) Importer(2089858483,192608db42251d675da83286b1cce702) (ScriptedImporter) -> (artifact id: '39e881ff95757487f28cffc0620a95a6') in 0.002985583 seconds
Number of updated asset objects reloaded before import = 0Number of asset objects unloaded after import = 2

========================================================================
Received Import Request.
  Time since last request: 0.000045 seconds.
  path: Assets/Sci-Fi UI/_SciFi_GUISkin_/Skin_Assets/buttons/rocket.png
  artifactKey: Guid(3b8db7241fc8ff54e9dea6fc64cfd7e5) Importer(2089858483,192608db42251d675da83286b1cce702)
Start importing Assets/Sci-Fi UI/_SciFi_GUISkin_/Skin_Assets/buttons/rocket.png using Guid(3b8db7241fc8ff54e9dea6fc64cfd7e5) Importer(2089858483,192608db42251d675da83286b1cce702) (ScriptedImporter) -> (artifact id: '0fc27887ad4cba11b788910cfd108df5') in 0.007166875 seconds
Number of updated asset objects reloaded before import = 0Number of asset objects unloaded after import = 1

========================================================================
Received Import Request.
  Time since last request: 0.000039 seconds.
  path: Assets/Sci-Fi UI/_SciFi_GUISkin_/Skin_Assets/bars/bar_blue1.png
  artifactKey: Guid(20960a9e1f7b68c4f80d5078f5964057) Importer(2089858483,192608db42251d675da83286b1cce702)
Start importing Assets/Sci-Fi UI/_SciFi_GUISkin_/Skin_Assets/bars/bar_blue1.png using Guid(20960a9e1f7b68c4f80d5078f5964057) Importer(2089858483,192608db42251d675da83286b1cce702) (ScriptedImporter) -> (artifact id: 'a4d0265937d9fc0594e2984125d95d1e') in 0.004989583 seconds
Number of updated asset objects reloaded before import = 0Number of asset objects unloaded after import = 1

========================================================================
Received Import Request.
  Time since last request: 0.000039 seconds.
  path: Assets/ASSets/2D Space Kit/Background Elements/Planets/Planet Masks/Mask Left 2.png
  artifactKey: Guid(bb0d5d7c3f827624796a2589ab3ee0e8) Importer(2089858483,192608db42251d675da83286b1cce702)
Start importing Assets/ASSets/2D Space Kit/Background Elements/Planets/Planet Masks/Mask Left 2.png using Guid(bb0d5d7c3f827624796a2589ab3ee0e8) Importer(2089858483,192608db42251d675da83286b1cce702) (ScriptedImporter) -> (artifact id: '0bde4a4d14427d354e24b658f2bc317f') in 0.008857334 seconds
Number of updated asset objects reloaded before import = 0Number of asset objects unloaded after import = 3

========================================================================
Received Import Request.
  Time since last request: 0.000060 seconds.
  path: Assets/ASSets/2D Space Kit/Ships and Stations/Alien 1.png
  artifactKey: Guid(f7eb00cb3ec9bab45b85d561558c4250) Importer(2089858483,192608db42251d675da83286b1cce702)
Start importing Assets/ASSets/2D Space Kit/Ships and Stations/Alien 1.png using Guid(f7eb00cb3ec9bab45b85d561558c4250) Importer(2089858483,192608db42251d675da83286b1cce702) (ScriptedImporter) -> (artifact id: '3b6472c7024472de03d242faeb2a91b1') in 0.00607475 seconds
Number of updated asset objects reloaded before import = 0Number of asset objects unloaded after import = 3

========================================================================
Received Import Request.
  Time since last request: 0.000045 seconds.
  path: Assets/Sci-Fi UI/_SciFi_GUISkin_/Bonus_Assets
  artifactKey: Guid(d26bf89c00db93d43b42399d90ba77e8) Importer(2089858483,192608db42251d675da83286b1cce702)
Start importing Assets/Sci-Fi UI/_SciFi_GUISkin_/Bonus_Assets using Guid(d26bf89c00db93d43b42399d90ba77e8) Importer(2089858483,192608db42251d675da83286b1cce702) (ScriptedImporter) -> (artifact id: 'bf6b5583e88df09fec481b8795c3f32c') in 0.003341834 seconds
Number of updated asset objects reloaded before import = 0Number of asset objects unloaded after import = 1

========================================================================
Received Import Request.
  Time since last request: 0.000039 seconds.
  path: Assets/Sci-Fi UI/_SciFi_GUISkin_/Skin_Assets/buttons/button_pushed.png
  artifactKey: Guid(03cbfa7fbded80a479f24add4a997757) Importer(2089858483,192608db42251d675da83286b1cce702)
Start importing Assets/Sci-Fi UI/_SciFi_GUISkin_/Skin_Assets/buttons/button_pushed.png using Guid(03cbfa7fbded80a479f24add4a997757) Importer(2089858483,192608db42251d675da83286b1cce702) (ScriptedImporter) -> (artifact id: 'a11ecf7225304621404509a846550138') in 0.006234208 seconds
Number of updated asset objects reloaded before import = 0Number of asset objects unloaded after import = 1

========================================================================
Received Import Request.
  Time since last request: 0.000083 seconds.
  path: Assets/Sci-Fi UI/_SciFi_GUISkin_/Skin_Assets/font
  artifactKey: Guid(12b4ebcbc4e1ee143bb0b1262a025116) Importer(2089858483,192608db42251d675da83286b1cce702)
Start importing Assets/Sci-Fi UI/_SciFi_GUISkin_/Skin_Assets/font using Guid(12b4ebcbc4e1ee143bb0b1262a025116) Importer(2089858483,192608db42251d675da83286b1cce702) (ScriptedImporter) -> (artifact id: 'da8c1319ad933e69094e40d08fb13e4e') in 0.00175775 seconds
Number of updated asset objects reloaded before import = 0Number of asset objects unloaded after import = 1

========================================================================
Received Import Request.
  Time since last request: 0.000038 seconds.
  path: Assets/scripts/Player.cs
  artifactKey: Guid(497c821ed79954623a655b2d7ac9b8a3) Importer(2089858483,192608db42251d675da83286b1cce702)
Start importing Assets/scripts/Player.cs using Guid(497c821ed79954623a655b2d7ac9b8a3) Importer(2089858483,192608db42251d675da83286b1cce702) (ScriptedImporter) -> (artifact id: '5aa8148543e6434d5e03603e7539fad2') in 0.002346667 seconds
Number of updated asset objects reloaded before import = 0Number of asset objects unloaded after import = 0

========================================================================
Received Import Request.
  Time since last request: 0.000033 seconds.
  path: Assets/Sci-Fi UI/Demo_Assets
  artifactKey: Guid(ff7d801fa96308741bce240131b16a0d) Importer(2089858483,192608db42251d675da83286b1cce702)
Start importing Assets/Sci-Fi UI/Demo_Assets using Guid(ff7d801fa96308741bce240131b16a0d) Importer(2089858483,192608db42251d675da83286b1cce702) (ScriptedImporter) -> (artifact id: '8de3ed26f0a4a6c268ebaf030f5120b9') in 0.001541792 seconds
Number of updated asset objects reloaded before import = 0Number of asset objects unloaded after import = 1

========================================================================
Received Import Request.
  Time since last request: 0.000029 seconds.
  path: Assets/ASSets/2D Space Kit/Particles (Sprites)/SmokeTrail2.png
  artifactKey: Guid(9b8087edefa08d845a52b0cdc30bd7ac) Importer(2089858483,192608db42251d675da83286b1cce702)
Start importing Assets/ASSets/2D Space Kit/Particles (Sprites)/SmokeTrail2.png using Guid(9b8087edefa08d845a52b0cdc30bd7ac) Importer(2089858483,192608db42251d675da83286b1cce702) (ScriptedImporter) -> (artifact id: '237b9f78a844417e983d9e60a31d7512') in 0.005438459 seconds
Number of updated asset objects reloaded before import = 0Number of asset objects unloaded after import = 1

========================================================================
Received Import Request.
  Time since last request: 0.000043 seconds.
  path: Assets/ASSets/2D Space Kit/Backgrounds/Red Nebula 2048/background1.jpg
  artifactKey: Guid(921c40fbf1338f9419f3823a92e4a267) Importer(2089858483,192608db42251d675da83286b1cce702)
Start importing Assets/ASSets/2D Space Kit/Backgrounds/Red Nebula 2048/background1.jpg using Guid(921c40fbf1338f9419f3823a92e4a267) Importer(2089858483,192608db42251d675da83286b1cce702) (ScriptedImporter) -> (artifact id: '573c0909bfd89fc3bb0df071d84efa7c') in 0.015490375 seconds
Number of updated asset objects reloaded before import = 0Number of asset objects unloaded after import = 3

========================================================================
Received Import Request.
  Time since last request: 0.000048 seconds.
  path: Assets/ASSets/2D Space Kit/Missiles/Missile (7).png
  artifactKey: Guid(d80cdbc06d812fc4199cdd7c4c11f128) Importer(2089858483,192608db42251d675da83286b1cce702)
Start importing Assets/ASSets/2D Space Kit/Missiles/Missile (7).png using Guid(d80cdbc06d812fc4199cdd7c4c11f128) Importer(2089858483,192608db42251d675da83286b1cce702) (ScriptedImporter) -> (artifact id: 'fcde395558e1736a93f125633d1c7326') in 0.006321 seconds
Number of updated asset objects reloaded before import = 0Number of asset objects unloaded after import = 3

========================================================================
Received Import Request.
  Time since last request: 0.000030 seconds.
  path: Assets/ASSets/2D Space Kit/Background Elements/Dust and Nebulae/DustWisps 2.png
  artifactKey: Guid(b7dbf9af0c523fa4bb3990d6a75c7485) Importer(2089858483,192608db42251d675da83286b1cce702)
Start importing Assets/ASSets/2D Space Kit/Background Elements/Dust and Nebulae/DustWisps 2.png using Guid(b7dbf9af0c523fa4bb3990d6a75c7485) Importer(2089858483,192608db42251d675da83286b1cce702) (ScriptedImporter) -> (artifact id: 'f1486b76c6ccb4c90c37ada0bbe606c3') in 0.0130345 seconds
Number of updated asset objects reloaded before import = 0Number of asset objects unloaded after import = 3

Editor requested this worker to shutdown with reason: Scaling down because of idle timeout
AssetImportWorker is now disconnected from the server
Process exiting
